{
    "__comment": "red: power 8",
    "parent": "block/cube_all",
	"textures": {
		"particle": "blocks/wool_colored_pink",
        "0": "blocks/wool_colored_pink"
    },
	"display": {
        "head": {
            "scale": [ 4, 4, 4 ],
			"translation": [ 0, -11.19, 0]
        }
	},
    "elements": [
        {
            "name": "Cube",
            "from": [ 0.5, 0.0, 4.0 ], 
            "to": [ 15.5, 4.0, 12.0 ], 
            "faces": {
                "east": { "texture": "#0", "uv": [ 0.0, 0.0, 16.0, 16.0 ] },
                "west": { "texture": "#0", "uv": [ 0.0, 0.0, 16.0, 16.0 ] },
                "up": { "texture": "#0", "uv": [ 1.0, 1.0, 15.0, 15.0 ] },
                "down": { "texture": "#0", "uv": [ 1.0, 1.0, 15.0, 15.0 ] }
            }
        },
        {
            "name": "Cube",
            "from": [ 0.5, 0.0, 4.000000007450581 ], 
            "to": [ 8.615, 3.999, 11.00000000745058 ], 
            "rotation": { "origin": [ 0.5000000074505806, 8.0, 4.000000014901161 ], "axis": "y", "angle": 22.5 },
            "faces": {
                "north": { "texture": "#0", "uv": [ 0.0, 0.0, 16.0, 16.0 ] },
                "up": { "texture": "#0", "uv": [ 1.0, 1.0, 15.0, 15.0 ] },
                "down": { "texture": "#0", "uv": [ 1.0, 1.0, 15.0, 15.0 ] }
            }
        },
        {
            "name": "Cube",
            "from": [ 0.5000000074505806, 0.0, 4.999999992549419 ], 
            "to": [ 8.62000000745058, 3.998, 11.99999999254942 ], 
            "rotation": { "origin": [ 0.5000000074505806, 8.0, 12.0 ], "axis": "y", "angle": -22.5 },
            "faces": {
                "south": { "texture": "#0", "uv": [ 0.0, 0.0, 16.0, 16.0 ] },
                "up": { "texture": "#0", "uv": [ 1.0, 1.0, 15.0, 15.0 ] },
                "down": { "texture": "#0", "uv": [ 1.0, 1.0, 15.0, 15.0 ] }
            }
        },
        {
            "name": "Cube",
            "from": [ 8.0, 0.0, 8.12 ], 
            "to": [ 16.119999999999997, 3.997, 15.12 ], 
            "rotation": { "origin": [ 8.0, 8.0, 15.12 ], "axis": "y", "angle": 22.5 },
            "faces": {
                "south": { "texture": "#0", "uv": [ 0.0, 0.0, 16.0, 16.0 ] },
                "up": { "texture": "#0", "uv": [ 1.0, 1.0, 15.0, 15.0 ] },
                "down": { "texture": "#0", "uv": [ 1.0, 1.0, 15.0, 15.0 ] }
            }
        },
        {
            "name": "Cube",
            "from": [ 8.0, 0.0, 0.95 ], 
            "to": [ 16.119999999999997, 3.997, 7.95 ], 
            "rotation": { "origin": [ 8.14, 8.0, 0.92 ], "axis": "y", "angle": -22.5 },
            "faces": {
                "north": { "texture": "#0", "uv": [ 0.0, 0.0, 16.0, 16.0 ] },
                "up": { "texture": "#0", "uv": [ 1.0, 1.0, 15.0, 15.0 ] },
                "down": { "texture": "#0", "uv": [ 1.0, 1.0, 15.0, 15.0 ] }
            }
        }
    ]
}