{
    "textures": {
        "particle": "blocks/wool_colored_orange",
        "wool": "blocks/wool_colored_orange"
    },
	"elements": [
        {   "from": [ 0, 0, 0 ],
            "to": [ 0, 0, 0 ],
            "faces": {
                "down":  { "texture": "#wool", "cullface": "down" },
                "up":    { "texture": "#wool", "cullface": "up" },
                "north": { "texture": "#wool", "cullface": "north" },
                "south": { "texture": "#wool", "cullface": "south" },
                "west":  { "texture": "#wool", "cullface": "west" },
                "east":  { "texture": "#wool", "cullface": "east" }
            }
        }
    ]
}
