{
	"parent": "block/block",
    "textures": {
        "particle": "blocks/black_gray",
        "0": "blocks/black_gray"
		},
    "elements": [
        {
            "name": "Black",
            "from": [ 0.0, 0.0, 0.0 ], 
            "to": [ 16.0, 16.0, 16.0 ], 
            "faces": {
                "north": { "texture": "#0", "uv": [ 1.0, 1.0, 2.0, 2.0 ] },
                "east": { "texture": "#0", "uv": [ 1.0, 1.0, 2.0, 2.0 ] },
                "south": { "texture": "#0", "uv": [ 1.0, 1.0, 2.0, 2.0 ] },
                "west": { "texture": "#0", "uv": [ 1.0, 1.0, 2.0, 2.0 ] },
                "up": { "texture": "#0", "uv": [ 1.0, 1.0, 2.0, 2.0 ] },
                "down": { "texture": "#0", "uv": [ 1.0, 1.0, 2.0, 2.0 ] }
            }
        },
        {
            "name": "Gray",
            "from": [ 0.0, 16.0, 3.32 ], 
            "to": [ 1.0, 16.1, 12.680000002980233 ], 
            "faces": {
                "north": { "texture": "#0", "uv": [ 9.0, 1.0, 10.0, 2.0 ] },
                "east": { "texture": "#0", "uv": [ 9.0, 1.0, 10.0, 2.0 ] },
                "south": { "texture": "#0", "uv": [ 9.0, 1.0, 10.0, 2.0 ] },
                "west": { "texture": "#0", "uv": [ 9.0, 1.0, 10.0, 2.0 ] },
                "up": { "texture": "#0", "uv": [ 9.0, 1.0, 10.0, 2.0 ] },
                "down": { "texture": "#0", "uv": [ 9.0, 1.0, 10.0, 2.0 ] }
            }
        },
        {
            "name": "Gray",
            "from": [ 0.0, 16.0, 3.299999989569187 ], 
            "to": [ 8.65, 16.1, 4.299999989569187 ], 
            "rotation": { "origin": [ 0.0, 16.0, 3.299999989569187 ], "axis": "y", "angle": 22.5 },
            "faces": {
                "north": { "texture": "#0", "uv": [ 9.0, 1.0, 10.0, 2.0 ] },
                "east": { "texture": "#0", "uv": [ 9.0, 1.0, 10.0, 2.0 ] },
                "south": { "texture": "#0", "uv": [ 9.0, 1.0, 10.0, 2.0 ] },
                "west": { "texture": "#0", "uv": [ 9.0, 1.0, 10.0, 2.0 ] },
                "up": { "texture": "#0", "uv": [ 9.0, 1.0, 10.0, 2.0 ] },
                "down": { "texture": "#0", "uv": [ 9.0, 1.0, 10.0, 2.0 ] }
            }
        },
        {
            "name": "Gray",
            "from": [ 8.0, 16.0, 0.0 ], 
            "to": [ 16.65, 16.1, 1.0 ], 
            "rotation": { "origin": [ 8.0, 23.0, 0.0 ], "axis": "y", "angle": -22.5 },
            "faces": {
                "north": { "texture": "#0", "uv": [ 9.0, 1.0, 10.0, 2.0 ] },
                "east": { "texture": "#0", "uv": [ 9.0, 1.0, 10.0, 2.0 ] },
                "south": { "texture": "#0", "uv": [ 9.0, 1.0, 10.0, 2.0 ] },
                "west": { "texture": "#0", "uv": [ 9.0, 1.0, 10.0, 2.0 ] },
                "up": { "texture": "#0", "uv": [ 9.0, 1.0, 10.0, 2.0 ] },
                "down": { "texture": "#0", "uv": [ 9.0, 1.0, 10.0, 2.0 ] }
            }
        },
        {
            "name": "Gray",
            "from": [ 15.0, 16.0, 3.32 ], 
            "to": [ 16.0, 16.1, 12.680000002980233 ], 
            "faces": {
                    "north": { "texture": "#0", "uv": [ 9.0, 1.0, 10.0, 2.0 ] },
                "east": { "texture": "#0", "uv": [ 9.0, 1.0, 10.0, 2.0 ] },
                "south": { "texture": "#0", "uv": [ 9.0, 1.0, 10.0, 2.0 ] },
                "west": { "texture": "#0", "uv": [ 9.0, 1.0, 10.0, 2.0 ] },
                "up": { "texture": "#0", "uv": [ 9.0, 1.0, 10.0, 2.0 ] },
                "down": { "texture": "#0", "uv": [ 9.0, 1.0, 10.0, 2.0 ] }
            }
        },
        {
            "name": "Gray",
            "from": [ 8.0, 16.0, 15.0 ], 
            "to": [ 16.65, 16.1, 16.0 ], 
            "rotation": { "origin": [ 8.0, 23.0, 16.0 ], "axis": "y", "angle": 22.5 },
            "faces": {
                "north": { "texture": "#0", "uv": [ 9.0, 1.0, 10.0, 2.0 ] },
                "east": { "texture": "#0", "uv": [ 9.0, 1.0, 10.0, 2.0 ] },
                "south": { "texture": "#0", "uv": [ 9.0, 1.0, 10.0, 2.0 ] },
                "west": { "texture": "#0", "uv": [ 9.0, 1.0, 10.0, 2.0 ] },
                "up": { "texture": "#0", "uv": [ 9.0, 1.0, 10.0, 2.0 ] },
                "down": { "texture": "#0", "uv": [ 9.0, 1.0, 10.0, 2.0 ] }
            }
        },
        {
            "name": "Gray",
            "from": [ 0.0, 16.0, 11.67 ], 
            "to": [ 8.65, 16.1, 12.67 ], 
            "rotation": { "origin": [ 0.0, 16.0, 12.67 ], "axis": "y", "angle": -22.5 },
            "faces": {
                "north": { "texture": "#0", "uv": [ 9.0, 1.0, 10.0, 2.0 ] },
                "east": { "texture": "#0", "uv": [ 9.0, 1.0, 10.0, 2.0 ] },
                "south": { "texture": "#0", "uv": [ 9.0, 1.0, 10.0, 2.0 ] },
                "west": { "texture": "#0", "uv": [ 9.0, 1.0, 10.0, 2.0 ] },
                "up": { "texture": "#0", "uv": [ 9.0, 1.0, 10.0, 2.0 ] },
                "down": { "texture": "#0", "uv": [ 9.0, 1.0, 10.0, 2.0 ] }
            }
        }
    ]
}