{
    "__comment": "Model generated using MrCrayfish's Model Creator (http://mrcrayfish.com/modelcreator/)",
	"parent": "block/block",
    "textures": {
		"particle": "blocks/black_gray",
        "0": "blocks/black_gray",
        "1": "blocks/coal_block"
    },
    "elements": [
        {
            "name": "Cube",
            "from": [ 0.0, 0.0, 0.0 ], 
            "to": [ 16.0, 16.0, 16.0 ], 
            "faces": {
                "north": { "texture": "#0", "uv": [ 1.0, 1.0, 2.0, 2.0 ] },
                "east": { "texture": "#0", "uv": [ 1.0, 1.0, 2.0, 2.0 ] },
                "south": { "texture": "#0", "uv": [ 1.0, 1.0, 2.0, 2.0 ] },
                "west": { "texture": "#0", "uv": [ 1.0, 1.0, 2.0, 2.0 ] },
                "up": { "texture": "#1", "uv": [ 0.0, 0.0, 16.0, 16.0 ] },
                "down": { "texture": "#0", "uv": [ 1.0, 1.0, 2.0, 2.0 ] }
            }
        },
        {
            "name": "Cube",
            "from": [ 7.500000007450581, 16.0, -0.4999999925494194 ], 
            "to": [ 8.50000000745058, 16.099, 16.50000000745058 ], 
            "faces": {
                "north": { "texture": "#0", "uv": [ 9.0, 1.0, 10.0, 2.0 ] },
                "east": { "texture": "#0", "uv": [ 9.0, 1.0, 10.0, 2.0 ] },
                "south": { "texture": "#0", "uv": [ 9.0, 1.0, 10.0, 2.0 ] },
                "west": { "texture": "#0", "uv": [ 9.0, 1.0, 10.0, 2.0 ] },
                "up": { "texture": "#0", "uv": [ 9.0, 1.0, 10.0, 2.0 ] },
                "down": { "texture": "#0", "uv": [ 9.0, 1.0, 10.0, 2.0 ] }
            }
        }
    ]
}