{
    "__comment": "blue: power 1",
    "parent": "block/cube_all",
	"textures": {
		"particle": "blocks/wool_colored_blue",
        "0": "blocks/wool_colored_blue"
    },
    "elements": [
        {
            "name": "Cube",
            "from": [ 0.5, 0.0, 4.0 ], 
            "to": [ 15.5, 2.0, 12.0 ], 
            "faces": {
                "north": { "texture": "#0", "uv": [ 0.0, 0.0, 15.0, 8.0 ] },
                "east": { "texture": "#0", "uv": [ 4.0, 0.0, 12.0, 8.0 ] },
                "south": { "texture": "#0", "uv": [ 0.0, 0.0, 15.0, 8.0 ] },
                "west": { "texture": "#0", "uv": [ 4.0, 0.0, 12.0, 8.0 ] },
                "up": { "texture": "#0", "uv": [ 0.0, 0.0, 15.0, 8.0 ] },
                "down": { "texture": "#0", "uv": [ 0.0, 0.0, 15.0, 8.0 ] }
            }
        },
        {
            "name": "Cube",
            "from": [ 0.5, 0.0, 4.000000007450581 ], 
            "to": [ 8.615, 1.999, 11.00000000745058 ], 
            "rotation": { "origin": [ 0.5000000074505806, 8.0, 4.000000014901161 ], "axis": "y", "angle": 22.5 },
            "faces": {
                "north": { "texture": "#0", "uv": [ 0.0, 0.0, 8.0, 7.999 ] },
                "east": { "texture": "#0", "uv": [ 4.0, 0.0, 11.0, 7.999 ] },
                "south": { "texture": "#0", "uv": [ 0.0, 0.0, 8.015, 7.999 ] },
                "west": { "texture": "#0", "uv": [ 4.0, 0.0, 11.0, 7.999 ] },
                "up": { "texture": "#0", "uv": [ 0.0, 0.0, 8.015, 7.0 ] },
                "down": { "texture": "#0", "uv": [ 0.0, 0.0, 8.015, 7.0 ] }
            }
        },
        {
            "name": "Cube",
            "from": [ 0.5000000074505806, 0.0, 4.999999992549419 ], 
            "to": [ 8.62000000745058, 1.998, 11.99999999254942 ], 
            "rotation": { "origin": [ 0.5000000074505806, 8.0, 12.0 ], "axis": "y", "angle": -22.5 },
            "faces": {
                "north": { "texture": "#0", "uv": [ 0.0, 0.0, 8.02, 7.99 ] },
                "east": { "texture": "#0", "uv": [ 4.0, 0.0, 11.0, 7.99 ] },
                "south": { "texture": "#0", "uv": [ 0.0, 0.0, 8.02, 7.99 ] },
                "west": { "texture": "#0", "uv": [ 4.0, 0.0, 11.0, 7.990000000000004 ] },
                "up": { "texture": "#0", "uv": [ 0.0, 0.0, 7.999999988079072, 7.0 ] },
                "down": { "texture": "#0", "uv": [ 0.0, 0.0, 7.999999988079072, 7.0 ] }
            }
        },
        {
            "name": "Cube",
            "from": [ 8.0, 0.0, 8.12 ], 
            "to": [ 16.119999999999997, 1.997, 15.12 ], 
            "rotation": { "origin": [ 8.0, 8.0, 15.12 ], "axis": "y", "angle": 22.5 },
            "faces": {
                "north": { "texture": "#0", "uv": [ 0.0, 0.0, 7.999999986588955, 7.98 ] },
                "east": { "texture": "#0", "uv": [ 4.0, 0.0, 11.0, 7.98 ] },
                "south": { "texture": "#0", "uv": [ 0.0, 0.0, 7.999999986588955, 7.98 ] },
                "west": { "texture": "#0", "uv": [ 4.0, 0.0, 11.0, 7.98 ] },
                "up": { "texture": "#0", "uv": [ 0.0, 0.0, 7.999999986588955, 7.0 ] },
                "down": { "texture": "#0", "uv": [ 0.0, 0.0, 7.999999986588955, 7.0 ] }
            }
        },
        {
            "name": "Cube",
            "from": [ 8.0, 0.0, 0.95 ], 
            "to": [ 16.119999999999997, 1.997, 7.95 ], 
            "rotation": { "origin": [ 8.14, 8.0, 0.92 ], "axis": "y", "angle": -22.5 },
            "faces": {
                "north": { "texture": "#0", "uv": [ 0.0, 0.0, 8.02, 7.98 ] },
                "east": { "texture": "#0", "uv": [ 4.0, 0.0, 11.0, 7.98 ] },
                "south": { "texture": "#0", "uv": [ 0.0, 0.0, 8.02, 7.98 ] },
                "west": { "texture": "#0", "uv": [ 4.0, 0.0, 11.0, 7.98 ] },
                "up": { "texture": "#0", "uv": [ 0.0, 0.0, 8.02, 7.0 ] },
                "down": { "texture": "#0", "uv": [ 0.0, 0.0, 8.02, 7.0 ] }
            }
        }
    ]
}