{
    "__comment": "Model generated using MrCrayfish's Model Creator (http://mrcrayfish.com/modelcreator/)",
	"ambientocclusion": "false",
    "textures": {
		"particle": "blocks/hardened_clay_stained_black",
        "0": "blocks/hardened_clay_stained_black"
    },
    "elements": [
        {
            "name": "Cube",
            "from": [ 0.0, 0.0, 0.0 ], 
            "to": [ 2.0, 16.0, 16.0 ], 
            "faces": {
                "south": { "texture": "#0", "uv": [ 0.0, 0.0, 2.0, 16.0 ] },
                "east": { "texture": "#0", "uv": [ 0.0, 0.0, 1.0, 16.0 ] },
                "up": { "texture": "#0", "uv": [ 0.0, 0.0, 2.0, 16.0 ] },
                "down": { "texture": "#0", "uv": [ 14.0, 15.0, 16.0, 16.0 ] }
            }
        },
        {
            "name": "Cube",
            "from": [ 2.0, 0.0, 0.0 ], 
            "to": [ 4.0, 16.0, 15.0 ], 
            "faces": {
                "south": { "texture": "#0", "uv": [ 2.0, 0.0, 4.0, 16.0 ] },
                "east": { "texture": "#0", "uv": [ 0.0, 0.0, 2.0, 16.0 ] },
                "up": { "texture": "#0", "uv": [ 2.0, 0.0, 4.0, 15.0 ] },
                "down": { "texture": "#0", "uv": [ 12.0, 14.0, 14.0, 16.0 ] }
            }
        },
        {
            "name": "Cube",
            "from": [ 4.0, 0.0, 0.0 ], 
            "to": [ 6.0, 16.0, 14.0 ], 
            "faces": {
                "south": { "texture": "#0", "uv": [ 4.0, 0.0, 6.0, 16.0 ] },
                "east": { "texture": "#0", "uv": [ 1.0, 0.0, 4.0, 16.0 ] },
                "up": { "texture": "#0", "uv": [ 4.0, 0.0, 6.0, 14.0 ] },
                "down": { "texture": "#0", "uv": [ 10.0, 13.0, 12.0, 16.0 ] }
            }
        },
        {
            "name": "Cube",
            "from": [ 6.0, 0.0, 0.0 ], 
            "to": [ 8.0, 16.0, 13.0 ], 
            "faces": {
                "south": { "texture": "#0", "uv": [ 6.0, 0.0, 8.0, 16.0 ] },
                "up": { "texture": "#0", "uv": [ 6.0, 0.0, 8.0, 13.0 ] },
                "down": { "texture": "#0", "uv": [ 8.0, 12.0, 10.0, 16.0 ] }
            }
        },
        {
            "name": "Cube",
            "from": [ 8.0, 0.0, 0.0 ], 
            "to": [ 10.0, 16.0, 13.0 ], 
            "faces": {
                "south": { "texture": "#0", "uv": [ 8.0, 0.0, 10.0, 16.0 ] },
                "up": { "texture": "#0", "uv": [ 8.0, 0.0, 10.0, 13.0 ] },
                "down": { "texture": "#0", "uv": [ 6.0, 11.0, 8.0, 16.0 ] }
            }
        },
        {
            "name": "Cube",
            "from": [ 10.0, 0.0, 0.0 ], 
            "to": [ 12.0, 16.0, 14.0 ], 
            "faces": {
                "south": { "texture": "#0", "uv": [ 10.0, 0.0, 12.0, 16.0 ] },
                "west": { "texture": "#0", "uv": [ 4.0, 0.0, 10.0, 16.0 ] },
                "up": { "texture": "#0", "uv": [ 10.0, 0.0, 12.0, 14.0 ] },
                "down": { "texture": "#0", "uv": [ 4.0, 10.0, 6.0, 16.0 ] }
            }
        },
        {
            "name": "Cube",
            "from": [ 12.0, 0.0, 0.0 ], 
            "to": [ 14.0, 16.0, 15.0 ], 
            "faces": {
                "south": { "texture": "#0", "uv": [ 12.0, 0.0, 14.0, 16.0 ] },
                "west": { "texture": "#0", "uv": [ 5.0, 0.0, 12.0, 16.0 ] },
                "up": { "texture": "#0", "uv": [ 12.0, 0.0, 14.0, 15.0 ] },
                "down": { "texture": "#0", "uv": [ 2.0, 9.0, 4.0, 16.0 ] }
            }
        },
        {
            "name": "Cube",
            "from": [ 14.0, 0.0, 0.0 ], 
            "to": [ 16.0, 16.0, 16.0 ], 
            "faces": {
                "south": { "texture": "#0", "uv": [ 14.0, 0.0, 16.0, 16.0 ] },
                "west": { "texture": "#0", "uv": [ 6.0, 0.0, 14.0, 16.0 ] },
                "up": { "texture": "#0", "uv": [ 14.0, 0.0, 16.0, 16.0 ] },
                "down": { "texture": "#0", "uv": [ 0.0, 8.0, 2.0, 16.0 ] }
            }
        }
    ]
}