{
    "__comment": "Model generated using MrCrayfish's Model Creator (http://mrcrayfish.com/modelcreator/)",
	"parent": "block/block",
    "textures": {
        "particle": "blocks/black_gray",
        "0": "blocks/black_gray"
    },
    "elements": [
        {
            "name": "Black",
            "from": [ 0.0, 0.0, 0.0 ], 
            "to": [ 16.0, 16.0, 16.0 ], 
            "faces": {
                "north": { "texture": "#0", "uv": [ 1.0, 1.0, 2.0, 2.0 ] },
                "east": { "texture": "#0", "uv": [ 1.0, 1.0, 2.0, 2.0 ] },
                "south": { "texture": "#0", "uv": [ 1.0, 1.0, 2.0, 2.0 ] },
                "west": { "texture": "#0", "uv": [ 1.0, 1.0, 2.0, 2.0 ] },
                "up": { "texture": "#0", "uv": [ 1.0, 1.0, 2.0, 2.0 ] },
                "down": { "texture": "#0", "uv": [ 1.0, 1.0, 2.0, 2.0 ] }
            }
        },
        {
            "name": "Gray",
            "from": [ 7.6, 16.0, 15.5 ], 
            "to": [ 17.05000000447035, 16.099, 16.5 ], 
            "rotation": { "origin": [ 8.0, 23.0, 16.0 ], "axis": "y", "angle": 22.5 },
            "faces": {
                "north": { "texture": "#0", "uv": [ 9.0, 1.0, 10.0, 2.0 ] },
                "east": { "texture": "#0", "uv": [ 9.0, 1.0, 10.0, 2.0 ] },
                "south": { "texture": "#0", "uv": [ 9.0, 1.0, 10.0, 2.0 ] },
                "west": { "texture": "#0", "uv": [ 9.0, 1.0, 10.0, 2.0 ] },
                "up": { "texture": "#0", "uv": [ 9.0, 1.0, 10.0, 2.0 ] },
                "down": { "texture": "#0", "uv": [ 9.0, 1.0, 10.0, 2.0 ] }
            }
        }
    ]
}