{"textures":{"texture":"custom/cable","brown":"custom/dark_iron"},"elements":[{"from":[7,15,10],"to":[9,16,14],"faces":{"down":{"uv":[9,14,7,10],"texture":"#texture"},"up":{"uv":[7,10,9,14],"texture":"#texture"},"north":{"uv":[7,0,9,1],"texture":"#texture"},"south":{"uv":[7,0,9,1],"texture":"#texture"},"west":{"uv":[10,0,14,1],"texture":"#texture"},"east":{"uv":[2,0,6,1],"texture":"#texture"}}},{"from":[7.5,15.25,8],"to":[8.5,15.75,10],"faces":{"down":{"uv":[8.5,10,7.5,8],"texture":"#brown"},"up":{"uv":[7.5,8,8.5,10],"texture":"#brown"},"north":{"uv":[7.5,0.25,8.5,0.75],"texture":"#brown"},"south":{"uv":[7.5,0.25,8.5,0.75],"texture":"#brown"},"west":{"uv":[8,0.25,10,0.75],"texture":"#brown"},"east":{"uv":[6,0.25,8,0.75],"texture":"#brown"}}}],"display":{"thirdperson_righthand":{"rotation":[113,0,0],"translation":[0,7.37,-3.21],"scale":[1,1,1]},"thirdperson_lefthand":{"rotation":[113,0,0],"translation":[0,7.37,-3.21],"scale":[1,1,1]},"ground":{"rotation":[0,0,0],"translation":[0,-10,0],"scale":[1,1,1]},"fixed":{"rotation":[0,0,0],"translation":[0,-6.8,1.51],"scale":[1,1,1]},"firstperson_righthand":{"rotation":[24,-7,0],"translation":[-3.78,0,0],"scale":[1,1,1]},"firstperson_lefthand":{"rotation":[24,-7,0],"translation":[3.78,0,0],"scale":[1,1,1]},"gui":{"rotation":[-6,132,-54],"translation":[3.97,-6.8,0],"scale":[2,2,2]}}}