{
	"credit": "Made with Blockbench, a free, modern block model editor by JannisX11",
	"textures": {
		"0": "skin/a2",
		"1": "skin/realmscape",
		"particle": "skin/a2"
	},
	"elements": [
		{
			"name": "alex_right_leg",
			"from": [4.01, -0.5, 6],
			"to": [8.01, 11.5, 10],
			"faces": {
				"north": {
					"uv": [3.005, 5.005, 3.995, 7.995],
					"texture": "#0"
				},
				"east": {
					"uv": [2.005, 5.005, 2.995, 7.995],
					"texture": "#0"
				},
				"south": {
					"uv": [1.005, 5.005, 1.9949999999999999, 7.995],
					"texture": "#0"
				},
				"west": {
					"uv": [0.005, 5.005, 0.995, 7.995],
					"texture": "#0"
				},
				"up": {
					"uv": [1.005, 4.005, 1.9949999999999999, 4.995],
					"texture": "#0"
				},
				"down": {
					"uv": [2.005, 4.005, 2.995, 4.25],
					"texture": "#0",
					"rotation": 180
				}
			}
		},
		{
			"name": "alex_left_leg",
			"from": [8.01, -0.5, 6],
			"to": [12.01, 11.5, 10],
			"faces": {
				"north": {
					"uv": [
						8.005,
						13.005,
						7.015000000000001,
						15.995000000000001
					],
					"texture": "#0"
				},
				"east": {
					"uv": [6.005, 13.005, 6.995, 15.995000000000001],
					"texture": "#0"
				},
				"south": {
					"uv": [5.005, 13.005, 5.99, 15.99],
					"texture": "#0"
				},
				"west": {
					"uv": [4.005, 13.005, 4.995, 15.995000000000001],
					"texture": "#0"
				},
				"up": {
					"uv": [5.005, 12.005, 5.995, 12.995000000000001],
					"texture": "#0"
				},
				"down": {
					"uv": [6.005, 12.005, 6.995, 12.995000000000001],
					"texture": "#0",
					"rotation": 180
				}
			}
		},
		{
			"name": "alex_body",
			"from": [4, 11.5, 6],
			"to": [12, 23.5, 10],
			"faces": {
				"north": {
					"uv": [8.005, 5.005, 9.995000000000001, 7.995],
					"texture": "#0"
				},
				"east": {
					"uv": [7.005, 5.005, 7.994999999999999, 7.995],
					"texture": "#0"
				},
				"south": {
					"uv": [5.005, 5.005, 6.995, 7.995],
					"texture": "#0"
				},
				"west": {
					"uv": [4.005, 5.005, 4.995, 7.995],
					"texture": "#0"
				},
				"up": {
					"uv": [5.005, 4.005, 6.995, 4.995],
					"texture": "#0"
				},
				"down": {
					"uv": [7.005, 4.005, 8.995, 4.995],
					"texture": "#0"
				}
			}
		},
		{
			"name": "alex_head",
			"from": [4, 23.5, 4],
			"to": [12, 31.5, 12],
			"faces": {
				"north": {
					"uv": [6.005, 2.005, 6.995, 3.995],
					"texture": "#0"
				},
				"east": {
					"uv": [4.005, 2.005, 5.995, 3.995],
					"texture": "#0"
				},
				"south": {
					"uv": [2.005, 2.005, 3.995, 3.995],
					"texture": "#0"
				},
				"west": {
					"uv": [0.005, 2.005, 1.9949999999999999, 3.995],
					"texture": "#0"
				},
				"up": {
					"uv": [2.005, 0.005, 3.995, 1.9949999999999999],
					"texture": "#0"
				},
				"down": {
					"uv": [4.005, 0.005, 5.995, 1.9949999999999999],
					"texture": "#0",
					"rotation": 180
				}
			}
		},
		{
			"name": "alex_right_arm",
			"from": [1, 11.5, 6],
			"to": [4, 23.5, 10],
			"faces": {
				"north": {
					"uv": [12.755, 5.005, 13.495000000000001, 7.995],
					"texture": "#0"
				},
				"east": {
					"uv": [12.005, 5.005, 12.995000000000001, 7.995],
					"texture": "#0"
				},
				"south": {
					"uv": [11.005, 5.005, 11.745000000000001, 7.995],
					"texture": "#0"
				},
				"west": {
					"uv": [10.005, 5.005, 10.995000000000001, 7.995],
					"texture": "#0"
				},
				"up": {
					"uv": [11.005, 4.005, 11.995000000000001, 4.995],
					"texture": "#0"
				},
				"down": {
					"uv": [11.755, 4.005, 12.495000000000001, 4.995],
					"texture": "#0"
				}
			}
		},
		{
			"name": "alex_left_arm",
			"from": [12, 11.5, 6],
			"to": [15, 23.5, 10],
			"faces": {
				"north": {
					"uv": [
						10.755,
						13.005,
						11.495000000000001,
						15.995000000000001
					],
					"texture": "#0"
				},
				"east": {
					"uv": [
						9.755,
						13.005,
						10.745000000000001,
						15.995000000000001
					],
					"texture": "#0"
				},
				"south": {
					"uv": [
						9.005,
						13.005,
						9.745000000000001,
						15.995000000000001
					],
					"texture": "#0"
				},
				"west": {
					"uv": [
						10.005,
						13.005,
						10.995000000000001,
						15.995000000000001
					],
					"texture": "#0"
				},
				"up": {
					"uv": [
						9.005,
						12.005,
						9.995000000000001,
						12.995000000000001
					],
					"texture": "#0"
				},
				"down": {
					"uv": [
						9.755,
						12.005,
						10.495000000000001,
						12.995000000000001
					],
					"texture": "#0"
				}
			}
		},
		{
			"name": "alex_head_2nd_layer",
			"from": [3.5, 23, 3.5],
			"to": [12.5, 32, 12.5],
			"faces": {
				"north": {
					"uv": [14.005, 2.005, 15.995000000000001, 3.995],
					"texture": "#0"
				},
				"east": {
					"uv": [12.005, 2.005, 13.995000000000001, 3.995],
					"texture": "#0"
				},
				"south": {
					"uv": [10.005, 2.005, 11.995000000000001, 3.995],
					"texture": "#0"
				},
				"west": {
					"uv": [8.005, 2.005, 9.995000000000001, 3.995],
					"texture": "#0"
				},
				"up": {
					"uv": [
						10.005,
						0.005,
						11.995000000000001,
						1.9949999999999999
					],
					"texture": "#0"
				},
				"down": {
					"uv": [
						12.005,
						0.005,
						13.995000000000001,
						1.9949999999999999
					],
					"texture": "#0",
					"rotation": 180
				}
			}
		},
		{
			"name": "alex_body_2nd_layer",
			"from": [4, 11.02, 5.51],
			"to": [12, 24.03, 10.51],
			"faces": {
				"north": {
					"uv": [
						8.005,
						9.005,
						9.995000000000001,
						11.995000000000001
					],
					"texture": "#0"
				},
				"east": {
					"uv": [7.005, 9.005, 7.995, 11.995000000000001],
					"texture": "#0"
				},
				"south": {
					"uv": [5.005, 9.005, 6.995, 11.995000000000001],
					"texture": "#0"
				},
				"west": {
					"uv": [4.005, 9.005, 4.995, 11.995000000000001],
					"texture": "#0"
				},
				"up": {
					"uv": [5.005, 8.005, 6.995, 8.995000000000001],
					"texture": "#0"
				},
				"down": {
					"uv": [7.005, 8.005, 8.995, 8.995000000000001],
					"texture": "#0"
				}
			}
		},
		{
			"name": "alex_right_arm_2nd_layer",
			"from": [0.5, 11, 5.499999992549419],
			"to": [4.5, 24, 10.49999999254942],
			"faces": {
				"north": {
					"uv": [
						12.755,
						9.005,
						13.495000000000001,
						11.995000000000001
					],
					"texture": "#0"
				},
				"east": {
					"uv": [11.75, 9, 12.74, 11.995000000000001],
					"texture": "#0"
				},
				"south": {
					"uv": [11, 9, 11.74, 11.995000000000001],
					"texture": "#0"
				},
				"west": {
					"uv": [10, 9, 10.99, 11.995000000000001],
					"texture": "#0"
				},
				"up": {
					"uv": [
						11.005,
						8.005,
						11.995000000000001,
						8.995000000000001
					],
					"texture": "#0"
				},
				"down": {
					"uv": [
						12.005,
						8.005,
						12.995000000000001,
						8.995000000000001
					],
					"texture": "#0",
					"rotation": 180
				}
			}
		},
		{
			"name": "alex_left_arm_2nd_layer",
			"from": [
				11.49999999254942,
				10.99999999254942,
				5.499999992549419
			],
			"to": [
				15.49999999254942,
				23.99999999254942,
				10.49999999254942
			],
			"faces": {
				"north": {
					"uv": [
						14.755,
						13.005,
						15.495000000000001,
						15.995000000000001
					],
					"texture": "#0"
				},
				"east": {
					"uv": [
						13.755,
						13.005,
						14.745000000000001,
						15.995000000000001
					],
					"texture": "#0"
				},
				"south": {
					"uv": [13.055, 13.005, 13.805, 15.995000000000001],
					"texture": "#0"
				},
				"west": {
					"uv": [12, 13, 12.99, 15.99],
					"texture": "#0"
				},
				"up": {
					"uv": [
						13.005,
						12.005,
						13.995000000000001,
						12.995000000000001
					],
					"texture": "#0"
				},
				"down": {
					"uv": [
						14.005,
						12.005,
						14.995000000000001,
						12.995000000000001
					],
					"texture": "#0"
				}
			}
		},
		{
			"name": "alex_right_leg_2nd_layer",
			"from": [
				3.4999999925494194,
				-1.0000000074505806,
				5.499999992549419
			],
			"to": [
				8.49999999254942,
				11.99999999254942,
				10.49999999254942
			],
			"faces": {
				"north": {
					"uv": [3.005, 9.005, 3.995, 11.995000000000001],
					"texture": "#0"
				},
				"east": {
					"uv": [2.005, 9.005, 2.995, 11.995000000000001],
					"texture": "#0"
				},
				"south": {
					"uv": [
						1.005,
						9.005,
						1.9949999999999999,
						11.995000000000001
					],
					"texture": "#0"
				},
				"west": {
					"uv": [0.005, 9.005, 0.995, 11.995000000000001],
					"texture": "#0"
				},
				"up": {
					"uv": [1.005, 13.005, 1.9949999999999999, 12.015],
					"texture": "#0"
				},
				"down": {
					"uv": [2.005, 9.005, 2.995, 8.015],
					"texture": "#0"
				}
			}
		},
		{
			"name": "alex_left_leg_2nd_layer",
			"from": [
				7.499999992549419,
				-1.0000000074505806,
				5.499999992549419
			],
			"to": [
				12.49999999254942,
				11.99999999254942,
				10.49999999254942
			],
			"faces": {
				"north": {
					"uv": [3.005, 13.005, 3.995, 15.995000000000001],
					"texture": "#0"
				},
				"east": {
					"uv": [2.005, 13.005, 2.995, 15.995000000000001],
					"texture": "#0"
				},
				"south": {
					"uv": [
						1.005,
						13.005,
						1.9949999999999999,
						15.995000000000001
					],
					"texture": "#0"
				},
				"west": {
					"uv": [0.005, 13.005, 0.995, 15.995000000000001],
					"texture": "#0"
				},
				"up": {
					"uv": [1.005, 13.005, 1.9949999999999999, 0],
					"texture": "#0"
				},
				"down": {
					"uv": [2.005, 13.005, 2.995, 12.015],
					"texture": "#0"
				}
			}
		},
		{
			"name": "cube",
			"from": [3, 7.5, 5],
			"to": [13, 23.5, 6],
			"faces": {
				"north": {
					"uv": [0.5, 0.5, 5.5, 8.5],
					"texture": "#1"
				},
				"east": {"uv": [0, 0.5, 0.5, 8.5], "texture": "#1"},
				"south": {"uv": [6, 0.5, 11, 8.5], "texture": "#1"},
				"west": {"uv": [5.5, 0.5, 6, 8.5], "texture": "#1"},
				"up": {"uv": [0.5, 0, 5.5, 0.5], "texture": "#1"},
				"down": {"uv": [5.5, 0, 10.5, 0.5], "texture": "#1"}
			}
		}
	],
	"display": {
		"thirdperson_righthand": {"scale": [1, 1, 1]},
		"head": {
			"scale": [1.6, 1.6, 1.6],
			"rotation": [0, 180, 0],
			"translation": [0, -29.5, 0]
		}
	}
}