{
    "__comment": "Model generated using MrCrayfish's Model Creator (http://mrcrayfish.com/modelcreator/)",
    "display": {
        "thirdperson_righthand": {
        "rotation": [ 90, 0, 0 ],
        "translation": [ -6.05, -2, 2.45 ],
        "scale": [ 1.9, 1.9, 1.9 ]
},
        "thirdperson_lefthand": {
        "rotation": [ 90, 0, 0 ],
        "translation": [ -6.05, -2, 2.45 ],
        "scale": [ -1.9, 1.9, 1.9 ]
}
},

    "textures": {
        "0": "skin/a1"
    },
    "elements": [
        {
            "name": "Cube",
            "from": [ 10.0, 6.0, 7.0 ], 
            "to": [ 12.0, 12.0, 9.0 ], 
            "faces": {
                "north": { "texture": "#0", "uv": [ 11.0, 5.0, 12.0, 8.0 ] },
                "east": { "texture": "#0", "uv": [ 12.0, 5.0, 13.0, 8.0 ] },
                "south": { "texture": "#0", "uv": [ 13.0, 5.0, 14.0, 8.0 ] },
                "west": { "texture": "#0", "uv": [ 10.0, 5.0, 11.0, 8.0 ] },
                "up": { "texture": "#0", "uv": [ 11.0, 4.0, 12.0, 5.0 ] },
                "down": { "texture": "#0", "uv": [ 12.0, 4.0, 13.0, 5.0 ] }
            }
        },
        {
            "name": "Cube",
            "from": [ 9.75, 5.8, 6.8 ], 
            "to": [ 12.25, 12.3, 9.3 ], 
            "faces": {
                "north": { "texture": "#0", "uv": [ 11.0, 9.0, 12.0, 12.0 ] },
                "east": { "texture": "#0", "uv": [ 12.0, 9.0, 13.0, 12.0 ] },
                "south": { "texture": "#0", "uv": [ 13.0, 9.0, 14.0, 12.0 ] },
                "west": { "texture": "#0", "uv": [ 10.0, 9.0, 11.0, 12.0 ] },
                "up": { "texture": "#0", "uv": [ 11.0, 8.0, 12.0, 9.0 ] },
                "down": { "texture": "#0", "uv": [ 12.0, 8.0, 13.0, 9.0 ] }
            }
        }
    ]
}