{
	"credit": "Made with Blockbench, a free, modern block model editor made by JannisX11",
	"textures": {"0": "skin/a1"},
	"elements": [
		{
			"name": "Cube",
			"from": [6, 0, 7],
			"to": [8, 6, 9],
			"shade": true,
			"faces": {
				"north": {"uv": [1, 5, 2, 8], "texture": "#0"},
				"east": {"uv": [0, 5, 1, 8], "texture": "#0"},
				"south": {"uv": [7, 13, 8, 16], "texture": "#0"},
				"west": {"uv": [6, 13, 7, 16], "texture": "#0"},
				"up": {"uv": [1, 4, 2, 5], "texture": "#0"},
				"down": {"uv": [2, 4, 3, 5], "texture": "#0"}
			}
		},
		{
			"name": "Cube",
			"from": [8, 0, 7],
			"to": [10, 6, 9],
			"shade": true,
			"faces": {
				"north": {"uv": [5, 13, 6, 16], "texture": "#0"},
				"east": {"uv": [0, 5, 1, 8], "texture": "#0"},
				"south": {"uv": [3, 5, 4, 8], "texture": "#0"},
				"west": {"uv": [7, 13, 8, 16], "texture": "#0"},
				"up": {"uv": [5, 12, 6, 13], "texture": "#0"},
				"down": {"uv": [6, 12, 7, 13], "texture": "#0"}
			}
		},
		{
			"name": "Cube",
			"from": [6, 6, 7],
			"to": [10, 12, 9],
			"shade": true,
			"faces": {
				"north": {"uv": [5, 5, 7, 8], "texture": "#0"},
				"east": {
					"uv": [7, 8, 8, 5],
					"texture": "#0",
					"rotation": 180
				},
				"south": {"uv": [10, 5, 8, 8], "texture": "#0"},
				"west": {"uv": [7, 5, 8, 8], "texture": "#0"},
				"up": {"uv": [8, 5, 10, 6], "texture": "#0"},
				"down": {"uv": [5, 4, 7, 5], "texture": "#0"}
			}
		}
	],
	"display": {
		"head": {
			"rotation": [0, 0, 0],
			"translation": [0, -20, 0],
			"scale": [3, 3, 3]
		}
	}
}