{
    "__comment": "Model animated using Fizzy's model animator - http://fizzy81.github.io/animated-models/", 
    "display": {
        "head": {
        "rotation": [ 0, 0, 0 ],
        "translation": [ 0, -10, 0 ],
        "scale": [ 1.5, 1.5, 1.5 ]
}
},

    "textures": {
        "main": "items/boiler"
    }, 
    "elements": [
        {
            "name": "Cube", 
            "from": [ 1, -16, 14 ], 
            "to":   [ 2, 2, 15 ], 
            "faces": {
                "north": { "texture": "#main", "uv": [ 5.5, 0, 5.5, 0.5 ] }, 
                "east":  { "texture": "#main", "uv": [ 4.5, 0, 4.5, 0.5 ] }, 
                "south": { "texture": "#main", "uv": [ 5.5, 1.5, 5.5, 2 ] }, 
                "west":  { "texture": "#main", "uv": [ 5, 2, 5, 2.5 ] }, 
                "up":    { "texture": "#main", "uv": [ 5, 1.5, 5, 1.5 ] }, 
                "down":  { "texture": "#main", "uv": [ 5, 1, 5, 1 ] }
            }
        }, 
        {
            "name": "Cube", 
            "from": [ 1, 2, 1 ], 
            "to":   [ 15, 8, 15 ], 
            "faces": {
                "north": { "texture": "#main", "uv": [ 4, 6.5, 7.5, 8 ] }, 
                "east":  { "texture": "#main", "uv": [ 4, 6.5, 7.5, 8 ] }, 
                "south": { "texture": "#main", "uv": [ 4, 6.5, 7.5, 8 ] }, 
                "west":  { "texture": "#main", "uv": [ 4, 6.5, 7.5, 8 ] }, 
                "up":    { "texture": "#main", "uv": [ 0, 0, 4, 4 ] }, 
                "down":  { "texture": "#main", "uv": [ 4, 0, 8, 4 ] }
            }
        }, 
        {
            "name": "Cube", 
            "from": [ 1, 8, 1 ], 
            "to":   [ 2, 14, 15 ], 
            "faces": {
                "north": { "texture": "#main", "uv": [ 4.5, 0, 4.5, 1.5 ] }, 
                "east":  { "texture": "#main", "uv": [ 4.5, 0, 7.5, 1.5 ] }, 
                "south": { "texture": "#main", "uv": [ 4.5, 0, 4.5, 1.5 ] }, 
                "west":  { "texture": "#main", "uv": [ 4.5, 0, 7.5, 1.5 ] }, 
                "up":    { "texture": "#main", "uv": [ 4.5, 0, 4.5, 3 ] }, 
                "down":  { "texture": "#main", "uv": [ 4.5, 0, 4.5, 3 ] }
            }
        }, 
        {
            "name": "Cube", 
            "from": [ 2, 8, 1 ], 
            "to":   [ 14, 14, 2 ], 
            "faces": {
                "north": { "texture": "#main", "uv": [ 4, 0, 7, 1.5 ] }, 
                "east":  { "texture": "#main", "uv": [ 4, 0, 4.5, 2 ] }, 
                "south": { "texture": "#main", "uv": [ 4, 0, 7, 1.5 ] }, 
                "west":  { "texture": "#main", "uv": [ 4, 0, 4.5, 2 ] }, 
                "up":    { "texture": "#main", "uv": [ 4, 0, 7, 0 ] }, 
                "down":  { "texture": "#main", "uv": [ 4, 0, 7, 0 ] }
            }
        }, 
        {
            "name": "Cube", 
            "from": [ 7, 8, 7 ], 
            "to":   [ 9, 14, 9 ], 
            "faces": {
                "north": { "texture": "#main", "uv": [ 1, 5, 2, 8 ] }, 
                "east":  { "texture": "#main", "uv": [ 1.5, 5, 2.5, 8 ] }, 
                "south": { "texture": "#main", "uv": [ 0.5, 5, 1.5, 8 ] }, 
                "west":  { "texture": "#main", "uv": [ 2.5, 5, 3.5, 8 ] }, 
                "up":    { "texture": "#main", "uv": [ 1.5, 5.5, 2.5, 6.5 ] }, 
                "down":  { "texture": "#main", "uv": [ 1.5, 5.5, 2.5, 6.5 ] }
            }
        }, 
        {
            "name": "Cube", 
            "from": [ 2, 8, 14 ], 
            "to":   [ 14, 14, 15 ], 
            "faces": {
                "north": { "texture": "#main", "uv": [ 4, 0, 7, 1.5 ] }, 
                "east":  { "texture": "#main", "uv": [ 4, 0, 4.5, 2 ] }, 
                "south": { "texture": "#main", "uv": [ 4, 0, 7, 1.5 ] }, 
                "west":  { "texture": "#main", "uv": [ 4, 0, 4.5, 2 ] }, 
                "up":    { "texture": "#main", "uv": [ 4, 0, 7, 0 ] }, 
                "down":  { "texture": "#main", "uv": [ 4, 0, 7, 0 ] }
            }
        }, 
        {
            "name": "Cube", 
            "from": [ 14, 8, 1 ], 
            "to":   [ 15, 14, 15 ], 
            "faces": {
                "north": { "texture": "#main", "uv": [ 4.5, 0, 4.5, 1.5 ] }, 
                "east":  { "texture": "#main", "uv": [ 4.5, 0, 7.5, 1.5 ] }, 
                "south": { "texture": "#main", "uv": [ 4.5, 0, 4.5, 1.5 ] }, 
                "west":  { "texture": "#main", "uv": [ 4.5, 0, 7.5, 1.5 ] }, 
                "up":    { "texture": "#main", "uv": [ 4.5, 0, 4.5, 3 ] }, 
                "down":  { "texture": "#main", "uv": [ 4.5, 0, 4.5, 3 ] }
            }
        }, 
        {
            "name": "Cube", 
            "from": [ 7.500000007450581, 9, 2 ], 
            "to":   [ 8.50000000745058, 13.699999995529652, 14 ], 
            "faces": {
                "north": { "texture": "#main", "uv": [ 0.5, 5, 3.5, 6.349999997764826 ] }, 
                "east":  { "texture": "#main", "uv": [ 0.5, 5, 3.5, 6.349999997764826 ] }, 
                "south": { "texture": "#main", "uv": [ 0.5, 5, 3.5, 6.349999997764826 ] }, 
                "west":  { "texture": "#main", "uv": [ 0.5, 4.5, 3.5, 5.849999997764826 ] }, 
                "up":    { "texture": "#main", "uv": [ 1, 5.5, 3.5, 6 ], "rotation":90 }, 
                "down":  { "texture": "#main", "uv": [ 1, 5, 3, 5.5 ], "rotation":90 }
            }
        }, 
        {
            "name": "Cube", 
            "from": [ 2, 9, 7.500000007450581 ], 
            "to":   [ 14, 13.699999995529652, 8.50000000745058 ], 
            "faces": {
                "north": { "texture": "#main", "uv": [ 0.5, 5, 3.5, 6.349999997764826 ] }, 
                "east":  { "texture": "#main", "uv": [ 0.5, 5, 1, 7.349999997764826 ] }, 
                "south": { "texture": "#main", "uv": [ 0.5, 5, 3.5, 6.349999997764826 ] }, 
                "west":  { "texture": "#main", "uv": [ 0.5, 4.5, 1, 6.849999997764826 ] }, 
                "up":    { "texture": "#main", "uv": [ 1, 5.5, 3.5, 6 ] }, 
                "down":  { "texture": "#main", "uv": [ 1, 5, 3, 5.5 ] }
            }
        }, 
        {
            "name": "Cube", 
            "from": [ 2, 9, 7.500000007450581 ], 
            "to":   [ 14, 13.699999995529652, 8.50000000745058 ], 
            "rotation": { "origin": [8, 8, 8], "axis": "y", "angle": -45 }, 
            "faces": {
                "north": { "texture": "#main", "uv": [ 0.5, 5, 3.5, 6.349999997764826 ] }, 
                "east":  { "texture": "#main", "uv": [ 0.5, 5, 1, 7.349999997764826 ] }, 
                "south": { "texture": "#main", "uv": [ 0.5, 5, 3.5, 6.349999997764826 ] }, 
                "west":  { "texture": "#main", "uv": [ 0.5, 4.5, 1, 6.849999997764826 ] }, 
                "up":    { "texture": "#main", "uv": [ 1, 5.5, 3.5, 6 ] }, 
                "down":  { "texture": "#main", "uv": [ 1, 5, 3, 5.5 ] }
            }
        }, 
        {
            "name": "Cube", 
            "from": [ 7.500000007450581, 9, 2 ], 
            "to":   [ 8.50000000745058, 13.699999995529652, 14 ], 
            "rotation": { "origin": [8, 8, 8], "axis": "y", "angle": -45 }, 
            "faces": {
                "north": { "texture": "#main", "uv": [ 0.5, 5, 3.5, 6.349999997764826 ] }, 
                "east":  { "texture": "#main", "uv": [ 0.5, 5, 3.5, 6.349999997764826 ] }, 
                "south": { "texture": "#main", "uv": [ 0.5, 5, 3.5, 6.349999997764826 ] }, 
                "west":  { "texture": "#main", "uv": [ 0.5, 4.5, 3.5, 5.849999997764826 ] }, 
                "up":    { "texture": "#main", "uv": [ 1, 5.5, 3.5, 6 ] }, 
                "down":  { "texture": "#main", "uv": [ 1, 5, 3, 5.5 ] }
            }
        }, 
        {
            "name": "Cube", 
            "from": [ 14, -16, 14 ], 
            "to":   [ 15, 2, 15 ], 
            "faces": {
                "north": { "texture": "#main", "uv": [ 5.5, 0, 5.5, 0.5 ] }, 
                "east":  { "texture": "#main", "uv": [ 4.5, 0, 4.5, 0.5 ] }, 
                "south": { "texture": "#main", "uv": [ 5.5, 1.5, 5.5, 2 ] }, 
                "west":  { "texture": "#main", "uv": [ 5, 2, 5, 2.5 ] }, 
                "up":    { "texture": "#main", "uv": [ 5, 1.5, 5, 1.5 ] }, 
                "down":  { "texture": "#main", "uv": [ 5, 1, 5, 1 ] }
            }
        }, 
        {
            "name": "Cube", 
            "from": [ 14, -16, 1 ], 
            "to":   [ 15, 2, 2 ], 
            "faces": {
                "north": { "texture": "#main", "uv": [ 5.5, 0, 5.5, 0.5 ] }, 
                "east":  { "texture": "#main", "uv": [ 4.5, 0, 4.5, 0.5 ] }, 
                "south": { "texture": "#main", "uv": [ 5.5, 1.5, 5.5, 2 ] }, 
                "west":  { "texture": "#main", "uv": [ 5, 2, 5, 2.5 ] }, 
                "up":    { "texture": "#main", "uv": [ 5, 1.5, 5, 1.5 ] }, 
                "down":  { "texture": "#main", "uv": [ 5, 1, 5, 1 ] }
            }
        }, 
        {
            "name": "Cube", 
            "from": [ 1, -16, 1 ], 
            "to":   [ 2, 2, 2 ], 
            "faces": {
                "north": { "texture": "#main", "uv": [ 5.5, 0, 5.5, 0.5 ] }, 
                "east":  { "texture": "#main", "uv": [ 4.5, 0, 4.5, 0.5 ] }, 
                "south": { "texture": "#main", "uv": [ 5.5, 1.5, 5.5, 2 ] }, 
                "west":  { "texture": "#main", "uv": [ 5, 2, 5, 2.5 ] }, 
                "up":    { "texture": "#main", "uv": [ 5, 1.5, 5, 1.5 ] }, 
                "down":  { "texture": "#main", "uv": [ 5, 1, 5, 1 ] }
            }
        }, 
        {
            "name": "Cube", 
            "from": [ 1, -16, 14 ], 
            "to":   [ 2, 2, 15 ], 
            "faces": {
                "north": { "texture": "#main", "uv": [ 13.5, 0, 13.5, 0.5 ] }, 
                "east":  { "texture": "#main", "uv": [ 12.5, 0, 12.5, 0.5 ] }, 
                "south": { "texture": "#main", "uv": [ 13.5, 1.5, 13.5, 2 ] }, 
                "west":  { "texture": "#main", "uv": [ 13, 2, 13, 2.5 ] }, 
                "up":    { "texture": "#main", "uv": [ 13, 1.5, 13, 1.5 ] }, 
                "down":  { "texture": "#main", "uv": [ 13, 1, 13, 1 ] }
            }
        }, 
        {
            "name": "Cube", 
            "from": [ 1, 2, 1 ], 
            "to":   [ 15, 8, 15 ], 
            "faces": {
                "north": { "texture": "#main", "uv": [ 12, 6.5, 15.5, 8 ] }, 
                "east":  { "texture": "#main", "uv": [ 12, 6.5, 15.5, 8 ] }, 
                "south": { "texture": "#main", "uv": [ 12, 6.5, 15.5, 8 ] }, 
                "west":  { "texture": "#main", "uv": [ 12, 6.5, 15.5, 8 ] }, 
                "up":    { "texture": "#main", "uv": [ 8, 0, 12, 4 ] }, 
                "down":  { "texture": "#main", "uv": [ 12, 0, 16, 4 ] }
            }
        }, 
        {
            "name": "Cube", 
            "from": [ 1, 8, 1 ], 
            "to":   [ 2, 14, 15 ], 
            "faces": {
                "north": { "texture": "#main", "uv": [ 12.5, 0, 12.5, 1.5 ] }, 
                "east":  { "texture": "#main", "uv": [ 12.5, 0, 15.5, 1.5 ] }, 
                "south": { "texture": "#main", "uv": [ 12.5, 0, 12.5, 1.5 ] }, 
                "west":  { "texture": "#main", "uv": [ 12.5, 0, 15.5, 1.5 ] }, 
                "up":    { "texture": "#main", "uv": [ 12.5, 0, 12.5, 3 ] }, 
                "down":  { "texture": "#main", "uv": [ 12.5, 0, 12.5, 3 ] }
            }
        }, 
        {
            "name": "Cube", 
            "from": [ 2, 8, 1 ], 
            "to":   [ 14, 14, 2 ], 
            "faces": {
                "north": { "texture": "#main", "uv": [ 12, 0, 15, 1.5 ] }, 
                "east":  { "texture": "#main", "uv": [ 12, 0, 12.5, 2 ] }, 
                "south": { "texture": "#main", "uv": [ 12, 0, 15, 1.5 ] }, 
                "west":  { "texture": "#main", "uv": [ 12, 0, 12.5, 2 ] }, 
                "up":    { "texture": "#main", "uv": [ 12, 0, 15, 0 ] }, 
                "down":  { "texture": "#main", "uv": [ 12, 0, 15, 0 ] }
            }
        }, 
        {
            "name": "Cube", 
            "from": [ 7, 8, 7 ], 
            "to":   [ 9, 14, 9 ], 
            "faces": {
                "north": { "texture": "#main", "uv": [ 9, 5, 10, 8 ] }, 
                "east":  { "texture": "#main", "uv": [ 9.5, 5, 10.5, 8 ] }, 
                "south": { "texture": "#main", "uv": [ 8.5, 5, 9.5, 8 ] }, 
                "west":  { "texture": "#main", "uv": [ 10.5, 5, 11.5, 8 ] }, 
                "up":    { "texture": "#main", "uv": [ 9.5, 5.5, 10.5, 6.5 ] }, 
                "down":  { "texture": "#main", "uv": [ 9.5, 5.5, 10.5, 6.5 ] }
            }
        }, 
        {
            "name": "Cube", 
            "from": [ 2, 8, 14 ], 
            "to":   [ 14, 14, 15 ], 
            "faces": {
                "north": { "texture": "#main", "uv": [ 12, 0, 15, 1.5 ] }, 
                "east":  { "texture": "#main", "uv": [ 12, 0, 12.5, 2 ] }, 
                "south": { "texture": "#main", "uv": [ 12, 0, 15, 1.5 ] }, 
                "west":  { "texture": "#main", "uv": [ 12, 0, 12.5, 2 ] }, 
                "up":    { "texture": "#main", "uv": [ 12, 0, 15, 0 ] }, 
                "down":  { "texture": "#main", "uv": [ 12, 0, 15, 0 ] }
            }
        }, 
        {
            "name": "Cube", 
            "from": [ 14, 8, 1 ], 
            "to":   [ 15, 14, 15 ], 
            "faces": {
                "north": { "texture": "#main", "uv": [ 12.5, 0, 12.5, 1.5 ] }, 
                "east":  { "texture": "#main", "uv": [ 12.5, 0, 15.5, 1.5 ] }, 
                "south": { "texture": "#main", "uv": [ 12.5, 0, 12.5, 1.5 ] }, 
                "west":  { "texture": "#main", "uv": [ 12.5, 0, 15.5, 1.5 ] }, 
                "up":    { "texture": "#main", "uv": [ 12.5, 0, 12.5, 3 ] }, 
                "down":  { "texture": "#main", "uv": [ 12.5, 0, 12.5, 3 ] }
            }
        }, 
        {
            "name": "Cube", 
            "from": [ 7.500000007450581, 9, 2 ], 
            "to":   [ 8.50000000745058, 13.699999995529652, 14 ], 
            "rotation": { "origin": [8, 8, 8], "axis": "y", "angle": -22.5 }, 
            "faces": {
                "north": { "texture": "#main", "uv": [ 8.5, 5, 11.5, 6.349999997764826 ] }, 
                "east":  { "texture": "#main", "uv": [ 8.5, 5, 11.5, 6.349999997764826 ] }, 
                "south": { "texture": "#main", "uv": [ 8.5, 5, 11.5, 6.349999997764826 ] }, 
                "west":  { "texture": "#main", "uv": [ 8.5, 4.5, 11.5, 5.849999997764826 ] }, 
                "up":    { "texture": "#main", "uv": [ 9, 5.5, 11.5, 6 ], "rotation":90 }, 
                "down":  { "texture": "#main", "uv": [ 9, 5, 11, 5.5 ], "rotation":90 }
            }
        }, 
        {
            "name": "Cube", 
            "from": [ 2, 9, 7.500000007450581 ], 
            "to":   [ 14, 13.699999995529652, 8.50000000745058 ], 
            "rotation": { "origin": [8, 8, 8], "axis": "y", "angle": -22.5 }, 
            "faces": {
                "north": { "texture": "#main", "uv": [ 8.5, 5, 11.5, 6.349999997764826 ] }, 
                "east":  { "texture": "#main", "uv": [ 8.5, 5, 9, 7.349999997764826 ] }, 
                "south": { "texture": "#main", "uv": [ 8.5, 5, 11.5, 6.349999997764826 ] }, 
                "west":  { "texture": "#main", "uv": [ 8.5, 4.5, 9, 6.849999997764826 ] }, 
                "up":    { "texture": "#main", "uv": [ 9, 5.5, 11.5, 6 ] }, 
                "down":  { "texture": "#main", "uv": [ 9, 5, 11, 5.5 ] }
            }
        }, 
        {
            "name": "Cube", 
            "from": [ 2, 9, 7.500000007450581 ], 
            "to":   [ 14, 13.699999995529652, 8.50000000745058 ], 
            "rotation": { "origin": [8, 8, 8], "axis": "y", "angle": 22.5 }, 
            "faces": {
                "north": { "texture": "#main", "uv": [ 8.5, 5, 11.5, 6.349999997764826 ] }, 
                "east":  { "texture": "#main", "uv": [ 8.5, 5, 9, 7.349999997764826 ] }, 
                "south": { "texture": "#main", "uv": [ 8.5, 5, 11.5, 6.349999997764826 ] }, 
                "west":  { "texture": "#main", "uv": [ 8.5, 4.5, 9, 6.849999997764826 ] }, 
                "up":    { "texture": "#main", "uv": [ 9, 5.5, 11.5, 6 ] }, 
                "down":  { "texture": "#main", "uv": [ 9, 5, 11, 5.5 ] }
            }
        }, 
        {
            "name": "Cube", 
            "from": [ 7.500000007450581, 9, 2 ], 
            "to":   [ 8.50000000745058, 13.699999995529652, 14 ], 
            "rotation": { "origin": [8, 8, 8], "axis": "y", "angle": 22.5 }, 
            "faces": {
                "north": { "texture": "#main", "uv": [ 8.5, 5, 11.5, 6.349999997764826 ] }, 
                "east":  { "texture": "#main", "uv": [ 8.5, 5, 11.5, 6.349999997764826 ] }, 
                "south": { "texture": "#main", "uv": [ 8.5, 5, 11.5, 6.349999997764826 ] }, 
                "west":  { "texture": "#main", "uv": [ 8.5, 4.5, 11.5, 5.849999997764826 ] }, 
                "up":    { "texture": "#main", "uv": [ 9, 5.5, 11.5, 6 ] }, 
                "down":  { "texture": "#main", "uv": [ 9, 5, 11, 5.5 ] }
            }
        }, 
        {
            "name": "Cube", 
            "from": [ 14, -16, 14 ], 
            "to":   [ 15, 2, 15 ], 
            "faces": {
                "north": { "texture": "#main", "uv": [ 13.5, 0, 13.5, 0.5 ] }, 
                "east":  { "texture": "#main", "uv": [ 12.5, 0, 12.5, 0.5 ] }, 
                "south": { "texture": "#main", "uv": [ 13.5, 1.5, 13.5, 2 ] }, 
                "west":  { "texture": "#main", "uv": [ 13, 2, 13, 2.5 ] }, 
                "up":    { "texture": "#main", "uv": [ 13, 1.5, 13, 1.5 ] }, 
                "down":  { "texture": "#main", "uv": [ 13, 1, 13, 1 ] }
            }
        }, 
        {
            "name": "Cube", 
            "from": [ 14, -16, 1 ], 
            "to":   [ 15, 2, 2 ], 
            "faces": {
                "north": { "texture": "#main", "uv": [ 13.5, 0, 13.5, 0.5 ] }, 
                "east":  { "texture": "#main", "uv": [ 12.5, 0, 12.5, 0.5 ] }, 
                "south": { "texture": "#main", "uv": [ 13.5, 1.5, 13.5, 2 ] }, 
                "west":  { "texture": "#main", "uv": [ 13, 2, 13, 2.5 ] }, 
                "up":    { "texture": "#main", "uv": [ 13, 1.5, 13, 1.5 ] }, 
                "down":  { "texture": "#main", "uv": [ 13, 1, 13, 1 ] }
            }
        }, 
        {
            "name": "Cube", 
            "from": [ 1, -16, 1 ], 
            "to":   [ 2, 2, 2 ], 
            "faces": {
                "north": { "texture": "#main", "uv": [ 13.5, 0, 13.5, 0.5 ] }, 
                "east":  { "texture": "#main", "uv": [ 12.5, 0, 12.5, 0.5 ] }, 
                "south": { "texture": "#main", "uv": [ 13.5, 1.5, 13.5, 2 ] }, 
                "west":  { "texture": "#main", "uv": [ 13, 2, 13, 2.5 ] }, 
                "up":    { "texture": "#main", "uv": [ 13, 1.5, 13, 1.5 ] }, 
                "down":  { "texture": "#main", "uv": [ 13, 1, 13, 1 ] }
            }
        }, 
        {
            "name": "Cube", 
            "from": [ 1, -16, 14 ], 
            "to":   [ 2, 2, 15 ], 
            "faces": {
                "north": { "texture": "#main", "uv": [ 5.5, 8, 5.5, 8.5 ] }, 
                "east":  { "texture": "#main", "uv": [ 4.5, 8, 4.5, 8.5 ] }, 
                "south": { "texture": "#main", "uv": [ 5.5, 9.5, 5.5, 10 ] }, 
                "west":  { "texture": "#main", "uv": [ 5, 10, 5, 10.5 ] }, 
                "up":    { "texture": "#main", "uv": [ 5, 9.5, 5, 9.5 ] }, 
                "down":  { "texture": "#main", "uv": [ 5, 9, 5, 9 ] }
            }
        }, 
        {
            "name": "Cube", 
            "from": [ 1, 2, 1 ], 
            "to":   [ 15, 8, 15 ], 
            "faces": {
                "north": { "texture": "#main", "uv": [ 4, 14.5, 7.5, 16 ] }, 
                "east":  { "texture": "#main", "uv": [ 4, 14.5, 7.5, 16 ] }, 
                "south": { "texture": "#main", "uv": [ 4, 14.5, 7.5, 16 ] }, 
                "west":  { "texture": "#main", "uv": [ 4, 14.5, 7.5, 16 ] }, 
                "up":    { "texture": "#main", "uv": [ 0, 8, 4, 12 ] }, 
                "down":  { "texture": "#main", "uv": [ 4, 8, 8, 12 ] }
            }
        }, 
        {
            "name": "Cube", 
            "from": [ 1, 8, 1 ], 
            "to":   [ 2, 14, 15 ], 
            "faces": {
                "north": { "texture": "#main", "uv": [ 4.5, 8, 4.5, 9.5 ] }, 
                "east":  { "texture": "#main", "uv": [ 4.5, 8, 7.5, 9.5 ] }, 
                "south": { "texture": "#main", "uv": [ 4.5, 8, 4.5, 9.5 ] }, 
                "west":  { "texture": "#main", "uv": [ 4.5, 8, 7.5, 9.5 ] }, 
                "up":    { "texture": "#main", "uv": [ 4.5, 8, 4.5, 11 ] }, 
                "down":  { "texture": "#main", "uv": [ 4.5, 8, 4.5, 11 ] }
            }
        }, 
        {
            "name": "Cube", 
            "from": [ 2, 8, 1 ], 
            "to":   [ 14, 14, 2 ], 
            "faces": {
                "north": { "texture": "#main", "uv": [ 4, 8, 7, 9.5 ] }, 
                "east":  { "texture": "#main", "uv": [ 4, 8, 4.5, 10 ] }, 
                "south": { "texture": "#main", "uv": [ 4, 8, 7, 9.5 ] }, 
                "west":  { "texture": "#main", "uv": [ 4, 8, 4.5, 10 ] }, 
                "up":    { "texture": "#main", "uv": [ 4, 8, 7, 8 ] }, 
                "down":  { "texture": "#main", "uv": [ 4, 8, 7, 8 ] }
            }
        }, 
        {
            "name": "Cube", 
            "from": [ 7, 8, 7 ], 
            "to":   [ 9, 14, 9 ], 
            "faces": {
                "north": { "texture": "#main", "uv": [ 1, 13, 2, 16 ] }, 
                "east":  { "texture": "#main", "uv": [ 1.5, 13, 2.5, 16 ] }, 
                "south": { "texture": "#main", "uv": [ 0.5, 13, 1.5, 16 ] }, 
                "west":  { "texture": "#main", "uv": [ 2.5, 13, 3.5, 16 ] }, 
                "up":    { "texture": "#main", "uv": [ 1.5, 13.5, 2.5, 14.5 ] }, 
                "down":  { "texture": "#main", "uv": [ 1.5, 13.5, 2.5, 14.5 ] }
            }
        }, 
        {
            "name": "Cube", 
            "from": [ 2, 8, 14 ], 
            "to":   [ 14, 14, 15 ], 
            "faces": {
                "north": { "texture": "#main", "uv": [ 4, 8, 7, 9.5 ] }, 
                "east":  { "texture": "#main", "uv": [ 4, 8, 4.5, 10 ] }, 
                "south": { "texture": "#main", "uv": [ 4, 8, 7, 9.5 ] }, 
                "west":  { "texture": "#main", "uv": [ 4, 8, 4.5, 10 ] }, 
                "up":    { "texture": "#main", "uv": [ 4, 8, 7, 8 ] }, 
                "down":  { "texture": "#main", "uv": [ 4, 8, 7, 8 ] }
            }
        }, 
        {
            "name": "Cube", 
            "from": [ 14, 8, 1 ], 
            "to":   [ 15, 14, 15 ], 
            "faces": {
                "north": { "texture": "#main", "uv": [ 4.5, 8, 4.5, 9.5 ] }, 
                "east":  { "texture": "#main", "uv": [ 4.5, 8, 7.5, 9.5 ] }, 
                "south": { "texture": "#main", "uv": [ 4.5, 8, 4.5, 9.5 ] }, 
                "west":  { "texture": "#main", "uv": [ 4.5, 8, 7.5, 9.5 ] }, 
                "up":    { "texture": "#main", "uv": [ 4.5, 8, 4.5, 11 ] }, 
                "down":  { "texture": "#main", "uv": [ 4.5, 8, 4.5, 11 ] }
            }
        }, 
        {
            "name": "Cube", 
            "from": [ 7.500000007450581, 9, 2 ], 
            "to":   [ 8.50000000745058, 13.699999995529652, 14 ], 
            "rotation": { "origin": [8, 8, 8], "axis": "y", "angle": -22.5 }, 
            "faces": {
                "north": { "texture": "#main", "uv": [ 0.5, 13, 3.5, 14.349999997764826 ] }, 
                "east":  { "texture": "#main", "uv": [ 0.5, 13, 3.5, 14.349999997764826 ] }, 
                "south": { "texture": "#main", "uv": [ 0.5, 13, 3.5, 14.349999997764826 ] }, 
                "west":  { "texture": "#main", "uv": [ 0.5, 12.5, 3.5, 13.849999997764826 ] }, 
                "up":    { "texture": "#main", "uv": [ 1, 13.5, 3.5, 14 ], "rotation":90 }, 
                "down":  { "texture": "#main", "uv": [ 1, 13, 3, 13.5 ], "rotation":90 }
            }
        }, 
        {
            "name": "Cube", 
            "from": [ 2, 9, 7.500000007450581 ], 
            "to":   [ 14, 13.699999995529652, 8.50000000745058 ], 
            "rotation": { "origin": [8, 8, 8], "axis": "y", "angle": -22.5 }, 
            "faces": {
                "north": { "texture": "#main", "uv": [ 0.5, 13, 3.5, 14.349999997764826 ] }, 
                "east":  { "texture": "#main", "uv": [ 0.5, 13, 1, 15.349999997764826 ] }, 
                "south": { "texture": "#main", "uv": [ 0.5, 13, 3.5, 14.349999997764826 ] }, 
                "west":  { "texture": "#main", "uv": [ 0.5, 12.5, 1, 14.849999997764826 ] }, 
                "up":    { "texture": "#main", "uv": [ 1, 13.5, 3.5, 14 ] }, 
                "down":  { "texture": "#main", "uv": [ 1, 13, 3, 13.5 ] }
            }
        }, 
        {
            "name": "Cube", 
            "from": [ 2, 9, 7.500000007450581 ], 
            "to":   [ 14, 13.699999995529652, 8.50000000745058 ], 
            "rotation": { "origin": [8, 8, 8], "axis": "y", "angle": 22.5 }, 
            "faces": {
                "north": { "texture": "#main", "uv": [ 0.5, 13, 3.5, 14.349999997764826 ] }, 
                "east":  { "texture": "#main", "uv": [ 0.5, 13, 1, 15.349999997764826 ] }, 
                "south": { "texture": "#main", "uv": [ 0.5, 13, 3.5, 14.349999997764826 ] }, 
                "west":  { "texture": "#main", "uv": [ 0.5, 12.5, 1, 14.849999997764826 ] }, 
                "up":    { "texture": "#main", "uv": [ 1, 13.5, 3.5, 14 ] }, 
                "down":  { "texture": "#main", "uv": [ 1, 13, 3, 13.5 ] }
            }
        }, 
        {
            "name": "Cube", 
            "from": [ 7.500000007450581, 9, 2 ], 
            "to":   [ 8.50000000745058, 13.699999995529652, 14 ], 
            "rotation": { "origin": [8, 8, 8], "axis": "y", "angle": 22.5 }, 
            "faces": {
                "north": { "texture": "#main", "uv": [ 0.5, 13, 3.5, 14.349999997764826 ] }, 
                "east":  { "texture": "#main", "uv": [ 0.5, 13, 3.5, 14.349999997764826 ] }, 
                "south": { "texture": "#main", "uv": [ 0.5, 13, 3.5, 14.349999997764826 ] }, 
                "west":  { "texture": "#main", "uv": [ 0.5, 12.5, 3.5, 13.849999997764826 ] }, 
                "up":    { "texture": "#main", "uv": [ 1, 13.5, 3.5, 14 ] }, 
                "down":  { "texture": "#main", "uv": [ 1, 13, 3, 13.5 ] }
            }
        }, 
        {
            "name": "Cube", 
            "from": [ 14, -16, 14 ], 
            "to":   [ 15, 2, 15 ], 
            "faces": {
                "north": { "texture": "#main", "uv": [ 5.5, 8, 5.5, 8.5 ] }, 
                "east":  { "texture": "#main", "uv": [ 4.5, 8, 4.5, 8.5 ] }, 
                "south": { "texture": "#main", "uv": [ 5.5, 9.5, 5.5, 10 ] }, 
                "west":  { "texture": "#main", "uv": [ 5, 10, 5, 10.5 ] }, 
                "up":    { "texture": "#main", "uv": [ 5, 9.5, 5, 9.5 ] }, 
                "down":  { "texture": "#main", "uv": [ 5, 9, 5, 9 ] }
            }
        }, 
        {
            "name": "Cube", 
            "from": [ 14, -16, 1 ], 
            "to":   [ 15, 2, 2 ], 
            "faces": {
                "north": { "texture": "#main", "uv": [ 5.5, 8, 5.5, 8.5 ] }, 
                "east":  { "texture": "#main", "uv": [ 4.5, 8, 4.5, 8.5 ] }, 
                "south": { "texture": "#main", "uv": [ 5.5, 9.5, 5.5, 10 ] }, 
                "west":  { "texture": "#main", "uv": [ 5, 10, 5, 10.5 ] }, 
                "up":    { "texture": "#main", "uv": [ 5, 9.5, 5, 9.5 ] }, 
                "down":  { "texture": "#main", "uv": [ 5, 9, 5, 9 ] }
            }
        }, 
        {
            "name": "Cube", 
            "from": [ 1, -16, 1 ], 
            "to":   [ 2, 2, 2 ], 
            "faces": {
                "north": { "texture": "#main", "uv": [ 5.5, 8, 5.5, 8.5 ] }, 
                "east":  { "texture": "#main", "uv": [ 4.5, 8, 4.5, 8.5 ] }, 
                "south": { "texture": "#main", "uv": [ 5.5, 9.5, 5.5, 10 ] }, 
                "west":  { "texture": "#main", "uv": [ 5, 10, 5, 10.5 ] }, 
                "up":    { "texture": "#main", "uv": [ 5, 9.5, 5, 9.5 ] }, 
                "down":  { "texture": "#main", "uv": [ 5, 9, 5, 9 ] }
            }
        }
    ]
}