{
	"credit": "Made with Blockbench, a free, modern block model editor made by JannisX11",
	"textures": {"0": "items/boiler1"},
	"elements": [
		{
			"name": "Cube",
			"from": [1, -16, 14],
			"to": [2, 2, 15],
			"shade": true,
			"faces": {
				"north": {"uv": [11, 0, 12, 8], "texture": "#0"},
				"east": {"uv": [9, 0, 10, 8], "texture": "#0"},
				"south": {"uv": [11, 0, 12, 8], "texture": "#0"},
				"west": {"uv": [10, 0, 11, 8], "texture": "#0"},
				"up": {"uv": [10, 3, 11, 4], "texture": "#0"},
				"down": {"uv": [10, 2, 11, 3], "texture": "#0"}
			}
		},
		{
			"name": "Cube",
			"from": [1, 2, 1],
			"to": [15, 8, 15],
			"shade": true,
			"faces": {
				"north": {"uv": [8, 13, 15, 16], "texture": "#0"},
				"east": {"uv": [8, 13, 15, 16], "texture": "#0"},
				"south": {"uv": [8, 13, 15, 16], "texture": "#0"},
				"west": {"uv": [8, 13, 15, 16], "texture": "#0"},
				"up": {"uv": [0, 0, 8, 8], "texture": "#0"},
				"down": {"uv": [8, 0, 16, 8], "texture": "#0"}
			}
		},
		{
			"name": "Cube",
			"from": [1, 8, 1],
			"to": [2, 14, 15],
			"shade": true,
			"faces": {
				"north": {"uv": [9, 0, 9, 3], "texture": "#0"},
				"east": {"uv": [9, 0, 15, 3], "texture": "#0"},
				"south": {"uv": [9, 0, 9, 3], "texture": "#0"},
				"west": {"uv": [9, 0, 15, 3], "texture": "#0"},
				"up": {"uv": [9, 0, 9, 6], "texture": "#0"},
				"down": {"uv": [9, 0, 9, 6], "texture": "#0"}
			}
		},
		{
			"name": "Cube",
			"from": [2, 8, 1],
			"to": [14, 14, 2],
			"shade": true,
			"faces": {
				"north": {"uv": [8, 0, 14, 3], "texture": "#0"},
				"east": {"uv": [8, 0, 9, 4], "texture": "#0"},
				"south": {"uv": [8, 0, 14, 3], "texture": "#0"},
				"west": {"uv": [8, 0, 9, 4], "texture": "#0"},
				"up": {"uv": [8, 0, 14, 0], "texture": "#0"},
				"down": {"uv": [8, 0, 14, 0], "texture": "#0"}
			}
		},
		{
			"name": "Cube",
			"from": [7, 8, 7],
			"to": [9, 14, 9],
			"shade": true,
			"faces": {
				"north": {"uv": [2, 10, 4, 16], "texture": "#0"},
				"east": {"uv": [3, 10, 5, 16], "texture": "#0"},
				"south": {"uv": [1, 10, 3, 16], "texture": "#0"},
				"west": {"uv": [5, 10, 7, 16], "texture": "#0"},
				"up": {"uv": [3, 11, 5, 13], "texture": "#0"},
				"down": {"uv": [3, 11, 5, 13], "texture": "#0"}
			}
		},
		{
			"name": "Cube",
			"from": [2, 8, 14],
			"to": [14, 14, 15],
			"shade": true,
			"faces": {
				"north": {"uv": [8, 0, 14, 3], "texture": "#0"},
				"east": {"uv": [8, 0, 9, 4], "texture": "#0"},
				"south": {"uv": [8, 0, 14, 3], "texture": "#0"},
				"west": {"uv": [8, 0, 9, 4], "texture": "#0"},
				"up": {"uv": [8, 0, 14, 0], "texture": "#0"},
				"down": {"uv": [8, 0, 14, 0], "texture": "#0"}
			}
		},
		{
			"name": "Cube",
			"from": [14, 8, 1],
			"to": [15, 14, 15],
			"shade": true,
			"faces": {
				"north": {"uv": [9, 0, 9, 3], "texture": "#0"},
				"east": {"uv": [9, 0, 15, 3], "texture": "#0"},
				"south": {"uv": [9, 0, 9, 3], "texture": "#0"},
				"west": {"uv": [9, 0, 15, 3], "texture": "#0"},
				"up": {"uv": [9, 0, 9, 6], "texture": "#0"},
				"down": {"uv": [9, 0, 9, 6], "texture": "#0"}
			}
		},
		{
			"name": "Cube",
			"from": [7.500000007450581, 9, 2],
			"to": [8.50000000745058, 13.699999995529652, 14],
			"shade": true,
			"faces": {
				"north": {
					"uv": [1, 10, 7, 12.699999995529652],
					"texture": "#0"
				},
				"east": {
					"uv": [1, 10, 7, 12.699999995529652],
					"texture": "#0"
				},
				"south": {
					"uv": [1, 10, 7, 12.699999995529652],
					"texture": "#0"
				},
				"west": {
					"uv": [1, 9, 7, 11.699999995529652],
					"texture": "#0"
				},
				"up": {
					"uv": [2, 11, 7, 12],
					"texture": "#0",
					"rotation": 90
				},
				"down": {
					"uv": [2, 10, 6, 11],
					"texture": "#0",
					"rotation": 90
				}
			}
		},
		{
			"name": "Cube",
			"from": [2, 9, 7.500000007450581],
			"to": [14, 13.699999995529652, 8.50000000745058],
			"shade": true,
			"faces": {
				"north": {
					"uv": [1, 10, 7, 12.699999995529652],
					"texture": "#0"
				},
				"east": {
					"uv": [1, 10, 2, 14.699999995529652],
					"texture": "#0"
				},
				"south": {
					"uv": [1, 10, 7, 12.699999995529652],
					"texture": "#0"
				},
				"west": {
					"uv": [1, 9, 2, 13.699999995529652],
					"texture": "#0"
				},
				"up": {"uv": [2, 11, 7, 12], "texture": "#0"},
				"down": {"uv": [2, 10, 6, 11], "texture": "#0"}
			}
		},
		{
			"name": "Cube",
			"from": [2, 9, 7.500000007450581],
			"to": [14, 13.699999995529652, 8.50000000745058],
			"shade": true,
			"faces": {
				"north": {
					"uv": [1, 10, 7, 12.699999995529652],
					"texture": "#0"
				},
				"east": {
					"uv": [1, 10, 2, 14.699999995529652],
					"texture": "#0"
				},
				"south": {
					"uv": [1, 10, 7, 12.699999995529652],
					"texture": "#0"
				},
				"west": {
					"uv": [1, 9, 2, 13.699999995529652],
					"texture": "#0"
				},
				"up": {"uv": [2, 11, 7, 12], "texture": "#0"},
				"down": {"uv": [2, 10, 6, 11], "texture": "#0"}
			},
			"rotation": {
				"origin": [8, 8, 8],
				"axis": "y",
				"angle": -45
			}
		},
		{
			"name": "Cube",
			"from": [7.500000007450581, 9, 2],
			"to": [8.50000000745058, 13.699999995529652, 14],
			"shade": true,
			"faces": {
				"north": {
					"uv": [1, 10, 7, 12.699999995529652],
					"texture": "#0"
				},
				"east": {
					"uv": [1, 10, 7, 12.699999995529652],
					"texture": "#0"
				},
				"south": {
					"uv": [1, 10, 7, 12.699999995529652],
					"texture": "#0"
				},
				"west": {
					"uv": [1, 9, 7, 11.699999995529652],
					"texture": "#0"
				},
				"up": {"uv": [2, 11, 7, 12], "texture": "#0"},
				"down": {"uv": [2, 10, 6, 11], "texture": "#0"}
			},
			"rotation": {
				"origin": [8, 8, 8],
				"axis": "y",
				"angle": -45
			}
		},
		{
			"name": "Cube",
			"from": [14, -16, 14],
			"to": [15, 2, 15],
			"shade": true,
			"faces": {
				"north": {"uv": [11, 0, 12, 8], "texture": "#0"},
				"east": {"uv": [9, 0, 10, 8], "texture": "#0"},
				"south": {"uv": [11, 0, 12, 8], "texture": "#0"},
				"west": {"uv": [10, 0, 11, 8], "texture": "#0"},
				"up": {"uv": [10, 3, 11, 4], "texture": "#0"},
				"down": {"uv": [10, 2, 11, 3], "texture": "#0"}
			}
		},
		{
			"name": "Cube",
			"from": [14, -16, 1],
			"to": [15, 2, 2],
			"shade": true,
			"faces": {
				"north": {"uv": [11, 0, 12, 8], "texture": "#0"},
				"east": {"uv": [9, 0, 10, 8], "texture": "#0"},
				"south": {"uv": [11, 0, 12, 8], "texture": "#0"},
				"west": {"uv": [10, 0, 11, 8], "texture": "#0"},
				"up": {"uv": [10, 3, 11, 4], "texture": "#0"},
				"down": {"uv": [10, 2, 11, 3], "texture": "#0"}
			}
		},
		{
			"name": "Cube",
			"from": [1, -16, 1],
			"to": [2, 2, 2],
			"shade": true,
			"faces": {
				"north": {"uv": [11, 0, 12, 8], "texture": "#0"},
				"east": {"uv": [9, 0, 10, 8], "texture": "#0"},
				"south": {"uv": [11, 0, 12, 8], "texture": "#0"},
				"west": {"uv": [10, 0, 11, 8], "texture": "#0"},
				"up": {"uv": [10, 3, 11, 4], "texture": "#0"},
				"down": {"uv": [10, 2, 11, 3], "texture": "#0"}
			}
		}
	],
	"display": {
		"head": {
			"rotation": [0, 0, 0],
			"translation": [0, -10, 0],
			"scale": [1.5, 1.5, 1.5]
		}
	}
}