{
	"credit": "Made with Blockbench, a free, modern block model editor by JannisX11",
	"textures": {
		"0": "entity/chest/normal",
		"1": "blocks/wool_colored_silver",
		"2": "blocks/wool_colored_gray",
		"particle": "entity/chest/normal"
	},
	"elements": [
		{
			"name": "cube",
			"from": [1, -6, 1],
			"to": [15, 4, 15],
			"faces": {
				"north": {
					"uv": [3.5, 8.25, 7, 10.75],
					"texture": "#0"
				},
				"east": {
					"uv": [0, 8.25, 3.5, 10.75],
					"texture": "#0"
				},
				"south": {
					"uv": [10.5, 8.25, 14, 10.75],
					"texture": "#0"
				},
				"west": {
					"uv": [7, 8.25, 10.5, 10.75],
					"texture": "#0"
				},
				"up": {"uv": [3.5, 4.75, 7, 8.25], "texture": "#0"},
				"down": {
					"uv": [7, 4.75, 10.5, 8.25],
					"texture": "#0"
				}
			}
		},
		{
			"name": "cube",
			"from": [1, 4, 1],
			"to": [15, 8, 15],
			"faces": {
				"north": {
					"uv": [3.5, 3.5, 7, 4.5],
					"texture": "#0"
				},
				"east": {"uv": [0, 3.5, 3.5, 4.5], "texture": "#0"},
				"south": {
					"uv": [10.5, 3.5, 14, 4.5],
					"texture": "#0"
				},
				"west": {
					"uv": [7, 3.5, 10.5, 4.5],
					"texture": "#0"
				},
				"up": {"uv": [3.5, 0, 7, 3.5], "texture": "#0"},
				"down": {"uv": [7, 0, 10.5, 3.5], "texture": "#0"}
			}
		},
		{
			"name": "cube",
			"from": [7, 2, 0],
			"to": [9, 6, 1],
			"faces": {
				"north": {
					"uv": [0.25, 0.25, 0.75, 1.25],
					"texture": "#0"
				},
				"east": {
					"uv": [0, 0.25, 0.25, 1.25],
					"texture": "#0"
				},
				"south": {
					"uv": [0.75, 0.25, 1.25, 1.25],
					"texture": "#0"
				},
				"west": {
					"uv": [1.25, 0.25, 1.5, 1.25],
					"texture": "#0"
				},
				"up": {
					"uv": [0.25, 0, 0.75, 0.25],
					"texture": "#0"
				},
				"down": {
					"uv": [0.75, 0, 1.25, 0.25],
					"texture": "#0"
				}
			}
		},
		{
			"name": "cube",
			"from": [0, 27.5, 0],
			"to": [16, 31.5, 16],
			"faces": {
				"north": {"uv": [0, 0, 16, 16], "texture": "#1"},
				"east": {"uv": [0, 0, 16, 16], "texture": "#1"},
				"south": {"uv": [0, 0, 16, 16], "texture": "#1"},
				"west": {"uv": [0, 0, 16, 16], "texture": "#1"},
				"up": {"uv": [0, 0, 16, 16], "texture": "#1"},
				"down": {"uv": [0, 0, 16, 16], "texture": "#1"}
			}
		},
		{
			"name": "cube",
			"from": [3, 28, 0],
			"to": [12, 32, 16],
			"faces": {
				"north": {"uv": [0, 0, 16, 16], "texture": "#1"},
				"east": {"uv": [0, 0, 16, 16], "texture": "#1"},
				"south": {"uv": [0, 0, 16, 16], "texture": "#1"},
				"west": {"uv": [0, 0, 16, 16], "texture": "#1"},
				"up": {"uv": [0, 0, 16, 16], "texture": "#1"},
				"down": {"uv": [0, 0, 16, 16], "texture": "#1"}
			},
			"rotation": {
				"origin": [8, 0, 8],
				"axis": "z",
				"angle": -22.5
			}
		},
		{
			"name": "cube",
			"from": [4, 28, 0],
			"to": [13, 32, 16],
			"faces": {
				"north": {"uv": [0, 0, 16, 16], "texture": "#1"},
				"east": {"uv": [0, 0, 16, 16], "texture": "#1"},
				"south": {"uv": [0, 0, 16, 16], "texture": "#1"},
				"west": {"uv": [0, 0, 16, 16], "texture": "#1"},
				"up": {"uv": [0, 0, 16, 16], "texture": "#1"},
				"down": {"uv": [0, 0, 16, 16], "texture": "#1"}
			},
			"rotation": {
				"origin": [8, 0, 8],
				"axis": "z",
				"angle": 22.5
			}
		},
		{
			"name": "cube",
			"from": [0, 28, 4],
			"to": [16, 32, 13],
			"faces": {
				"north": {"uv": [0, 0, 16, 16], "texture": "#1"},
				"east": {"uv": [0, 0, 16, 16], "texture": "#1"},
				"south": {"uv": [0, 0, 16, 16], "texture": "#1"},
				"west": {"uv": [0, 0, 16, 16], "texture": "#1"},
				"up": {
					"uv": [0, 0, 16, 16],
					"rotation": 90,
					"texture": "#1"
				},
				"down": {
					"uv": [0, 0, 16, 16],
					"rotation": 270,
					"texture": "#1"
				}
			},
			"rotation": {
				"origin": [8, 0, 8],
				"axis": "x",
				"angle": -22.5
			}
		},
		{
			"name": "cube",
			"from": [0, 28, 3],
			"to": [16, 32, 12],
			"faces": {
				"north": {"uv": [0, 0, 16, 16], "texture": "#1"},
				"east": {"uv": [0, 0, 16, 16], "texture": "#1"},
				"south": {"uv": [0, 0, 16, 16], "texture": "#1"},
				"west": {"uv": [0, 0, 16, 16], "texture": "#1"},
				"up": {
					"uv": [0, 0, 16, 16],
					"rotation": 90,
					"texture": "#1"
				},
				"down": {
					"uv": [0, 0, 16, 16],
					"rotation": 270,
					"texture": "#1"
				}
			},
			"rotation": {
				"origin": [8, 0, 8],
				"axis": "x",
				"angle": 22.5
			}
		},
		{
			"name": "cube",
			"from": [0, 7, 7.5],
			"to": [1, 26, 8.5],
			"faces": {
				"north": {"uv": [0, 0, 1, 16], "texture": "#2"},
				"east": {"uv": [0, 0, 1, 16], "texture": "#2"},
				"south": {"uv": [0, 0, 1, 16], "texture": "#2"},
				"west": {"uv": [0, 0, 1, 16], "texture": "#2"},
				"up": {"uv": [0, 0, 1, 16], "texture": "#2"},
				"down": {"uv": [0, 0, 1, 16], "texture": "#2"}
			},
			"rotation": {
				"origin": [0.5, 9.5, 8],
				"axis": "z",
				"angle": 22.5
			}
		},
		{
			"name": "cube",
			"from": [15, 7, 7.5],
			"to": [16, 26, 8.5],
			"faces": {
				"north": {"uv": [0, 0, 1, 16], "texture": "#2"},
				"east": {"uv": [0, 0, 1, 16], "texture": "#2"},
				"south": {"uv": [0, 0, 1, 16], "texture": "#2"},
				"west": {"uv": [0, 0, 1, 16], "texture": "#2"},
				"up": {"uv": [0, 0, 1, 16], "texture": "#2"},
				"down": {"uv": [0, 0, 1, 16], "texture": "#2"}
			},
			"rotation": {
				"origin": [15.5, 9.5, 8],
				"axis": "z",
				"angle": -22.5
			}
		},
		{
			"name": "cube",
			"from": [7.5, 7, 15],
			"to": [8.5, 26, 16],
			"faces": {
				"north": {"uv": [0, 0, 1, 16], "texture": "#2"},
				"east": {"uv": [0, 0, 1, 16], "texture": "#2"},
				"south": {"uv": [0, 0, 1, 16], "texture": "#2"},
				"west": {"uv": [0, 0, 1, 16], "texture": "#2"},
				"up": {
					"uv": [0, 0, 1, 16],
					"rotation": 90,
					"texture": "#2"
				},
				"down": {
					"uv": [0, 0, 1, 16],
					"rotation": 270,
					"texture": "#2"
				}
			},
			"rotation": {
				"origin": [8, 9.5, 15.5],
				"axis": "x",
				"angle": 22.5
			}
		},
		{
			"name": "cube",
			"from": [7.5, 7, 0],
			"to": [8.5, 26, 1],
			"faces": {
				"north": {"uv": [0, 0, 1, 16], "texture": "#2"},
				"east": {"uv": [0, 0, 1, 16], "texture": "#2"},
				"south": {"uv": [0, 0, 1, 16], "texture": "#2"},
				"west": {"uv": [0, 0, 1, 16], "texture": "#2"},
				"up": {
					"uv": [0, 0, 1, 16],
					"rotation": 90,
					"texture": "#2"
				},
				"down": {
					"uv": [0, 0, 1, 16],
					"rotation": 270,
					"texture": "#2"
				}
			},
			"rotation": {
				"origin": [8, 9.5, 0.5],
				"axis": "x",
				"angle": -22.5
			}
		}
	],
	"display": {
		"thirdperson_righthand": {"scale": [1, 1, 1]},
		"thirdperson_lefthand": {"scale": [1, 1, 1]},
		"firstperson_righthand": {"scale": [1, 1, 1]},
		"firstperson_lefthand": {"scale": [1, 1, 1]},
		"head": {
			"scale": [1.9, 1.9, 1.9],
			"translation": [0, -20.5, 0]
		},
		"gui": {"scale": [1, 1, 1]},
		"fixed": {"scale": [1, 1, 1]},
		"ground": {"scale": [1, 1, 1]}
	}
}