{
	"parent": "item/handheld",
	"textures": {
        	"layer0": "items/diamond_hoe"
	},
	"overrides": [
		{"predicate": {"damage": 0.0006402048655569782},"model": "item/drillpause"},
		{"predicate": {"damage": 0.0012804097311139564},"model": "item/drill"},
		{"predicate": {"damage": 0.0019206145966709346},"model": "item/boiler"},
		{"predicate": {"damage": 0.002560819462227913},"model": "item/boilerpause"},
		{"predicate": {"damage": 0.003201024327784891},"model": "item/foundrey"},
		{"predicate": {"damage": 0.0038412291933418692},"model": "item/foundreypause"},
		{"predicate": {"damage": 0.004481434058898847},"model": "item/tower"},
		{"predicate": {"damage": 0.005121638924455826},"model": "item/towerpause"},
		{"predicate": {"damage": 0.005761843790012804},"model": "item/home"},
		{"predicate": {"damage": 0.006402048655569782},"model": "item/body"},
		{"predicate": {"damage": 0.00704225352112676},"model": "item/arm"},
		{"predicate": {"damage": 0.0076824583866837385},"model": "item/head"},
		{"predicate": {"damage": 0.008322663252240717},"model": "item/rocket"},
		{"predicate": {"damage": 0.008962868117797694},"model": "item/satellite"},
		{"predicate": {"damage": 0.009603072983354673},"model": "item/carepackage"},
		{"predicate": {"damage": 0.010243277848911651},"model": "item/plane"},
		{"predicate": {"damage": 0.01088348271446863},"model": "item/archee"},
		{"predicate": {"damage": 0.011523687580025609},"model": "item/commandredstone"},
		{"predicate": {"damage": 0.012163892445582586},"model": "item/thebarfcreations"},
		{"predicate": {"damage": 0.012804097311139564},"model": "item/breez90"},
		{"predicate": {"damage": 0.013444302176696543},"model": "item/gilly330"},
		{"predicate": {"damage": 0.01408450704225352},"model": "item/sunglasses"},
		{"predicate": {"damage": 0.014724711907810498},"model": "item/idkk"},
		{"predicate": {"damage": 0.015364916773367477},"model": "item/idkk"},
		{"predicate": {"damage": 0.016005121638924456},"model": "item/idkk"},
		{"predicate": {"damage": 0.016645326504481434},"model": "item/idkk"},
		{"predicate": {"damage": 0.017285531370038413},"model": "item/idkk"},
		{"predicate": {"damage": 0.017925736235595388},"model": "item/idkk"},
		{"predicate": {"damage": 0.018565941101152367},"model": "item/idkk"},
		{"predicate": {"damage": 0.019206145966709345},"model": "item/idkk"},
		{"predicate": {"damage": 0.019846350832266324},"model": "item/idkk"},
		{"predicate": {"damage": 0.020486555697823303},"model": "item/idkk"},
		{"predicate": {"damage": 0.02112676056338028},"model": "item/idkk"}

	]
}