{
    "__comment": "Model animated using Fizzy's model animator - http://fizzy81.github.io/animated-models/", 
    "display": {
        "head": {
            "rotation": [ 0, 0, 0 ], 
            "translation": [ 0, -5, 0 ], 
            "scale": [ 1.5, 1.5, 1.5 ]
        }
    }, 
    "textures": {
        "main": "items/drill"
    }, 
    "elements": [
        {
            "name": "Cube", 
            "from": [ 0, 0, 0 ], 
            "to":   [ 16, 2, 2 ], 
            "faces": {
                "north": { "texture": "#main", "uv": [ 0, 0, 4, 0.5 ] }, 
                "east":  { "texture": "#main", "uv": [ 3.5, 0, 4, 0.5 ] }, 
                "south": { "texture": "#main", "uv": [ 0, 0, 4, 0.5 ] }, 
                "west":  { "texture": "#main", "uv": [ 3.5, 0, 4, 0.5 ] }, 
                "up":    { "texture": "#main", "uv": [ 0, 0, 4, 0.5 ] }, 
                "down":  { "texture": "#main", "uv": [ 0, 0, 4, 0.5 ] }
            }
        }, 
        {
            "name": "Cube", 
            "from": [ 0, 0, 14 ], 
            "to":   [ 16, 2, 16 ], 
            "faces": {
                "north": { "texture": "#main", "uv": [ 0, 0, 4, 0.5 ] }, 
                "east":  { "texture": "#main", "uv": [ 0, 0, 0.5, 0.5 ] }, 
                "south": { "texture": "#main", "uv": [ 0, 0, 4, 0.5 ] }, 
                "west":  { "texture": "#main", "uv": [ 0, 0, 0.5, 0.5 ] }, 
                "up":    { "texture": "#main", "uv": [ 0, 0, 4, 0.5 ] }, 
                "down":  { "texture": "#main", "uv": [ 0, 0, 4, 0.5 ] }
            }
        }, 
        {
            "name": "Cube", 
            "from": [ 0, 0, 2 ], 
            "to":   [ 2, 2, 14 ], 
            "faces": {
                "north": { "texture": "#main", "uv": [ 0, 0, 0.5, 0.5 ] }, 
                "east":  { "texture": "#main", "uv": [ 0.5, 0, 3.5, 0.5 ] }, 
                "south": { "texture": "#main", "uv": [ 0, 0, 0.5, 0.5 ] }, 
                "west":  { "texture": "#main", "uv": [ 0.5, 0, 3.5, 0.5 ] }, 
                "up":    { "texture": "#main", "uv": [ 0, 0.5, 0.5, 3.5 ] }, 
                "down":  { "texture": "#main", "uv": [ 0, 0.5, 0.5, 3.5 ] }
            }
        }, 
        {
            "name": "Cube", 
            "from": [ 14, 0, 2 ], 
            "to":   [ 16, 2, 14 ], 
            "faces": {
                "north": { "texture": "#main", "uv": [ 0, 0, 0.5, 0.5 ] }, 
                "east":  { "texture": "#main", "uv": [ 0.5, 0, 3.5, 0.5 ] }, 
                "south": { "texture": "#main", "uv": [ 0, 0, 0.5, 0.5 ] }, 
                "west":  { "texture": "#main", "uv": [ 0.5, 0, 3.5, 0.5 ] }, 
                "up":    { "texture": "#main", "uv": [ 0, 0.5, 0.5, 3.5 ] }, 
                "down":  { "texture": "#main", "uv": [ 0, 0.5, 0.5, 3.5 ] }
            }
        }, 
        {
            "name": "Cube", 
            "from": [ 1, 1, 1 ], 
            "to":   [ 3, 6, 3 ], 
            "faces": {
                "north": { "texture": "#main", "uv": [ 0, 0, 0.5, 1.25 ] }, 
                "east":  { "texture": "#main", "uv": [ 0, 0, 0.5, 1.25 ] }, 
                "south": { "texture": "#main", "uv": [ 0, 0, 0.5, 1.25 ] }, 
                "west":  { "texture": "#main", "uv": [ 0, 0, 0.5, 1.25 ] }, 
                "up":    { "texture": "#main", "uv": [ 0, 0, 0.5, 0.5 ] }, 
                "down":  { "texture": "#main", "uv": [ 0, 0, 0.5, 0.5 ] }
            }
        }, 
        {
            "name": "Cube", 
            "from": [ 13, 1, 1 ], 
            "to":   [ 15, 6, 3 ], 
            "faces": {
                "north": { "texture": "#main", "uv": [ 0, 0, 0.5, 1.25 ] }, 
                "east":  { "texture": "#main", "uv": [ 0, 0, 0.5, 1.25 ] }, 
                "south": { "texture": "#main", "uv": [ 0, 0, 0.5, 1.25 ] }, 
                "west":  { "texture": "#main", "uv": [ 0, 0, 0.5, 1.25 ] }, 
                "up":    { "texture": "#main", "uv": [ 0, 0, 0.5, 0.5 ] }, 
                "down":  { "texture": "#main", "uv": [ 0, 0, 0.5, 0.5 ] }
            }
        }, 
        {
            "name": "Cube", 
            "from": [ 3, 9, 3 ], 
            "to":   [ 13, 11, 13 ], 
            "faces": {
                "north": { "texture": "#main", "uv": [ 0.75, 0, 3.25, 0.5 ] }, 
                "east":  { "texture": "#main", "uv": [ 0.75, 0, 3.25, 0.5 ] }, 
                "south": { "texture": "#main", "uv": [ 0.75, 0, 3.25, 0.5 ] }, 
                "west":  { "texture": "#main", "uv": [ 0.75, 0, 3.25, 0.5 ] }, 
                "up":    { "texture": "#main", "uv": [ 0.75, 0.75, 3.25, 3.25 ] }, 
                "down":  { "texture": "#main", "uv": [ 0.75, 0.75, 3.25, 3.25 ] }
            }
        }, 
        {
            "name": "Cube", 
            "from": [ 7, 1, 7 ], 
            "to":   [ 9, 9, 9 ], 
            "faces": {
                "north": { "texture": "#main", "uv": [ 4, 0, 4.5, 2 ] }, 
                "east":  { "texture": "#main", "uv": [ 4.5, 0, 5, 2 ] }, 
                "south": { "texture": "#main", "uv": [ 5.25, 0, 5.75, 2 ] }, 
                "west":  { "texture": "#main", "uv": [ 6, 0, 6.5, 2 ] }, 
                "up":    { "texture": "#main", "uv": [ 4, 0, 4.5, 0.5 ] }, 
                "down":  { "texture": "#main", "uv": [ 4, 0, 4.5, 0.5 ] }
            }
        }, 
        {
            "name": "Cube", 
            "from": [ 1, 1, 13 ], 
            "to":   [ 3, 6, 15 ], 
            "faces": {
                "north": { "texture": "#main", "uv": [ 0, 0, 0.5, 1.25 ] }, 
                "east":  { "texture": "#main", "uv": [ 0, 0, 0.5, 1.25 ] }, 
                "south": { "texture": "#main", "uv": [ 0, 0, 0.5, 1.25 ] }, 
                "west":  { "texture": "#main", "uv": [ 0, 0, 0.5, 1.25 ] }, 
                "up":    { "texture": "#main", "uv": [ 0, 0, 0.5, 0.5 ] }, 
                "down":  { "texture": "#main", "uv": [ 0, 0, 0.5, 0.5 ] }
            }
        }, 
        {
            "name": "Cube", 
            "from": [ 13, 1, 13 ], 
            "to":   [ 15, 6, 15 ], 
            "faces": {
                "north": { "texture": "#main", "uv": [ 0, 0, 0.5, 1.25 ] }, 
                "east":  { "texture": "#main", "uv": [ 0, 0, 0.5, 1.25 ] }, 
                "south": { "texture": "#main", "uv": [ 0, 0, 0.5, 1.25 ] }, 
                "west":  { "texture": "#main", "uv": [ 0, 0, 0.5, 1.25 ] }, 
                "up":    { "texture": "#main", "uv": [ 0, 0, 0.5, 0.5 ] }, 
                "down":  { "texture": "#main", "uv": [ 0, 0, 0.5, 0.5 ] }
            }
        }, 
        {
            "name": "Cube", 
            "from": [ 12, 5, 2 ], 
            "to":   [ 14, 10, 4 ], 
            "faces": {
                "north": { "texture": "#main", "uv": [ 0, 0, 0.5, 1.25 ] }, 
                "east":  { "texture": "#main", "uv": [ 0, 0, 0.5, 1.25 ] }, 
                "south": { "texture": "#main", "uv": [ 0, 0, 0.5, 1.25 ] }, 
                "west":  { "texture": "#main", "uv": [ 0, 0, 0.5, 1.25 ] }, 
                "up":    { "texture": "#main", "uv": [ 0, 0, 0.5, 0.5 ] }, 
                "down":  { "texture": "#main", "uv": [ 0, 0, 0.5, 0.5 ] }
            }
        }, 
        {
            "name": "Cube", 
            "from": [ 2, 5, 2 ], 
            "to":   [ 4, 10, 4 ], 
            "faces": {
                "north": { "texture": "#main", "uv": [ 0, 0, 0.5, 1.25 ] }, 
                "east":  { "texture": "#main", "uv": [ 0, 0, 0.5, 1.25 ] }, 
                "south": { "texture": "#main", "uv": [ 0, 0, 0.5, 1.25 ] }, 
                "west":  { "texture": "#main", "uv": [ 0, 0, 0.5, 1.25 ] }, 
                "up":    { "texture": "#main", "uv": [ 0, 0, 0.5, 0.5 ] }, 
                "down":  { "texture": "#main", "uv": [ 0, 0, 0.5, 0.5 ] }
            }
        }, 
        {
            "name": "Cube", 
            "from": [ 2, 5, 12 ], 
            "to":   [ 4, 10, 14 ], 
            "faces": {
                "north": { "texture": "#main", "uv": [ 0, 0, 0.5, 1.25 ] }, 
                "east":  { "texture": "#main", "uv": [ 0, 0, 0.5, 1.25 ] }, 
                "south": { "texture": "#main", "uv": [ 0, 0, 0.5, 1.25 ] }, 
                "west":  { "texture": "#main", "uv": [ 0, 0, 0.5, 1.25 ] }, 
                "up":    { "texture": "#main", "uv": [ 0, 0, 0.5, 0.5 ] }, 
                "down":  { "texture": "#main", "uv": [ 0, 0, 0.5, 0.5 ] }
            }
        }, 
        {
            "name": "Cube", 
            "from": [ 12, 5, 12 ], 
            "to":   [ 14, 10, 14 ], 
            "faces": {
                "north": { "texture": "#main", "uv": [ 0, 0, 0.5, 1.25 ] }, 
                "east":  { "texture": "#main", "uv": [ 0, 0, 0.5, 1.25 ] }, 
                "south": { "texture": "#main", "uv": [ 0, 0, 0.5, 1.25 ] }, 
                "west":  { "texture": "#main", "uv": [ 0, 0, 0.5, 1.25 ] }, 
                "up":    { "texture": "#main", "uv": [ 0, 0, 0.5, 0.5 ] }, 
                "down":  { "texture": "#main", "uv": [ 0, 0, 0.5, 0.5 ] }
            }
        }, 
        {
            "name": "Cube", 
            "from": [ 9, 7, 7 ], 
            "to":   [ 9.49999999254942, 8, 8 ], 
            "faces": {
                "north": { "texture": "#main", "uv": [ 4, 0, 4.124999998137355, 0.25 ] }, 
                "east":  { "texture": "#main", "uv": [ 4.5, 0, 4.75, 0.25 ] }, 
                "south": { "texture": "#main", "uv": [ 5.25, 0, 5.374999998137355, 0.25 ] }, 
                "west":  { "texture": "#main", "uv": [ 6, 0, 6.25, 0.25 ] }, 
                "up":    { "texture": "#main", "uv": [ 4, 0, 4.124999998137355, 0.25 ] }, 
                "down":  { "texture": "#main", "uv": [ 4, 0, 4.124999998137355, 0.25 ] }
            }
        }, 
        {
            "name": "Cube", 
            "from": [ 9, 6, 8 ], 
            "to":   [ 9.49999999254942, 7, 9 ], 
            "faces": {
                "north": { "texture": "#main", "uv": [ 4, 0, 4.124999998137355, 0.25 ] }, 
                "east":  { "texture": "#main", "uv": [ 4.5, 0, 4.75, 0.25 ] }, 
                "south": { "texture": "#main", "uv": [ 5.25, 0, 5.374999998137355, 0.25 ] }, 
                "west":  { "texture": "#main", "uv": [ 6, 0, 6.25, 0.25 ] }, 
                "up":    { "texture": "#main", "uv": [ 4, 0, 4.124999998137355, 0.25 ] }, 
                "down":  { "texture": "#main", "uv": [ 4, 0, 4.124999998137355, 0.25 ] }
            }
        }, 
        {
            "name": "Cube", 
            "from": [ 8, 5, 9 ], 
            "to":   [ 9, 6, 9.49999999254942 ], 
            "faces": {
                "north": { "texture": "#main", "uv": [ 4, 0, 4.25, 0.25 ] }, 
                "east":  { "texture": "#main", "uv": [ 4.5, 0, 4.624999998137355, 0.25 ] }, 
                "south": { "texture": "#main", "uv": [ 5.25, 0, 5.5, 0.25 ] }, 
                "west":  { "texture": "#main", "uv": [ 6, 0, 6.124999998137355, 0.25 ] }, 
                "up":    { "texture": "#main", "uv": [ 4, 0, 4.25, 0.12499999813735485 ] }, 
                "down":  { "texture": "#main", "uv": [ 4, 0, 4.25, 0.12499999813735485 ] }
            }
        }, 
        {
            "name": "Cube", 
            "from": [ 7, 4, 9 ], 
            "to":   [ 8, 5, 9.49999999254942 ], 
            "faces": {
                "north": { "texture": "#main", "uv": [ 4, 0, 4.25, 0.25 ] }, 
                "east":  { "texture": "#main", "uv": [ 4.5, 0, 4.624999998137355, 0.25 ] }, 
                "south": { "texture": "#main", "uv": [ 5.25, 0, 5.5, 0.25 ] }, 
                "west":  { "texture": "#main", "uv": [ 6, 0, 6.124999998137355, 0.25 ] }, 
                "up":    { "texture": "#main", "uv": [ 4, 0, 4.25, 0.12499999813735485 ] }, 
                "down":  { "texture": "#main", "uv": [ 4, 0, 4.25, 0.12499999813735485 ] }
            }
        }, 
        {
            "name": "Cube", 
            "from": [ 6.500000007450581, 3, 8 ], 
            "to":   [ 7, 4, 9 ], 
            "faces": {
                "north": { "texture": "#main", "uv": [ 4, 0, 4.124999998137355, 0.25 ] }, 
                "east":  { "texture": "#main", "uv": [ 4.5, 0, 4.75, 0.25 ] }, 
                "south": { "texture": "#main", "uv": [ 5.25, 0, 5.374999998137355, 0.25 ] }, 
                "west":  { "texture": "#main", "uv": [ 6, 0, 6.25, 0.25 ] }, 
                "up":    { "texture": "#main", "uv": [ 4, 0, 4.124999998137355, 0.25 ] }, 
                "down":  { "texture": "#main", "uv": [ 4, 0, 4.124999998137355, 0.25 ] }
            }
        }, 
        {
            "name": "Cube", 
            "from": [ 6.500000007450581, 2, 7 ], 
            "to":   [ 7, 3, 8 ], 
            "faces": {
                "north": { "texture": "#main", "uv": [ 4, 0, 4.124999998137355, 0.25 ] }, 
                "east":  { "texture": "#main", "uv": [ 4.5, 0, 4.75, 0.25 ] }, 
                "south": { "texture": "#main", "uv": [ 5.25, 0, 5.374999998137355, 0.25 ] }, 
                "west":  { "texture": "#main", "uv": [ 6, 0, 6.25, 0.25 ] }, 
                "up":    { "texture": "#main", "uv": [ 4, 0, 4.124999998137355, 0.25 ] }, 
                "down":  { "texture": "#main", "uv": [ 4, 0, 4.124999998137355, 0.25 ] }
            }
        }, 
        {
            "name": "Cube", 
            "from": [ 7, 1, 6.500000007450581 ], 
            "to":   [ 8, 2, 7 ], 
            "faces": {
                "north": { "texture": "#main", "uv": [ 4, 0, 4.25, 0.25 ] }, 
                "east":  { "texture": "#main", "uv": [ 4.5, 0, 4.624999998137355, 0.25 ] }, 
                "south": { "texture": "#main", "uv": [ 5.25, 0, 5.5, 0.25 ] }, 
                "west":  { "texture": "#main", "uv": [ 6, 0, 6.124999998137355, 0.25 ] }, 
                "up":    { "texture": "#main", "uv": [ 4, 0, 4.25, 0.12499999813735485 ] }, 
                "down":  { "texture": "#main", "uv": [ 4, 0, 4.25, 0.12499999813735485 ] }
            }
        }, 
        {
            "name": "Cube", 
            "from": [ 9, 4, 7 ], 
            "to":   [ 9.49999999254942, 5, 8 ], 
            "faces": {
                "north": { "texture": "#main", "uv": [ 4, 0, 4.124999998137355, 0.25 ] }, 
                "east":  { "texture": "#main", "uv": [ 4.5, 0, 4.75, 0.25 ] }, 
                "south": { "texture": "#main", "uv": [ 5.25, 0, 5.374999998137355, 0.25 ] }, 
                "west":  { "texture": "#main", "uv": [ 6, 0, 6.25, 0.25 ] }, 
                "up":    { "texture": "#main", "uv": [ 4, 0, 4.124999998137355, 0.25 ] }, 
                "down":  { "texture": "#main", "uv": [ 4, 0, 4.124999998137355, 0.25 ] }
            }
        }, 
        {
            "name": "Cube", 
            "from": [ 9, 3, 8 ], 
            "to":   [ 9.49999999254942, 4, 9 ], 
            "faces": {
                "north": { "texture": "#main", "uv": [ 4, 0, 4.124999998137355, 0.25 ] }, 
                "east":  { "texture": "#main", "uv": [ 4.5, 0, 4.75, 0.25 ] }, 
                "south": { "texture": "#main", "uv": [ 5.25, 0, 5.374999998137355, 0.25 ] }, 
                "west":  { "texture": "#main", "uv": [ 6, 0, 6.25, 0.25 ] }, 
                "up":    { "texture": "#main", "uv": [ 4, 0, 4.124999998137355, 0.25 ] }, 
                "down":  { "texture": "#main", "uv": [ 4, 0, 4.124999998137355, 0.25 ] }
            }
        }, 
        {
            "name": "Cube", 
            "from": [ 8, 2, 9 ], 
            "to":   [ 9, 3, 9.49999999254942 ], 
            "faces": {
                "north": { "texture": "#main", "uv": [ 4, 0, 4.25, 0.25 ] }, 
                "east":  { "texture": "#main", "uv": [ 4.5, 0, 4.624999998137355, 0.25 ] }, 
                "south": { "texture": "#main", "uv": [ 5.25, 0, 5.5, 0.25 ] }, 
                "west":  { "texture": "#main", "uv": [ 6, 0, 6.124999998137355, 0.25 ] }, 
                "up":    { "texture": "#main", "uv": [ 4, 0, 4.25, 0.12499999813735485 ] }, 
                "down":  { "texture": "#main", "uv": [ 4, 0, 4.25, 0.12499999813735485 ] }
            }
        }, 
        {
            "name": "Cube", 
            "from": [ 7, 1, 9 ], 
            "to":   [ 8, 2, 9.49999999254942 ], 
            "faces": {
                "north": { "texture": "#main", "uv": [ 4, 0, 4.25, 0.25 ] }, 
                "east":  { "texture": "#main", "uv": [ 4.5, 0, 4.624999998137355, 0.25 ] }, 
                "south": { "texture": "#main", "uv": [ 5.25, 0, 5.5, 0.25 ] }, 
                "west":  { "texture": "#main", "uv": [ 6, 0, 6.124999998137355, 0.25 ] }, 
                "up":    { "texture": "#main", "uv": [ 4, 0, 4.25, 0.12499999813735485 ] }, 
                "down":  { "texture": "#main", "uv": [ 4, 0, 4.25, 0.12499999813735485 ] }
            }
        }, 
        {
            "name": "Cube", 
            "from": [ 7, 7, 9 ], 
            "to":   [ 8, 8, 9.49999999254942 ], 
            "faces": {
                "north": { "texture": "#main", "uv": [ 4, 0, 4.25, 0.25 ] }, 
                "east":  { "texture": "#main", "uv": [ 4.5, 0, 4.624999998137355, 0.25 ] }, 
                "south": { "texture": "#main", "uv": [ 5.25, 0, 5.5, 0.25 ] }, 
                "west":  { "texture": "#main", "uv": [ 6, 0, 6.124999998137355, 0.25 ] }, 
                "up":    { "texture": "#main", "uv": [ 4, 0, 4.25, 0.12499999813735485 ] }, 
                "down":  { "texture": "#main", "uv": [ 4, 0, 4.25, 0.12499999813735485 ] }
            }
        }, 
        {
            "name": "Cube", 
            "from": [ 6.500000007450581, 6, 8 ], 
            "to":   [ 7, 7, 9 ], 
            "faces": {
                "north": { "texture": "#main", "uv": [ 4, 0, 4.124999998137355, 0.25 ] }, 
                "east":  { "texture": "#main", "uv": [ 4.5, 0, 4.75, 0.25 ] }, 
                "south": { "texture": "#main", "uv": [ 5.25, 0, 5.374999998137355, 0.25 ] }, 
                "west":  { "texture": "#main", "uv": [ 6, 0, 6.25, 0.25 ] }, 
                "up":    { "texture": "#main", "uv": [ 4, 0, 4.124999998137355, 0.25 ] }, 
                "down":  { "texture": "#main", "uv": [ 4, 0, 4.124999998137355, 0.25 ] }
            }
        }, 
        {
            "name": "Cube", 
            "from": [ 6.500000007450581, 5, 7 ], 
            "to":   [ 7, 6, 8 ], 
            "faces": {
                "north": { "texture": "#main", "uv": [ 4, 0, 4.124999998137355, 0.25 ] }, 
                "east":  { "texture": "#main", "uv": [ 4.5, 0, 4.75, 0.25 ] }, 
                "south": { "texture": "#main", "uv": [ 5.25, 0, 5.374999998137355, 0.25 ] }, 
                "west":  { "texture": "#main", "uv": [ 6, 0, 6.25, 0.25 ] }, 
                "up":    { "texture": "#main", "uv": [ 4, 0, 4.124999998137355, 0.25 ] }, 
                "down":  { "texture": "#main", "uv": [ 4, 0, 4.124999998137355, 0.25 ] }
            }
        }, 
        {
            "name": "Cube", 
            "from": [ 7, 4, 6.500000007450581 ], 
            "to":   [ 8, 5, 7 ], 
            "faces": {
                "north": { "texture": "#main", "uv": [ 4, 0, 4.25, 0.25 ] }, 
                "east":  { "texture": "#main", "uv": [ 4.5, 0, 4.624999998137355, 0.25 ] }, 
                "south": { "texture": "#main", "uv": [ 5.25, 0, 5.5, 0.25 ] }, 
                "west":  { "texture": "#main", "uv": [ 6, 0, 6.124999998137355, 0.25 ] }, 
                "up":    { "texture": "#main", "uv": [ 4, 0, 4.25, 0.12499999813735485 ] }, 
                "down":  { "texture": "#main", "uv": [ 4, 0, 4.25, 0.12499999813735485 ] }
            }
        }, 
        {
            "name": "Cube", 
            "from": [ 8, 3, 6.500000007450581 ], 
            "to":   [ 9, 4, 7 ], 
            "faces": {
                "north": { "texture": "#main", "uv": [ 4, 0, 4.25, 0.25 ] }, 
                "east":  { "texture": "#main", "uv": [ 4.5, 0, 4.624999998137355, 0.25 ] }, 
                "south": { "texture": "#main", "uv": [ 5.25, 0, 5.5, 0.25 ] }, 
                "west":  { "texture": "#main", "uv": [ 6, 0, 6.124999998137355, 0.25 ] }, 
                "up":    { "texture": "#main", "uv": [ 4, 0, 4.25, 0.12499999813735485 ] }, 
                "down":  { "texture": "#main", "uv": [ 4, 0, 4.25, 0.12499999813735485 ] }
            }
        }, 
        {
            "name": "Cube", 
            "from": [ 7, 7, 6.500000007450581 ], 
            "to":   [ 8, 8, 7 ], 
            "faces": {
                "north": { "texture": "#main", "uv": [ 4, 0, 4.25, 0.25 ] }, 
                "east":  { "texture": "#main", "uv": [ 4.5, 0, 4.624999998137355, 0.25 ] }, 
                "south": { "texture": "#main", "uv": [ 5.25, 0, 5.5, 0.25 ] }, 
                "west":  { "texture": "#main", "uv": [ 6, 0, 6.124999998137355, 0.25 ] }, 
                "up":    { "texture": "#main", "uv": [ 4, 0, 4.25, 0.12499999813735485 ] }, 
                "down":  { "texture": "#main", "uv": [ 4, 0, 4.25, 0.12499999813735485 ] }
            }
        }, 
        {
            "name": "Cube", 
            "from": [ 8, 6, 6.500000007450581 ], 
            "to":   [ 9, 7, 7 ], 
            "faces": {
                "north": { "texture": "#main", "uv": [ 4, 0, 4.25, 0.25 ] }, 
                "east":  { "texture": "#main", "uv": [ 4.5, 0, 4.624999998137355, 0.25 ] }, 
                "south": { "texture": "#main", "uv": [ 5.25, 0, 5.5, 0.25 ] }, 
                "west":  { "texture": "#main", "uv": [ 6, 0, 6.124999998137355, 0.25 ] }, 
                "up":    { "texture": "#main", "uv": [ 4, 0, 4.25, 0.12499999813735485 ] }, 
                "down":  { "texture": "#main", "uv": [ 4, 0, 4.25, 0.12499999813735485 ] }
            }
        }, 
        {
            "name": "Cube", 
            "from": [ 0, 0, 0 ], 
            "to":   [ 16, 2, 2 ], 
            "shade": true, 
            "faces": {
                "north": { "uv": [ 8, 0, 12, 0.5 ], "texture": "#main" }, 
                "east":  { "uv": [ 11.5, 0, 12, 0.5 ], "texture": "#main" }, 
                "south": { "uv": [ 8, 0, 12, 0.5 ], "texture": "#main" }, 
                "west":  { "uv": [ 11.5, 0, 12, 0.5 ], "texture": "#main" }, 
                "up":    { "uv": [ 8, 0, 12, 0.5 ], "texture": "#main" }, 
                "down":  { "uv": [ 8, 0, 12, 0.5 ], "texture": "#main" }
            }
        }, 
        {
            "name": "Cube", 
            "from": [ 0, 0, 14 ], 
            "to":   [ 16, 2, 16 ], 
            "shade": true, 
            "faces": {
                "north": { "uv": [ 8, 0, 12, 0.5 ], "texture": "#main" }, 
                "east":  { "uv": [ 8, 0, 8.5, 0.5 ], "texture": "#main" }, 
                "south": { "uv": [ 8, 0, 12, 0.5 ], "texture": "#main" }, 
                "west":  { "uv": [ 8, 0, 8.5, 0.5 ], "texture": "#main" }, 
                "up":    { "uv": [ 8, 0, 12, 0.5 ], "texture": "#main" }, 
                "down":  { "uv": [ 8, 0, 12, 0.5 ], "texture": "#main" }
            }
        }, 
        {
            "name": "Cube", 
            "from": [ 0, 0, 2 ], 
            "to":   [ 2, 2, 14 ], 
            "shade": true, 
            "faces": {
                "north": { "uv": [ 8, 0, 8.5, 0.5 ], "texture": "#main" }, 
                "east":  { "uv": [ 8.5, 0, 11.5, 0.5 ], "texture": "#main" }, 
                "south": { "uv": [ 8, 0, 8.5, 0.5 ], "texture": "#main" }, 
                "west":  { "uv": [ 8.5, 0, 11.5, 0.5 ], "texture": "#main" }, 
                "up":    { "uv": [ 8, 0.5, 8.5, 3.5 ], "texture": "#main" }, 
                "down":  { "uv": [ 8, 0.5, 8.5, 3.5 ], "texture": "#main" }
            }
        }, 
        {
            "name": "Cube", 
            "from": [ 14, 0, 2 ], 
            "to":   [ 16, 2, 14 ], 
            "shade": true, 
            "faces": {
                "north": { "uv": [ 8, 0, 8.5, 0.5 ], "texture": "#main" }, 
                "east":  { "uv": [ 8.5, 0, 11.5, 0.5 ], "texture": "#main" }, 
                "south": { "uv": [ 8, 0, 8.5, 0.5 ], "texture": "#main" }, 
                "west":  { "uv": [ 8.5, 0, 11.5, 0.5 ], "texture": "#main" }, 
                "up":    { "uv": [ 8, 0.5, 8.5, 3.5 ], "texture": "#main" }, 
                "down":  { "uv": [ 8, 0.5, 8.5, 3.5 ], "texture": "#main" }
            }
        }, 
        {
            "name": "Cube", 
            "from": [ 1, 1, 1 ], 
            "to":   [ 3, 6, 3 ], 
            "shade": true, 
            "faces": {
                "north": { "uv": [ 8, 0, 8.5, 1.25 ], "texture": "#main" }, 
                "east":  { "uv": [ 8, 0, 8.5, 1.25 ], "texture": "#main" }, 
                "south": { "uv": [ 8, 0, 8.5, 1.25 ], "texture": "#main" }, 
                "west":  { "uv": [ 8, 0, 8.5, 1.25 ], "texture": "#main" }, 
                "up":    { "uv": [ 8, 0, 8.5, 0.5 ], "texture": "#main" }, 
                "down":  { "uv": [ 8, 0, 8.5, 0.5 ], "texture": "#main" }
            }
        }, 
        {
            "name": "Cube", 
            "from": [ 13, 1, 1 ], 
            "to":   [ 15, 6, 3 ], 
            "shade": true, 
            "faces": {
                "north": { "uv": [ 8, 0, 8.5, 1.25 ], "texture": "#main" }, 
                "east":  { "uv": [ 8, 0, 8.5, 1.25 ], "texture": "#main" }, 
                "south": { "uv": [ 8, 0, 8.5, 1.25 ], "texture": "#main" }, 
                "west":  { "uv": [ 8, 0, 8.5, 1.25 ], "texture": "#main" }, 
                "up":    { "uv": [ 8, 0, 8.5, 0.5 ], "texture": "#main" }, 
                "down":  { "uv": [ 8, 0, 8.5, 0.5 ], "texture": "#main" }
            }
        }, 
        {
            "name": "Cube", 
            "from": [ 3, 9, 3 ], 
            "to":   [ 13, 11, 13 ], 
            "shade": true, 
            "faces": {
                "north": { "uv": [ 8.75, 0, 11.25, 0.5 ], "texture": "#main" }, 
                "east":  { "uv": [ 8.75, 0, 11.25, 0.5 ], "texture": "#main" }, 
                "south": { "uv": [ 8.75, 0, 11.25, 0.5 ], "texture": "#main" }, 
                "west":  { "uv": [ 8.75, 0, 11.25, 0.5 ], "texture": "#main" }, 
                "up":    { "uv": [ 8.75, 0.75, 11.25, 3.25 ], "texture": "#main" }, 
                "down":  { "uv": [ 8.75, 0.75, 11.25, 3.25 ], "texture": "#main" }
            }
        }, 
        {
            "name": "Cube", 
            "from": [ 7, 1, 7 ], 
            "to":   [ 9, 9, 9 ], 
            "shade": true, 
            "faces": {
                "north": { "uv": [ 13.25, 0, 13.75, 2 ], "texture": "#main" }, 
                "east":  { "uv": [ 14, 0, 14.5, 2 ], "texture": "#main" }, 
                "south": { "uv": [ 12, 0, 12.5, 2 ], "texture": "#main" }, 
                "west":  { "uv": [ 12.5, 0, 13, 2 ], "texture": "#main" }, 
                "up":    { "uv": [ 12, 0, 12.5, 0.5 ], "texture": "#main", "rotation":180 }, 
                "down":  { "uv": [ 12, 0, 12.5, 0.5 ], "texture": "#main", "rotation":180 }
            }
        }, 
        {
            "name": "Cube", 
            "from": [ 1, 1, 13 ], 
            "to":   [ 3, 6, 15 ], 
            "shade": true, 
            "faces": {
                "north": { "uv": [ 8, 0, 8.5, 1.25 ], "texture": "#main" }, 
                "east":  { "uv": [ 8, 0, 8.5, 1.25 ], "texture": "#main" }, 
                "south": { "uv": [ 8, 0, 8.5, 1.25 ], "texture": "#main" }, 
                "west":  { "uv": [ 8, 0, 8.5, 1.25 ], "texture": "#main" }, 
                "up":    { "uv": [ 8, 0, 8.5, 0.5 ], "texture": "#main" }, 
                "down":  { "uv": [ 8, 0, 8.5, 0.5 ], "texture": "#main" }
            }
        }, 
        {
            "name": "Cube", 
            "from": [ 13, 1, 13 ], 
            "to":   [ 15, 6, 15 ], 
            "shade": true, 
            "faces": {
                "north": { "uv": [ 8, 0, 8.5, 1.25 ], "texture": "#main" }, 
                "east":  { "uv": [ 8, 0, 8.5, 1.25 ], "texture": "#main" }, 
                "south": { "uv": [ 8, 0, 8.5, 1.25 ], "texture": "#main" }, 
                "west":  { "uv": [ 8, 0, 8.5, 1.25 ], "texture": "#main" }, 
                "up":    { "uv": [ 8, 0, 8.5, 0.5 ], "texture": "#main" }, 
                "down":  { "uv": [ 8, 0, 8.5, 0.5 ], "texture": "#main" }
            }
        }, 
        {
            "name": "Cube", 
            "from": [ 12, 5, 2 ], 
            "to":   [ 14, 10, 4 ], 
            "shade": true, 
            "faces": {
                "north": { "uv": [ 8, 0, 8.5, 1.25 ], "texture": "#main" }, 
                "east":  { "uv": [ 8, 0, 8.5, 1.25 ], "texture": "#main" }, 
                "south": { "uv": [ 8, 0, 8.5, 1.25 ], "texture": "#main" }, 
                "west":  { "uv": [ 8, 0, 8.5, 1.25 ], "texture": "#main" }, 
                "up":    { "uv": [ 8, 0, 8.5, 0.5 ], "texture": "#main" }, 
                "down":  { "uv": [ 8, 0, 8.5, 0.5 ], "texture": "#main" }
            }
        }, 
        {
            "name": "Cube", 
            "from": [ 2, 5, 2 ], 
            "to":   [ 4, 10, 4 ], 
            "shade": true, 
            "faces": {
                "north": { "uv": [ 8, 0, 8.5, 1.25 ], "texture": "#main" }, 
                "east":  { "uv": [ 8, 0, 8.5, 1.25 ], "texture": "#main" }, 
                "south": { "uv": [ 8, 0, 8.5, 1.25 ], "texture": "#main" }, 
                "west":  { "uv": [ 8, 0, 8.5, 1.25 ], "texture": "#main" }, 
                "up":    { "uv": [ 8, 0, 8.5, 0.5 ], "texture": "#main" }, 
                "down":  { "uv": [ 8, 0, 8.5, 0.5 ], "texture": "#main" }
            }
        }, 
        {
            "name": "Cube", 
            "from": [ 2, 5, 12 ], 
            "to":   [ 4, 10, 14 ], 
            "shade": true, 
            "faces": {
                "north": { "uv": [ 8, 0, 8.5, 1.25 ], "texture": "#main" }, 
                "east":  { "uv": [ 8, 0, 8.5, 1.25 ], "texture": "#main" }, 
                "south": { "uv": [ 8, 0, 8.5, 1.25 ], "texture": "#main" }, 
                "west":  { "uv": [ 8, 0, 8.5, 1.25 ], "texture": "#main" }, 
                "up":    { "uv": [ 8, 0, 8.5, 0.5 ], "texture": "#main" }, 
                "down":  { "uv": [ 8, 0, 8.5, 0.5 ], "texture": "#main" }
            }
        }, 
        {
            "name": "Cube", 
            "from": [ 12, 5, 12 ], 
            "to":   [ 14, 10, 14 ], 
            "shade": true, 
            "faces": {
                "north": { "uv": [ 8, 0, 8.5, 1.25 ], "texture": "#main" }, 
                "east":  { "uv": [ 8, 0, 8.5, 1.25 ], "texture": "#main" }, 
                "south": { "uv": [ 8, 0, 8.5, 1.25 ], "texture": "#main" }, 
                "west":  { "uv": [ 8, 0, 8.5, 1.25 ], "texture": "#main" }, 
                "up":    { "uv": [ 8, 0, 8.5, 0.5 ], "texture": "#main" }, 
                "down":  { "uv": [ 8, 0, 8.5, 0.5 ], "texture": "#main" }
            }
        }, 
        {
            "name": "Cube", 
            "from": [ 6.500000007450581, 7, 8 ], 
            "to":   [ 7, 8, 9 ], 
            "shade": true, 
            "faces": {
                "north": { "uv": [ 13.25, 0, 13.374999998137355, 0.25 ], "texture": "#main" }, 
                "east":  { "uv": [ 14, 0, 14.25, 0.25 ], "texture": "#main" }, 
                "south": { "uv": [ 12, 0, 12.124999998137355, 0.25 ], "texture": "#main" }, 
                "west":  { "uv": [ 12.5, 0, 12.75, 0.25 ], "texture": "#main" }, 
                "up":    { "uv": [ 12, 0, 12.124999998137355, 0.25 ], "texture": "#main", "rotation":180 }, 
                "down":  { "uv": [ 12, 0, 12.124999998137355, 0.25 ], "texture": "#main", "rotation":180 }
            }
        }, 
        {
            "name": "Cube", 
            "from": [ 6.500000007450581, 6, 7 ], 
            "to":   [ 7, 7, 8 ], 
            "shade": true, 
            "faces": {
                "north": { "uv": [ 13.25, 0, 13.374999998137355, 0.25 ], "texture": "#main" }, 
                "east":  { "uv": [ 14, 0, 14.25, 0.25 ], "texture": "#main" }, 
                "south": { "uv": [ 12, 0, 12.124999998137355, 0.25 ], "texture": "#main" }, 
                "west":  { "uv": [ 12.5, 0, 12.75, 0.25 ], "texture": "#main" }, 
                "up":    { "uv": [ 12, 0, 12.124999998137355, 0.25 ], "texture": "#main", "rotation":180 }, 
                "down":  { "uv": [ 12, 0, 12.124999998137355, 0.25 ], "texture": "#main", "rotation":180 }
            }
        }, 
        {
            "name": "Cube", 
            "from": [ 7, 5, 6.500000007450581 ], 
            "to":   [ 8, 6, 7 ], 
            "shade": true, 
            "faces": {
                "north": { "uv": [ 13.25, 0, 13.5, 0.25 ], "texture": "#main" }, 
                "east":  { "uv": [ 14, 0, 14.124999998137355, 0.25 ], "texture": "#main" }, 
                "south": { "uv": [ 12, 0, 12.25, 0.25 ], "texture": "#main" }, 
                "west":  { "uv": [ 12.5, 0, 12.624999998137355, 0.25 ], "texture": "#main" }, 
                "up":    { "uv": [ 12, 0, 12.25, 0.12499999813735485 ], "texture": "#main", "rotation":180 }, 
                "down":  { "uv": [ 12, 0, 12.25, 0.12499999813735485 ], "texture": "#main", "rotation":180 }
            }
        }, 
        {
            "name": "Cube", 
            "from": [ 8, 4, 6.500000007450581 ], 
            "to":   [ 9, 5, 7 ], 
            "shade": true, 
            "faces": {
                "north": { "uv": [ 13.25, 0, 13.5, 0.25 ], "texture": "#main" }, 
                "east":  { "uv": [ 14, 0, 14.124999998137355, 0.25 ], "texture": "#main" }, 
                "south": { "uv": [ 12, 0, 12.25, 0.25 ], "texture": "#main" }, 
                "west":  { "uv": [ 12.5, 0, 12.624999998137355, 0.25 ], "texture": "#main" }, 
                "up":    { "uv": [ 12, 0, 12.25, 0.12499999813735485 ], "texture": "#main", "rotation":180 }, 
                "down":  { "uv": [ 12, 0, 12.25, 0.12499999813735485 ], "texture": "#main", "rotation":180 }
            }
        }, 
        {
            "name": "Cube", 
            "from": [ 9, 3, 7 ], 
            "to":   [ 9.49999999254942, 4, 8 ], 
            "shade": true, 
            "faces": {
                "north": { "uv": [ 13.25, 0, 13.374999998137355, 0.25 ], "texture": "#main" }, 
                "east":  { "uv": [ 14, 0, 14.25, 0.25 ], "texture": "#main" }, 
                "south": { "uv": [ 12, 0, 12.124999998137355, 0.25 ], "texture": "#main" }, 
                "west":  { "uv": [ 12.5, 0, 12.75, 0.25 ], "texture": "#main" }, 
                "up":    { "uv": [ 12, 0, 12.124999998137355, 0.25 ], "texture": "#main", "rotation":180 }, 
                "down":  { "uv": [ 12, 0, 12.124999998137355, 0.25 ], "texture": "#main", "rotation":180 }
            }
        }, 
        {
            "name": "Cube", 
            "from": [ 9, 2, 8 ], 
            "to":   [ 9.49999999254942, 3, 9 ], 
            "shade": true, 
            "faces": {
                "north": { "uv": [ 13.25, 0, 13.374999998137355, 0.25 ], "texture": "#main" }, 
                "east":  { "uv": [ 14, 0, 14.25, 0.25 ], "texture": "#main" }, 
                "south": { "uv": [ 12, 0, 12.124999998137355, 0.25 ], "texture": "#main" }, 
                "west":  { "uv": [ 12.5, 0, 12.75, 0.25 ], "texture": "#main" }, 
                "up":    { "uv": [ 12, 0, 12.124999998137355, 0.25 ], "texture": "#main", "rotation":180 }, 
                "down":  { "uv": [ 12, 0, 12.124999998137355, 0.25 ], "texture": "#main", "rotation":180 }
            }
        }, 
        {
            "name": "Cube", 
            "from": [ 8, 1, 9 ], 
            "to":   [ 9, 2, 9.49999999254942 ], 
            "shade": true, 
            "faces": {
                "north": { "uv": [ 13.25, 0, 13.5, 0.25 ], "texture": "#main" }, 
                "east":  { "uv": [ 14, 0, 14.124999998137355, 0.25 ], "texture": "#main" }, 
                "south": { "uv": [ 12, 0, 12.25, 0.25 ], "texture": "#main" }, 
                "west":  { "uv": [ 12.5, 0, 12.624999998137355, 0.25 ], "texture": "#main" }, 
                "up":    { "uv": [ 12, 0, 12.25, 0.12499999813735485 ], "texture": "#main", "rotation":180 }, 
                "down":  { "uv": [ 12, 0, 12.25, 0.12499999813735485 ], "texture": "#main", "rotation":180 }
            }
        }, 
        {
            "name": "Cube", 
            "from": [ 6.500000007450581, 4, 8 ], 
            "to":   [ 7, 5, 9 ], 
            "shade": true, 
            "faces": {
                "north": { "uv": [ 13.25, 0, 13.374999998137355, 0.25 ], "texture": "#main" }, 
                "east":  { "uv": [ 14, 0, 14.25, 0.25 ], "texture": "#main" }, 
                "south": { "uv": [ 12, 0, 12.124999998137355, 0.25 ], "texture": "#main" }, 
                "west":  { "uv": [ 12.5, 0, 12.75, 0.25 ], "texture": "#main" }, 
                "up":    { "uv": [ 12, 0, 12.124999998137355, 0.25 ], "texture": "#main", "rotation":180 }, 
                "down":  { "uv": [ 12, 0, 12.124999998137355, 0.25 ], "texture": "#main", "rotation":180 }
            }
        }, 
        {
            "name": "Cube", 
            "from": [ 6.500000007450581, 3, 7 ], 
            "to":   [ 7, 4, 8 ], 
            "shade": true, 
            "faces": {
                "north": { "uv": [ 13.25, 0, 13.374999998137355, 0.25 ], "texture": "#main" }, 
                "east":  { "uv": [ 14, 0, 14.25, 0.25 ], "texture": "#main" }, 
                "south": { "uv": [ 12, 0, 12.124999998137355, 0.25 ], "texture": "#main" }, 
                "west":  { "uv": [ 12.5, 0, 12.75, 0.25 ], "texture": "#main" }, 
                "up":    { "uv": [ 12, 0, 12.124999998137355, 0.25 ], "texture": "#main", "rotation":180 }, 
                "down":  { "uv": [ 12, 0, 12.124999998137355, 0.25 ], "texture": "#main", "rotation":180 }
            }
        }, 
        {
            "name": "Cube", 
            "from": [ 7, 2, 6.500000007450581 ], 
            "to":   [ 8, 3, 7 ], 
            "shade": true, 
            "faces": {
                "north": { "uv": [ 13.25, 0, 13.5, 0.25 ], "texture": "#main" }, 
                "east":  { "uv": [ 14, 0, 14.124999998137355, 0.25 ], "texture": "#main" }, 
                "south": { "uv": [ 12, 0, 12.25, 0.25 ], "texture": "#main" }, 
                "west":  { "uv": [ 12.5, 0, 12.624999998137355, 0.25 ], "texture": "#main" }, 
                "up":    { "uv": [ 12, 0, 12.25, 0.12499999813735485 ], "texture": "#main", "rotation":180 }, 
                "down":  { "uv": [ 12, 0, 12.25, 0.12499999813735485 ], "texture": "#main", "rotation":180 }
            }
        }, 
        {
            "name": "Cube", 
            "from": [ 8, 1, 6.500000007450581 ], 
            "to":   [ 9, 2, 7 ], 
            "shade": true, 
            "faces": {
                "north": { "uv": [ 13.25, 0, 13.5, 0.25 ], "texture": "#main" }, 
                "east":  { "uv": [ 14, 0, 14.124999998137355, 0.25 ], "texture": "#main" }, 
                "south": { "uv": [ 12, 0, 12.25, 0.25 ], "texture": "#main" }, 
                "west":  { "uv": [ 12.5, 0, 12.624999998137355, 0.25 ], "texture": "#main" }, 
                "up":    { "uv": [ 12, 0, 12.25, 0.12499999813735485 ], "texture": "#main", "rotation":180 }, 
                "down":  { "uv": [ 12, 0, 12.25, 0.12499999813735485 ], "texture": "#main", "rotation":180 }
            }
        }, 
        {
            "name": "Cube", 
            "from": [ 8, 7, 6.500000007450581 ], 
            "to":   [ 9, 8, 7 ], 
            "shade": true, 
            "faces": {
                "north": { "uv": [ 13.25, 0, 13.5, 0.25 ], "texture": "#main" }, 
                "east":  { "uv": [ 14, 0, 14.124999998137355, 0.25 ], "texture": "#main" }, 
                "south": { "uv": [ 12, 0, 12.25, 0.25 ], "texture": "#main" }, 
                "west":  { "uv": [ 12.5, 0, 12.624999998137355, 0.25 ], "texture": "#main" }, 
                "up":    { "uv": [ 12, 0, 12.25, 0.12499999813735485 ], "texture": "#main", "rotation":180 }, 
                "down":  { "uv": [ 12, 0, 12.25, 0.12499999813735485 ], "texture": "#main", "rotation":180 }
            }
        }, 
        {
            "name": "Cube", 
            "from": [ 9, 6, 7 ], 
            "to":   [ 9.49999999254942, 7, 8 ], 
            "shade": true, 
            "faces": {
                "north": { "uv": [ 13.25, 0, 13.374999998137355, 0.25 ], "texture": "#main" }, 
                "east":  { "uv": [ 14, 0, 14.25, 0.25 ], "texture": "#main" }, 
                "south": { "uv": [ 12, 0, 12.124999998137355, 0.25 ], "texture": "#main" }, 
                "west":  { "uv": [ 12.5, 0, 12.75, 0.25 ], "texture": "#main" }, 
                "up":    { "uv": [ 12, 0, 12.124999998137355, 0.25 ], "texture": "#main", "rotation":180 }, 
                "down":  { "uv": [ 12, 0, 12.124999998137355, 0.25 ], "texture": "#main", "rotation":180 }
            }
        }, 
        {
            "name": "Cube", 
            "from": [ 9, 5, 8 ], 
            "to":   [ 9.49999999254942, 6, 9 ], 
            "shade": true, 
            "faces": {
                "north": { "uv": [ 13.25, 0, 13.374999998137355, 0.25 ], "texture": "#main" }, 
                "east":  { "uv": [ 14, 0, 14.25, 0.25 ], "texture": "#main" }, 
                "south": { "uv": [ 12, 0, 12.124999998137355, 0.25 ], "texture": "#main" }, 
                "west":  { "uv": [ 12.5, 0, 12.75, 0.25 ], "texture": "#main" }, 
                "up":    { "uv": [ 12, 0, 12.124999998137355, 0.25 ], "texture": "#main", "rotation":180 }, 
                "down":  { "uv": [ 12, 0, 12.124999998137355, 0.25 ], "texture": "#main", "rotation":180 }
            }
        }, 
        {
            "name": "Cube", 
            "from": [ 8, 4, 9 ], 
            "to":   [ 9, 5, 9.49999999254942 ], 
            "shade": true, 
            "faces": {
                "north": { "uv": [ 13.25, 0, 13.5, 0.25 ], "texture": "#main" }, 
                "east":  { "uv": [ 14, 0, 14.124999998137355, 0.25 ], "texture": "#main" }, 
                "south": { "uv": [ 12, 0, 12.25, 0.25 ], "texture": "#main" }, 
                "west":  { "uv": [ 12.5, 0, 12.624999998137355, 0.25 ], "texture": "#main" }, 
                "up":    { "uv": [ 12, 0, 12.25, 0.12499999813735485 ], "texture": "#main", "rotation":180 }, 
                "down":  { "uv": [ 12, 0, 12.25, 0.12499999813735485 ], "texture": "#main", "rotation":180 }
            }
        }, 
        {
            "name": "Cube", 
            "from": [ 7, 3, 9 ], 
            "to":   [ 8, 4, 9.49999999254942 ], 
            "shade": true, 
            "faces": {
                "north": { "uv": [ 13.25, 0, 13.5, 0.25 ], "texture": "#main" }, 
                "east":  { "uv": [ 14, 0, 14.124999998137355, 0.25 ], "texture": "#main" }, 
                "south": { "uv": [ 12, 0, 12.25, 0.25 ], "texture": "#main" }, 
                "west":  { "uv": [ 12.5, 0, 12.624999998137355, 0.25 ], "texture": "#main" }, 
                "up":    { "uv": [ 12, 0, 12.25, 0.12499999813735485 ], "texture": "#main", "rotation":180 }, 
                "down":  { "uv": [ 12, 0, 12.25, 0.12499999813735485 ], "texture": "#main", "rotation":180 }
            }
        }, 
        {
            "name": "Cube", 
            "from": [ 8, 7, 9 ], 
            "to":   [ 9, 8, 9.49999999254942 ], 
            "shade": true, 
            "faces": {
                "north": { "uv": [ 13.25, 0, 13.5, 0.25 ], "texture": "#main" }, 
                "east":  { "uv": [ 14, 0, 14.124999998137355, 0.25 ], "texture": "#main" }, 
                "south": { "uv": [ 12, 0, 12.25, 0.25 ], "texture": "#main" }, 
                "west":  { "uv": [ 12.5, 0, 12.624999998137355, 0.25 ], "texture": "#main" }, 
                "up":    { "uv": [ 12, 0, 12.25, 0.12499999813735485 ], "texture": "#main", "rotation":180 }, 
                "down":  { "uv": [ 12, 0, 12.25, 0.12499999813735485 ], "texture": "#main", "rotation":180 }
            }
        }, 
        {
            "name": "Cube", 
            "from": [ 7, 6, 9 ], 
            "to":   [ 8, 7, 9.49999999254942 ], 
            "shade": true, 
            "faces": {
                "north": { "uv": [ 13.25, 0, 13.5, 0.25 ], "texture": "#main" }, 
                "east":  { "uv": [ 14, 0, 14.124999998137355, 0.25 ], "texture": "#main" }, 
                "south": { "uv": [ 12, 0, 12.25, 0.25 ], "texture": "#main" }, 
                "west":  { "uv": [ 12.5, 0, 12.624999998137355, 0.25 ], "texture": "#main" }, 
                "up":    { "uv": [ 12, 0, 12.25, 0.12499999813735485 ], "texture": "#main", "rotation":180 }, 
                "down":  { "uv": [ 12, 0, 12.25, 0.12499999813735485 ], "texture": "#main", "rotation":180 }
            }
        }, 
        {
            "name": "Cube", 
            "from": [ 0, 0, 0 ], 
            "to":   [ 16, 2, 2 ], 
            "shade": true, 
            "faces": {
                "north": { "uv": [ 0, 8, 4, 8.5 ], "texture": "#main" }, 
                "east":  { "uv": [ 3.5, 8, 4, 8.5 ], "texture": "#main" }, 
                "south": { "uv": [ 0, 8, 4, 8.5 ], "texture": "#main" }, 
                "west":  { "uv": [ 3.5, 8, 4, 8.5 ], "texture": "#main" }, 
                "up":    { "uv": [ 0, 8, 4, 8.5 ], "texture": "#main" }, 
                "down":  { "uv": [ 0, 8, 4, 8.5 ], "texture": "#main" }
            }
        }, 
        {
            "name": "Cube", 
            "from": [ 0, 0, 14 ], 
            "to":   [ 16, 2, 16 ], 
            "shade": true, 
            "faces": {
                "north": { "uv": [ 0, 8, 4, 8.5 ], "texture": "#main" }, 
                "east":  { "uv": [ 0, 8, 0.5, 8.5 ], "texture": "#main" }, 
                "south": { "uv": [ 0, 8, 4, 8.5 ], "texture": "#main" }, 
                "west":  { "uv": [ 0, 8, 0.5, 8.5 ], "texture": "#main" }, 
                "up":    { "uv": [ 0, 8, 4, 8.5 ], "texture": "#main" }, 
                "down":  { "uv": [ 0, 8, 4, 8.5 ], "texture": "#main" }
            }
        }, 
        {
            "name": "Cube", 
            "from": [ 0, 0, 2 ], 
            "to":   [ 2, 2, 14 ], 
            "shade": true, 
            "faces": {
                "north": { "uv": [ 0, 8, 0.5, 8.5 ], "texture": "#main" }, 
                "east":  { "uv": [ 0.5, 8, 3.5, 8.5 ], "texture": "#main" }, 
                "south": { "uv": [ 0, 8, 0.5, 8.5 ], "texture": "#main" }, 
                "west":  { "uv": [ 0.5, 8, 3.5, 8.5 ], "texture": "#main" }, 
                "up":    { "uv": [ 0, 8.5, 0.5, 11.5 ], "texture": "#main" }, 
                "down":  { "uv": [ 0, 8.5, 0.5, 11.5 ], "texture": "#main" }
            }
        }, 
        {
            "name": "Cube", 
            "from": [ 14, 0, 2 ], 
            "to":   [ 16, 2, 14 ], 
            "shade": true, 
            "faces": {
                "north": { "uv": [ 0, 8, 0.5, 8.5 ], "texture": "#main" }, 
                "east":  { "uv": [ 0.5, 8, 3.5, 8.5 ], "texture": "#main" }, 
                "south": { "uv": [ 0, 8, 0.5, 8.5 ], "texture": "#main" }, 
                "west":  { "uv": [ 0.5, 8, 3.5, 8.5 ], "texture": "#main" }, 
                "up":    { "uv": [ 0, 8.5, 0.5, 11.5 ], "texture": "#main" }, 
                "down":  { "uv": [ 0, 8.5, 0.5, 11.5 ], "texture": "#main" }
            }
        }, 
        {
            "name": "Cube", 
            "from": [ 1, 1, 1 ], 
            "to":   [ 3, 6, 3 ], 
            "shade": true, 
            "faces": {
                "north": { "uv": [ 0, 8, 0.5, 9.25 ], "texture": "#main" }, 
                "east":  { "uv": [ 0, 8, 0.5, 9.25 ], "texture": "#main" }, 
                "south": { "uv": [ 0, 8, 0.5, 9.25 ], "texture": "#main" }, 
                "west":  { "uv": [ 0, 8, 0.5, 9.25 ], "texture": "#main" }, 
                "up":    { "uv": [ 0, 8, 0.5, 8.5 ], "texture": "#main" }, 
                "down":  { "uv": [ 0, 8, 0.5, 8.5 ], "texture": "#main" }
            }
        }, 
        {
            "name": "Cube", 
            "from": [ 13, 1, 1 ], 
            "to":   [ 15, 6, 3 ], 
            "shade": true, 
            "faces": {
                "north": { "uv": [ 0, 8, 0.5, 9.25 ], "texture": "#main" }, 
                "east":  { "uv": [ 0, 8, 0.5, 9.25 ], "texture": "#main" }, 
                "south": { "uv": [ 0, 8, 0.5, 9.25 ], "texture": "#main" }, 
                "west":  { "uv": [ 0, 8, 0.5, 9.25 ], "texture": "#main" }, 
                "up":    { "uv": [ 0, 8, 0.5, 8.5 ], "texture": "#main" }, 
                "down":  { "uv": [ 0, 8, 0.5, 8.5 ], "texture": "#main" }
            }
        }, 
        {
            "name": "Cube", 
            "from": [ 3, 9, 3 ], 
            "to":   [ 13, 11, 13 ], 
            "shade": true, 
            "faces": {
                "north": { "uv": [ 0.75, 8, 3.25, 8.5 ], "texture": "#main" }, 
                "east":  { "uv": [ 0.75, 8, 3.25, 8.5 ], "texture": "#main" }, 
                "south": { "uv": [ 0.75, 8, 3.25, 8.5 ], "texture": "#main" }, 
                "west":  { "uv": [ 0.75, 8, 3.25, 8.5 ], "texture": "#main" }, 
                "up":    { "uv": [ 0.75, 8.75, 3.25, 11.25 ], "texture": "#main" }, 
                "down":  { "uv": [ 0.75, 8.75, 3.25, 11.25 ], "texture": "#main" }
            }
        }, 
        {
            "name": "Cube", 
            "from": [ 7, 1, 7 ], 
            "to":   [ 9, 9, 9 ], 
            "shade": true, 
            "faces": {
                "north": { "uv": [ 4.5, 8, 5, 10 ], "texture": "#main" }, 
                "east":  { "uv": [ 5.25, 8, 5.75, 10 ], "texture": "#main" }, 
                "south": { "uv": [ 6, 8, 6.5, 10 ], "texture": "#main" }, 
                "west":  { "uv": [ 4, 8, 4.5, 10 ], "texture": "#main" }, 
                "up":    { "uv": [ 4, 8, 4.5, 8.5 ], "texture": "#main", "rotation":270 }, 
                "down":  { "uv": [ 4, 8, 4.5, 8.5 ], "texture": "#main", "rotation":90 }
            }
        }, 
        {
            "name": "Cube", 
            "from": [ 1, 1, 13 ], 
            "to":   [ 3, 6, 15 ], 
            "shade": true, 
            "faces": {
                "north": { "uv": [ 0, 8, 0.5, 9.25 ], "texture": "#main" }, 
                "east":  { "uv": [ 0, 8, 0.5, 9.25 ], "texture": "#main" }, 
                "south": { "uv": [ 0, 8, 0.5, 9.25 ], "texture": "#main" }, 
                "west":  { "uv": [ 0, 8, 0.5, 9.25 ], "texture": "#main" }, 
                "up":    { "uv": [ 0, 8, 0.5, 8.5 ], "texture": "#main" }, 
                "down":  { "uv": [ 0, 8, 0.5, 8.5 ], "texture": "#main" }
            }
        }, 
        {
            "name": "Cube", 
            "from": [ 13, 1, 13 ], 
            "to":   [ 15, 6, 15 ], 
            "shade": true, 
            "faces": {
                "north": { "uv": [ 0, 8, 0.5, 9.25 ], "texture": "#main" }, 
                "east":  { "uv": [ 0, 8, 0.5, 9.25 ], "texture": "#main" }, 
                "south": { "uv": [ 0, 8, 0.5, 9.25 ], "texture": "#main" }, 
                "west":  { "uv": [ 0, 8, 0.5, 9.25 ], "texture": "#main" }, 
                "up":    { "uv": [ 0, 8, 0.5, 8.5 ], "texture": "#main" }, 
                "down":  { "uv": [ 0, 8, 0.5, 8.5 ], "texture": "#main" }
            }
        }, 
        {
            "name": "Cube", 
            "from": [ 12, 5, 2 ], 
            "to":   [ 14, 10, 4 ], 
            "shade": true, 
            "faces": {
                "north": { "uv": [ 0, 8, 0.5, 9.25 ], "texture": "#main" }, 
                "east":  { "uv": [ 0, 8, 0.5, 9.25 ], "texture": "#main" }, 
                "south": { "uv": [ 0, 8, 0.5, 9.25 ], "texture": "#main" }, 
                "west":  { "uv": [ 0, 8, 0.5, 9.25 ], "texture": "#main" }, 
                "up":    { "uv": [ 0, 8, 0.5, 8.5 ], "texture": "#main" }, 
                "down":  { "uv": [ 0, 8, 0.5, 8.5 ], "texture": "#main" }
            }
        }, 
        {
            "name": "Cube", 
            "from": [ 2, 5, 2 ], 
            "to":   [ 4, 10, 4 ], 
            "shade": true, 
            "faces": {
                "north": { "uv": [ 0, 8, 0.5, 9.25 ], "texture": "#main" }, 
                "east":  { "uv": [ 0, 8, 0.5, 9.25 ], "texture": "#main" }, 
                "south": { "uv": [ 0, 8, 0.5, 9.25 ], "texture": "#main" }, 
                "west":  { "uv": [ 0, 8, 0.5, 9.25 ], "texture": "#main" }, 
                "up":    { "uv": [ 0, 8, 0.5, 8.5 ], "texture": "#main" }, 
                "down":  { "uv": [ 0, 8, 0.5, 8.5 ], "texture": "#main" }
            }
        }, 
        {
            "name": "Cube", 
            "from": [ 2, 5, 12 ], 
            "to":   [ 4, 10, 14 ], 
            "shade": true, 
            "faces": {
                "north": { "uv": [ 0, 8, 0.5, 9.25 ], "texture": "#main" }, 
                "east":  { "uv": [ 0, 8, 0.5, 9.25 ], "texture": "#main" }, 
                "south": { "uv": [ 0, 8, 0.5, 9.25 ], "texture": "#main" }, 
                "west":  { "uv": [ 0, 8, 0.5, 9.25 ], "texture": "#main" }, 
                "up":    { "uv": [ 0, 8, 0.5, 8.5 ], "texture": "#main" }, 
                "down":  { "uv": [ 0, 8, 0.5, 8.5 ], "texture": "#main" }
            }
        }, 
        {
            "name": "Cube", 
            "from": [ 12, 5, 12 ], 
            "to":   [ 14, 10, 14 ], 
            "shade": true, 
            "faces": {
                "north": { "uv": [ 0, 8, 0.5, 9.25 ], "texture": "#main" }, 
                "east":  { "uv": [ 0, 8, 0.5, 9.25 ], "texture": "#main" }, 
                "south": { "uv": [ 0, 8, 0.5, 9.25 ], "texture": "#main" }, 
                "west":  { "uv": [ 0, 8, 0.5, 9.25 ], "texture": "#main" }, 
                "up":    { "uv": [ 0, 8, 0.5, 8.5 ], "texture": "#main" }, 
                "down":  { "uv": [ 0, 8, 0.5, 8.5 ], "texture": "#main" }
            }
        }, 
        {
            "name": "Cube", 
            "from": [ 7, 7, 6.500000007450581 ], 
            "to":   [ 8, 8, 7 ], 
            "shade": true, 
            "faces": {
                "north": { "uv": [ 4.5, 8, 4.75, 8.25 ], "texture": "#main" }, 
                "east":  { "uv": [ 5.25, 8, 5.374999998137355, 8.25 ], "texture": "#main" }, 
                "south": { "uv": [ 6, 8, 6.25, 8.25 ], "texture": "#main" }, 
                "west":  { "uv": [ 4, 8, 4.124999998137355, 8.25 ], "texture": "#main" }, 
                "up":    { "uv": [ 4, 8, 4.124999998137355, 8.25 ], "texture": "#main", "rotation":270 }, 
                "down":  { "uv": [ 4, 8, 4.124999998137355, 8.25 ], "texture": "#main", "rotation":90 }
            }
        }, 
        {
            "name": "Cube", 
            "from": [ 8, 6, 6.500000007450581 ], 
            "to":   [ 9, 7, 7 ], 
            "shade": true, 
            "faces": {
                "north": { "uv": [ 4.5, 8, 4.75, 8.25 ], "texture": "#main" }, 
                "east":  { "uv": [ 5.25, 8, 5.374999998137355, 8.25 ], "texture": "#main" }, 
                "south": { "uv": [ 6, 8, 6.25, 8.25 ], "texture": "#main" }, 
                "west":  { "uv": [ 4, 8, 4.124999998137355, 8.25 ], "texture": "#main" }, 
                "up":    { "uv": [ 4, 8, 4.124999998137355, 8.25 ], "texture": "#main", "rotation":270 }, 
                "down":  { "uv": [ 4, 8, 4.124999998137355, 8.25 ], "texture": "#main", "rotation":90 }
            }
        }, 
        {
            "name": "Cube", 
            "from": [ 9, 5, 7 ], 
            "to":   [ 9.49999999254942, 6, 8 ], 
            "shade": true, 
            "faces": {
                "north": { "uv": [ 4.5, 8, 4.624999998137355, 8.25 ], "texture": "#main" }, 
                "east":  { "uv": [ 5.25, 8, 5.5, 8.25 ], "texture": "#main" }, 
                "south": { "uv": [ 6, 8, 6.124999998137355, 8.25 ], "texture": "#main" }, 
                "west":  { "uv": [ 4, 8, 4.25, 8.25 ], "texture": "#main" }, 
                "up":    { "uv": [ 4, 8, 4.25, 8.124999998137355 ], "texture": "#main", "rotation":270 }, 
                "down":  { "uv": [ 4, 8, 4.25, 8.124999998137355 ], "texture": "#main", "rotation":90 }
            }
        }, 
        {
            "name": "Cube", 
            "from": [ 9, 4, 8 ], 
            "to":   [ 9.49999999254942, 5, 9 ], 
            "shade": true, 
            "faces": {
                "north": { "uv": [ 4.5, 8, 4.624999998137355, 8.25 ], "texture": "#main" }, 
                "east":  { "uv": [ 5.25, 8, 5.5, 8.25 ], "texture": "#main" }, 
                "south": { "uv": [ 6, 8, 6.124999998137355, 8.25 ], "texture": "#main" }, 
                "west":  { "uv": [ 4, 8, 4.25, 8.25 ], "texture": "#main" }, 
                "up":    { "uv": [ 4, 8, 4.25, 8.124999998137355 ], "texture": "#main", "rotation":270 }, 
                "down":  { "uv": [ 4, 8, 4.25, 8.124999998137355 ], "texture": "#main", "rotation":90 }
            }
        }, 
        {
            "name": "Cube", 
            "from": [ 8, 3, 9 ], 
            "to":   [ 9, 4, 9.49999999254942 ], 
            "shade": true, 
            "faces": {
                "north": { "uv": [ 4.5, 8, 4.75, 8.25 ], "texture": "#main" }, 
                "east":  { "uv": [ 5.25, 8, 5.374999998137355, 8.25 ], "texture": "#main" }, 
                "south": { "uv": [ 6, 8, 6.25, 8.25 ], "texture": "#main" }, 
                "west":  { "uv": [ 4, 8, 4.124999998137355, 8.25 ], "texture": "#main" }, 
                "up":    { "uv": [ 4, 8, 4.124999998137355, 8.25 ], "texture": "#main", "rotation":270 }, 
                "down":  { "uv": [ 4, 8, 4.124999998137355, 8.25 ], "texture": "#main", "rotation":90 }
            }
        }, 
        {
            "name": "Cube", 
            "from": [ 7, 2, 9 ], 
            "to":   [ 8, 3, 9.49999999254942 ], 
            "shade": true, 
            "faces": {
                "north": { "uv": [ 4.5, 8, 4.75, 8.25 ], "texture": "#main" }, 
                "east":  { "uv": [ 5.25, 8, 5.374999998137355, 8.25 ], "texture": "#main" }, 
                "south": { "uv": [ 6, 8, 6.25, 8.25 ], "texture": "#main" }, 
                "west":  { "uv": [ 4, 8, 4.124999998137355, 8.25 ], "texture": "#main" }, 
                "up":    { "uv": [ 4, 8, 4.124999998137355, 8.25 ], "texture": "#main", "rotation":270 }, 
                "down":  { "uv": [ 4, 8, 4.124999998137355, 8.25 ], "texture": "#main", "rotation":90 }
            }
        }, 
        {
            "name": "Cube", 
            "from": [ 6.500000007450581, 1, 8 ], 
            "to":   [ 7, 2, 9 ], 
            "shade": true, 
            "faces": {
                "north": { "uv": [ 4.5, 8, 4.624999998137355, 8.25 ], "texture": "#main" }, 
                "east":  { "uv": [ 5.25, 8, 5.5, 8.25 ], "texture": "#main" }, 
                "south": { "uv": [ 6, 8, 6.124999998137355, 8.25 ], "texture": "#main" }, 
                "west":  { "uv": [ 4, 8, 4.25, 8.25 ], "texture": "#main" }, 
                "up":    { "uv": [ 4, 8, 4.25, 8.124999998137355 ], "texture": "#main", "rotation":270 }, 
                "down":  { "uv": [ 4, 8, 4.25, 8.124999998137355 ], "texture": "#main", "rotation":90 }
            }
        }, 
        {
            "name": "Cube", 
            "from": [ 7, 4, 6.500000007450581 ], 
            "to":   [ 8, 5, 7 ], 
            "shade": true, 
            "faces": {
                "north": { "uv": [ 4.5, 8, 4.75, 8.25 ], "texture": "#main" }, 
                "east":  { "uv": [ 5.25, 8, 5.374999998137355, 8.25 ], "texture": "#main" }, 
                "south": { "uv": [ 6, 8, 6.25, 8.25 ], "texture": "#main" }, 
                "west":  { "uv": [ 4, 8, 4.124999998137355, 8.25 ], "texture": "#main" }, 
                "up":    { "uv": [ 4, 8, 4.124999998137355, 8.25 ], "texture": "#main", "rotation":270 }, 
                "down":  { "uv": [ 4, 8, 4.124999998137355, 8.25 ], "texture": "#main", "rotation":90 }
            }
        }, 
        {
            "name": "Cube", 
            "from": [ 8, 3, 6.500000007450581 ], 
            "to":   [ 9, 4, 7 ], 
            "shade": true, 
            "faces": {
                "north": { "uv": [ 4.5, 8, 4.75, 8.25 ], "texture": "#main" }, 
                "east":  { "uv": [ 5.25, 8, 5.374999998137355, 8.25 ], "texture": "#main" }, 
                "south": { "uv": [ 6, 8, 6.25, 8.25 ], "texture": "#main" }, 
                "west":  { "uv": [ 4, 8, 4.124999998137355, 8.25 ], "texture": "#main" }, 
                "up":    { "uv": [ 4, 8, 4.124999998137355, 8.25 ], "texture": "#main", "rotation":270 }, 
                "down":  { "uv": [ 4, 8, 4.124999998137355, 8.25 ], "texture": "#main", "rotation":90 }
            }
        }, 
        {
            "name": "Cube", 
            "from": [ 9, 2, 7 ], 
            "to":   [ 9.49999999254942, 3, 8 ], 
            "shade": true, 
            "faces": {
                "north": { "uv": [ 4.5, 8, 4.624999998137355, 8.25 ], "texture": "#main" }, 
                "east":  { "uv": [ 5.25, 8, 5.5, 8.25 ], "texture": "#main" }, 
                "south": { "uv": [ 6, 8, 6.124999998137355, 8.25 ], "texture": "#main" }, 
                "west":  { "uv": [ 4, 8, 4.25, 8.25 ], "texture": "#main" }, 
                "up":    { "uv": [ 4, 8, 4.25, 8.124999998137355 ], "texture": "#main", "rotation":270 }, 
                "down":  { "uv": [ 4, 8, 4.25, 8.124999998137355 ], "texture": "#main", "rotation":90 }
            }
        }, 
        {
            "name": "Cube", 
            "from": [ 9, 1, 8 ], 
            "to":   [ 9.49999999254942, 2, 9 ], 
            "shade": true, 
            "faces": {
                "north": { "uv": [ 4.5, 8, 4.624999998137355, 8.25 ], "texture": "#main" }, 
                "east":  { "uv": [ 5.25, 8, 5.5, 8.25 ], "texture": "#main" }, 
                "south": { "uv": [ 6, 8, 6.124999998137355, 8.25 ], "texture": "#main" }, 
                "west":  { "uv": [ 4, 8, 4.25, 8.25 ], "texture": "#main" }, 
                "up":    { "uv": [ 4, 8, 4.25, 8.124999998137355 ], "texture": "#main", "rotation":270 }, 
                "down":  { "uv": [ 4, 8, 4.25, 8.124999998137355 ], "texture": "#main", "rotation":90 }
            }
        }, 
        {
            "name": "Cube", 
            "from": [ 9, 7, 8 ], 
            "to":   [ 9.49999999254942, 8, 9 ], 
            "shade": true, 
            "faces": {
                "north": { "uv": [ 4.5, 8, 4.624999998137355, 8.25 ], "texture": "#main" }, 
                "east":  { "uv": [ 5.25, 8, 5.5, 8.25 ], "texture": "#main" }, 
                "south": { "uv": [ 6, 8, 6.124999998137355, 8.25 ], "texture": "#main" }, 
                "west":  { "uv": [ 4, 8, 4.25, 8.25 ], "texture": "#main" }, 
                "up":    { "uv": [ 4, 8, 4.25, 8.124999998137355 ], "texture": "#main", "rotation":270 }, 
                "down":  { "uv": [ 4, 8, 4.25, 8.124999998137355 ], "texture": "#main", "rotation":90 }
            }
        }, 
        {
            "name": "Cube", 
            "from": [ 8, 6, 9 ], 
            "to":   [ 9, 7, 9.49999999254942 ], 
            "shade": true, 
            "faces": {
                "north": { "uv": [ 4.5, 8, 4.75, 8.25 ], "texture": "#main" }, 
                "east":  { "uv": [ 5.25, 8, 5.374999998137355, 8.25 ], "texture": "#main" }, 
                "south": { "uv": [ 6, 8, 6.25, 8.25 ], "texture": "#main" }, 
                "west":  { "uv": [ 4, 8, 4.124999998137355, 8.25 ], "texture": "#main" }, 
                "up":    { "uv": [ 4, 8, 4.124999998137355, 8.25 ], "texture": "#main", "rotation":270 }, 
                "down":  { "uv": [ 4, 8, 4.124999998137355, 8.25 ], "texture": "#main", "rotation":90 }
            }
        }, 
        {
            "name": "Cube", 
            "from": [ 7, 5, 9 ], 
            "to":   [ 8, 6, 9.49999999254942 ], 
            "shade": true, 
            "faces": {
                "north": { "uv": [ 4.5, 8, 4.75, 8.25 ], "texture": "#main" }, 
                "east":  { "uv": [ 5.25, 8, 5.374999998137355, 8.25 ], "texture": "#main" }, 
                "south": { "uv": [ 6, 8, 6.25, 8.25 ], "texture": "#main" }, 
                "west":  { "uv": [ 4, 8, 4.124999998137355, 8.25 ], "texture": "#main" }, 
                "up":    { "uv": [ 4, 8, 4.124999998137355, 8.25 ], "texture": "#main", "rotation":270 }, 
                "down":  { "uv": [ 4, 8, 4.124999998137355, 8.25 ], "texture": "#main", "rotation":90 }
            }
        }, 
        {
            "name": "Cube", 
            "from": [ 6.500000007450581, 4, 8 ], 
            "to":   [ 7, 5, 9 ], 
            "shade": true, 
            "faces": {
                "north": { "uv": [ 4.5, 8, 4.624999998137355, 8.25 ], "texture": "#main" }, 
                "east":  { "uv": [ 5.25, 8, 5.5, 8.25 ], "texture": "#main" }, 
                "south": { "uv": [ 6, 8, 6.124999998137355, 8.25 ], "texture": "#main" }, 
                "west":  { "uv": [ 4, 8, 4.25, 8.25 ], "texture": "#main" }, 
                "up":    { "uv": [ 4, 8, 4.25, 8.124999998137355 ], "texture": "#main", "rotation":270 }, 
                "down":  { "uv": [ 4, 8, 4.25, 8.124999998137355 ], "texture": "#main", "rotation":90 }
            }
        }, 
        {
            "name": "Cube", 
            "from": [ 6.500000007450581, 3, 7 ], 
            "to":   [ 7, 4, 8 ], 
            "shade": true, 
            "faces": {
                "north": { "uv": [ 4.5, 8, 4.624999998137355, 8.25 ], "texture": "#main" }, 
                "east":  { "uv": [ 5.25, 8, 5.5, 8.25 ], "texture": "#main" }, 
                "south": { "uv": [ 6, 8, 6.124999998137355, 8.25 ], "texture": "#main" }, 
                "west":  { "uv": [ 4, 8, 4.25, 8.25 ], "texture": "#main" }, 
                "up":    { "uv": [ 4, 8, 4.25, 8.124999998137355 ], "texture": "#main", "rotation":270 }, 
                "down":  { "uv": [ 4, 8, 4.25, 8.124999998137355 ], "texture": "#main", "rotation":90 }
            }
        }, 
        {
            "name": "Cube", 
            "from": [ 6.500000007450581, 7, 8 ], 
            "to":   [ 7, 8, 9 ], 
            "shade": true, 
            "faces": {
                "north": { "uv": [ 4.5, 8, 4.624999998137355, 8.25 ], "texture": "#main" }, 
                "east":  { "uv": [ 5.25, 8, 5.5, 8.25 ], "texture": "#main" }, 
                "south": { "uv": [ 6, 8, 6.124999998137355, 8.25 ], "texture": "#main" }, 
                "west":  { "uv": [ 4, 8, 4.25, 8.25 ], "texture": "#main" }, 
                "up":    { "uv": [ 4, 8, 4.25, 8.124999998137355 ], "texture": "#main", "rotation":270 }, 
                "down":  { "uv": [ 4, 8, 4.25, 8.124999998137355 ], "texture": "#main", "rotation":90 }
            }
        }, 
        {
            "name": "Cube", 
            "from": [ 6.500000007450581, 6, 7 ], 
            "to":   [ 7, 7, 8 ], 
            "shade": true, 
            "faces": {
                "north": { "uv": [ 4.5, 8, 4.624999998137355, 8.25 ], "texture": "#main" }, 
                "east":  { "uv": [ 5.25, 8, 5.5, 8.25 ], "texture": "#main" }, 
                "south": { "uv": [ 6, 8, 6.124999998137355, 8.25 ], "texture": "#main" }, 
                "west":  { "uv": [ 4, 8, 4.25, 8.25 ], "texture": "#main" }, 
                "up":    { "uv": [ 4, 8, 4.25, 8.124999998137355 ], "texture": "#main", "rotation":270 }, 
                "down":  { "uv": [ 4, 8, 4.25, 8.124999998137355 ], "texture": "#main", "rotation":90 }
            }
        }
    ]
}