{
    "__comment": "Model generated using MrCrayfish's Model Creator (http://mrcrayfish.com/modelcreator/)",
    "display": {
        "head": {
        "rotation": [ 0, 0, 0 ],
        "translation": [ 0, -5, 0 ],
        "scale": [ 1.5, 1.5, 1.5 ]
}
},
    "textures": {
        "0": "blocks/stone",
        "1": "blocks/bedrock"
    },
    "elements": [
        {
            "name": "Cube",
            "from": [ 0.0, 0.0, 0.0 ], 
            "to": [ 16.0, 2.0, 2.0 ], 
            "faces": {
                "north": { "texture": "#0", "uv": [ 0.0, 0.0, 16.0, 2.0 ] },
                "east": { "texture": "#0", "uv": [ 14.0, 0.0, 16.0, 2.0 ] },
                "south": { "texture": "#0", "uv": [ 0.0, 0.0, 16.0, 2.0 ] },
                "west": { "texture": "#0", "uv": [ 14.0, 0.0, 16.0, 2.0 ] },
                "up": { "texture": "#0", "uv": [ 0.0, 0.0, 16.0, 2.0 ] },
                "down": { "texture": "#0", "uv": [ 0.0, 0.0, 16.0, 2.0 ] }
            }
        },
        {
            "name": "Cube",
            "from": [ 0.0, 0.0, 14.0 ], 
            "to": [ 16.0, 2.0, 16.0 ], 
            "faces": {
                "north": { "texture": "#0", "uv": [ 0.0, 0.0, 16.0, 2.0 ] },
                "east": { "texture": "#0", "uv": [ 0.0, 0.0, 2.0, 2.0 ] },
                "south": { "texture": "#0", "uv": [ 0.0, 0.0, 16.0, 2.0 ] },
                "west": { "texture": "#0", "uv": [ 0.0, 0.0, 2.0, 2.0 ] },
                "up": { "texture": "#0", "uv": [ 0.0, 0.0, 16.0, 2.0 ] },
                "down": { "texture": "#0", "uv": [ 0.0, 0.0, 16.0, 2.0 ] }
            }
        },
        {
            "name": "Cube",
            "from": [ 0.0, 0.0, 2.0 ], 
            "to": [ 2.0, 2.0, 14.0 ], 
            "faces": {
                "north": { "texture": "#0", "uv": [ 0.0, 0.0, 2.0, 2.0 ] },
                "east": { "texture": "#0", "uv": [ 2.0, 0.0, 14.0, 2.0 ] },
                "south": { "texture": "#0", "uv": [ 0.0, 0.0, 2.0, 2.0 ] },
                "west": { "texture": "#0", "uv": [ 2.0, 0.0, 14.0, 2.0 ] },
                "up": { "texture": "#0", "uv": [ 0.0, 2.0, 2.0, 14.0 ] },
                "down": { "texture": "#0", "uv": [ 0.0, 2.0, 2.0, 14.0 ] }
            }
        },
        {
            "name": "Cube",
            "from": [ 14.0, 0.0, 2.0 ], 
            "to": [ 16.0, 2.0, 14.0 ], 
            "faces": {
                "north": { "texture": "#0", "uv": [ 0.0, 0.0, 2.0, 2.0 ] },
                "east": { "texture": "#0", "uv": [ 2.0, 0.0, 14.0, 2.0 ] },
                "south": { "texture": "#0", "uv": [ 0.0, 0.0, 2.0, 2.0 ] },
                "west": { "texture": "#0", "uv": [ 2.0, 0.0, 14.0, 2.0 ] },
                "up": { "texture": "#0", "uv": [ 0.0, 2.0, 2.0, 14.0 ] },
                "down": { "texture": "#0", "uv": [ 0.0, 2.0, 2.0, 14.0 ] }
            }
        },
        {
            "name": "Cube",
            "from": [ 1.0, 1.0, 1.0 ], 
            "to": [ 3.0, 6.0, 3.0 ], 
            "faces": {
                "north": { "texture": "#0", "uv": [ 0.0, 0.0, 2.0, 5.0 ] },
                "east": { "texture": "#0", "uv": [ 0.0, 0.0, 2.0, 5.0 ] },
                "south": { "texture": "#0", "uv": [ 0.0, 0.0, 2.0, 5.0 ] },
                "west": { "texture": "#0", "uv": [ 0.0, 0.0, 2.0, 5.0 ] },
                "up": { "texture": "#0", "uv": [ 0.0, 0.0, 2.0, 2.0 ] },
                "down": { "texture": "#0", "uv": [ 0.0, 0.0, 2.0, 2.0 ] }
            }
        },
        {
            "name": "Cube",
            "from": [ 13.0, 1.0, 1.0 ], 
            "to": [ 15.0, 6.0, 3.0 ], 
            "faces": {
                "north": { "texture": "#0", "uv": [ 0.0, 0.0, 2.0, 5.0 ] },
                "east": { "texture": "#0", "uv": [ 0.0, 0.0, 2.0, 5.0 ] },
                "south": { "texture": "#0", "uv": [ 0.0, 0.0, 2.0, 5.0 ] },
                "west": { "texture": "#0", "uv": [ 0.0, 0.0, 2.0, 5.0 ] },
                "up": { "texture": "#0", "uv": [ 0.0, 0.0, 2.0, 2.0 ] },
                "down": { "texture": "#0", "uv": [ 0.0, 0.0, 2.0, 2.0 ] }
            }
        },
        {
            "name": "Cube",
            "from": [ 3.0, 9.0, 3.0 ], 
            "to": [ 13.0, 11.0, 13.0 ], 
            "faces": {
                "north": { "texture": "#0", "uv": [ 3.0, 0.0, 13.0, 2.0 ] },
                "east": { "texture": "#0", "uv": [ 3.0, 0.0, 13.0, 2.0 ] },
                "south": { "texture": "#0", "uv": [ 3.0, 0.0, 13.0, 2.0 ] },
                "west": { "texture": "#0", "uv": [ 3.0, 0.0, 13.0, 2.0 ] },
                "up": { "texture": "#0", "uv": [ 3.0, 3.0, 13.0, 13.0 ] },
                "down": { "texture": "#0", "uv": [ 3.0, 3.0, 13.0, 13.0 ] }
            }
        },
        {
            "name": "Cube",
            "from": [ 7.0, 1.0, 7.0 ], 
            "to": [ 9.0, 9.0, 9.0 ], 
            "faces": {
                "north": { "texture": "#1", "uv": [ 0.0, 0.0, 2.0, 8.0 ] },
                "east": { "texture": "#1", "uv": [ 2.0, 0.0, 4.0, 8.0 ] },
                "south": { "texture": "#1", "uv": [ 5.0, 0.0, 7.0, 8.0 ] },
                "west": { "texture": "#1", "uv": [ 8.0, 0.0, 10.0, 8.0 ] },
                "up": { "texture": "#1", "uv": [ 0.0, 0.0, 2.0, 2.0 ] },
                "down": { "texture": "#1", "uv": [ 0.0, 0.0, 2.0, 2.0 ] }
            }
        },
        {
            "name": "Cube",
            "from": [ 1.0, 1.0, 13.0 ], 
            "to": [ 3.0, 6.0, 15.0 ], 
            "faces": {
                "north": { "texture": "#0", "uv": [ 0.0, 0.0, 2.0, 5.0 ] },
                "east": { "texture": "#0", "uv": [ 0.0, 0.0, 2.0, 5.0 ] },
                "south": { "texture": "#0", "uv": [ 0.0, 0.0, 2.0, 5.0 ] },
                "west": { "texture": "#0", "uv": [ 0.0, 0.0, 2.0, 5.0 ] },
                "up": { "texture": "#0", "uv": [ 0.0, 0.0, 2.0, 2.0 ] },
                "down": { "texture": "#0", "uv": [ 0.0, 0.0, 2.0, 2.0 ] }
            }
        },
        {
            "name": "Cube",
            "from": [ 13.0, 1.0, 13.0 ], 
            "to": [ 15.0, 6.0, 15.0 ], 
            "faces": {
                "north": { "texture": "#0", "uv": [ 0.0, 0.0, 2.0, 5.0 ] },
                "east": { "texture": "#0", "uv": [ 0.0, 0.0, 2.0, 5.0 ] },
                "south": { "texture": "#0", "uv": [ 0.0, 0.0, 2.0, 5.0 ] },
                "west": { "texture": "#0", "uv": [ 0.0, 0.0, 2.0, 5.0 ] },
                "up": { "texture": "#0", "uv": [ 0.0, 0.0, 2.0, 2.0 ] },
                "down": { "texture": "#0", "uv": [ 0.0, 0.0, 2.0, 2.0 ] }
            }
        },
        {
            "name": "Cube",
            "from": [ 12.0, 5.0, 2.0 ], 
            "to": [ 14.0, 10.0, 4.0 ], 
            "faces": {
                "north": { "texture": "#0", "uv": [ 0.0, 0.0, 2.0, 5.0 ] },
                "east": { "texture": "#0", "uv": [ 0.0, 0.0, 2.0, 5.0 ] },
                "south": { "texture": "#0", "uv": [ 0.0, 0.0, 2.0, 5.0 ] },
                "west": { "texture": "#0", "uv": [ 0.0, 0.0, 2.0, 5.0 ] },
                "up": { "texture": "#0", "uv": [ 0.0, 0.0, 2.0, 2.0 ] },
                "down": { "texture": "#0", "uv": [ 0.0, 0.0, 2.0, 2.0 ] }
            }
        },
        {
            "name": "Cube",
            "from": [ 2.0, 5.0, 2.0 ], 
            "to": [ 4.0, 10.0, 4.0 ], 
            "faces": {
                "north": { "texture": "#0", "uv": [ 0.0, 0.0, 2.0, 5.0 ] },
                "east": { "texture": "#0", "uv": [ 0.0, 0.0, 2.0, 5.0 ] },
                "south": { "texture": "#0", "uv": [ 0.0, 0.0, 2.0, 5.0 ] },
                "west": { "texture": "#0", "uv": [ 0.0, 0.0, 2.0, 5.0 ] },
                "up": { "texture": "#0", "uv": [ 0.0, 0.0, 2.0, 2.0 ] },
                "down": { "texture": "#0", "uv": [ 0.0, 0.0, 2.0, 2.0 ] }
            }
        },
        {
            "name": "Cube",
            "from": [ 2.0, 5.0, 12.0 ], 
            "to": [ 4.0, 10.0, 14.0 ], 
            "faces": {
                "north": { "texture": "#0", "uv": [ 0.0, 0.0, 2.0, 5.0 ] },
                "east": { "texture": "#0", "uv": [ 0.0, 0.0, 2.0, 5.0 ] },
                "south": { "texture": "#0", "uv": [ 0.0, 0.0, 2.0, 5.0 ] },
                "west": { "texture": "#0", "uv": [ 0.0, 0.0, 2.0, 5.0 ] },
                "up": { "texture": "#0", "uv": [ 0.0, 0.0, 2.0, 2.0 ] },
                "down": { "texture": "#0", "uv": [ 0.0, 0.0, 2.0, 2.0 ] }
            }
        },
        {
            "name": "Cube",
            "from": [ 12.0, 5.0, 12.0 ], 
            "to": [ 14.0, 10.0, 14.0 ], 
            "faces": {
                "north": { "texture": "#0", "uv": [ 0.0, 0.0, 2.0, 5.0 ] },
                "east": { "texture": "#0", "uv": [ 0.0, 0.0, 2.0, 5.0 ] },
                "south": { "texture": "#0", "uv": [ 0.0, 0.0, 2.0, 5.0 ] },
                "west": { "texture": "#0", "uv": [ 0.0, 0.0, 2.0, 5.0 ] },
                "up": { "texture": "#0", "uv": [ 0.0, 0.0, 2.0, 2.0 ] },
                "down": { "texture": "#0", "uv": [ 0.0, 0.0, 2.0, 2.0 ] }
            }
        },
        {
            "name": "Cube",
            "from": [ 9.0, 7.0, 7.0 ], 
            "to": [ 9.49999999254942, 8.0, 8.0 ], 
            "faces": {
                "north": { "texture": "#1", "uv": [ 0.0, 0.0, 0.4999999925494194, 1.0 ] },
                "east": { "texture": "#1", "uv": [ 2.0, 0.0, 3.0, 1.0 ] },
                "south": { "texture": "#1", "uv": [ 5.0, 0.0, 5.499999992549419, 1.0 ] },
                "west": { "texture": "#1", "uv": [ 8.0, 0.0, 9.0, 1.0 ] },
                "up": { "texture": "#1", "uv": [ 0.0, 0.0, 0.4999999925494194, 1.0 ] },
                "down": { "texture": "#1", "uv": [ 0.0, 0.0, 0.4999999925494194, 1.0 ] }
            }
        },
        {
            "name": "Cube",
            "from": [ 9.0, 6.0, 8.0 ], 
            "to": [ 9.49999999254942, 7.0, 9.0 ], 
            "faces": {
                "north": { "texture": "#1", "uv": [ 0.0, 0.0, 0.4999999925494194, 1.0 ] },
                "east": { "texture": "#1", "uv": [ 2.0, 0.0, 3.0, 1.0 ] },
                "south": { "texture": "#1", "uv": [ 5.0, 0.0, 5.499999992549419, 1.0 ] },
                "west": { "texture": "#1", "uv": [ 8.0, 0.0, 9.0, 1.0 ] },
                "up": { "texture": "#1", "uv": [ 0.0, 0.0, 0.4999999925494194, 1.0 ] },
                "down": { "texture": "#1", "uv": [ 0.0, 0.0, 0.4999999925494194, 1.0 ] }
            }
        },
        {
            "name": "Cube",
            "from": [ 8.0, 5.0, 9.0 ], 
            "to": [ 9.0, 6.0, 9.49999999254942 ], 
            "faces": {
                "north": { "texture": "#1", "uv": [ 0.0, 0.0, 1.0, 1.0 ] },
                "east": { "texture": "#1", "uv": [ 2.0, 0.0, 2.4999999925494194, 1.0 ] },
                "south": { "texture": "#1", "uv": [ 5.0, 0.0, 6.0, 1.0 ] },
                "west": { "texture": "#1", "uv": [ 8.0, 0.0, 8.49999999254942, 1.0 ] },
                "up": { "texture": "#1", "uv": [ 0.0, 0.0, 1.0, 0.4999999925494194 ] },
                "down": { "texture": "#1", "uv": [ 0.0, 0.0, 1.0, 0.4999999925494194 ] }
            }
        },
        {
            "name": "Cube",
            "from": [ 7.0, 4.0, 9.0 ], 
            "to": [ 8.0, 5.0, 9.49999999254942 ], 
            "faces": {
                "north": { "texture": "#1", "uv": [ 0.0, 0.0, 1.0, 1.0 ] },
                "east": { "texture": "#1", "uv": [ 2.0, 0.0, 2.4999999925494194, 1.0 ] },
                "south": { "texture": "#1", "uv": [ 5.0, 0.0, 6.0, 1.0 ] },
                "west": { "texture": "#1", "uv": [ 8.0, 0.0, 8.49999999254942, 1.0 ] },
                "up": { "texture": "#1", "uv": [ 0.0, 0.0, 1.0, 0.4999999925494194 ] },
                "down": { "texture": "#1", "uv": [ 0.0, 0.0, 1.0, 0.4999999925494194 ] }
            }
        },
        {
            "name": "Cube",
            "from": [ 6.500000007450581, 3.0, 8.0 ], 
            "to": [ 7.0, 4.0, 9.0 ], 
            "faces": {
                "north": { "texture": "#1", "uv": [ 0.0, 0.0, 0.4999999925494194, 1.0 ] },
                "east": { "texture": "#1", "uv": [ 2.0, 0.0, 3.0, 1.0 ] },
                "south": { "texture": "#1", "uv": [ 5.0, 0.0, 5.499999992549419, 1.0 ] },
                "west": { "texture": "#1", "uv": [ 8.0, 0.0, 9.0, 1.0 ] },
                "up": { "texture": "#1", "uv": [ 0.0, 0.0, 0.4999999925494194, 1.0 ] },
                "down": { "texture": "#1", "uv": [ 0.0, 0.0, 0.4999999925494194, 1.0 ] }
            }
        },
        {
            "name": "Cube",
            "from": [ 6.500000007450581, 2.0, 7.0 ], 
            "to": [ 7.0, 3.0, 8.0 ], 
            "faces": {
                "north": { "texture": "#1", "uv": [ 0.0, 0.0, 0.4999999925494194, 1.0 ] },
                "east": { "texture": "#1", "uv": [ 2.0, 0.0, 3.0, 1.0 ] },
                "south": { "texture": "#1", "uv": [ 5.0, 0.0, 5.499999992549419, 1.0 ] },
                "west": { "texture": "#1", "uv": [ 8.0, 0.0, 9.0, 1.0 ] },
                "up": { "texture": "#1", "uv": [ 0.0, 0.0, 0.4999999925494194, 1.0 ] },
                "down": { "texture": "#1", "uv": [ 0.0, 0.0, 0.4999999925494194, 1.0 ] }
            }
        },
        {
            "name": "Cube",
            "from": [ 7.0, 1.0, 6.500000007450581 ], 
            "to": [ 8.0, 2.0, 7.0 ], 
            "faces": {
                "north": { "texture": "#1", "uv": [ 0.0, 0.0, 1.0, 1.0 ] },
                "east": { "texture": "#1", "uv": [ 2.0, 0.0, 2.4999999925494194, 1.0 ] },
                "south": { "texture": "#1", "uv": [ 5.0, 0.0, 6.0, 1.0 ] },
                "west": { "texture": "#1", "uv": [ 8.0, 0.0, 8.49999999254942, 1.0 ] },
                "up": { "texture": "#1", "uv": [ 0.0, 0.0, 1.0, 0.4999999925494194 ] },
                "down": { "texture": "#1", "uv": [ 0.0, 0.0, 1.0, 0.4999999925494194 ] }
            }
        },
        {
            "name": "Cube",
            "from": [ 9.0, 4.0, 7.0 ], 
            "to": [ 9.49999999254942, 5.0, 8.0 ], 
            "faces": {
                "north": { "texture": "#1", "uv": [ 0.0, 0.0, 0.4999999925494194, 1.0 ] },
                "east": { "texture": "#1", "uv": [ 2.0, 0.0, 3.0, 1.0 ] },
                "south": { "texture": "#1", "uv": [ 5.0, 0.0, 5.499999992549419, 1.0 ] },
                "west": { "texture": "#1", "uv": [ 8.0, 0.0, 9.0, 1.0 ] },
                "up": { "texture": "#1", "uv": [ 0.0, 0.0, 0.4999999925494194, 1.0 ] },
                "down": { "texture": "#1", "uv": [ 0.0, 0.0, 0.4999999925494194, 1.0 ] }
            }
        },
        {
            "name": "Cube",
            "from": [ 9.0, 3.0, 8.0 ], 
            "to": [ 9.49999999254942, 4.0, 9.0 ], 
            "faces": {
                "north": { "texture": "#1", "uv": [ 0.0, 0.0, 0.4999999925494194, 1.0 ] },
                "east": { "texture": "#1", "uv": [ 2.0, 0.0, 3.0, 1.0 ] },
                "south": { "texture": "#1", "uv": [ 5.0, 0.0, 5.499999992549419, 1.0 ] },
                "west": { "texture": "#1", "uv": [ 8.0, 0.0, 9.0, 1.0 ] },
                "up": { "texture": "#1", "uv": [ 0.0, 0.0, 0.4999999925494194, 1.0 ] },
                "down": { "texture": "#1", "uv": [ 0.0, 0.0, 0.4999999925494194, 1.0 ] }
            }
        },
        {
            "name": "Cube",
            "from": [ 8.0, 2.0, 9.0 ], 
            "to": [ 9.0, 3.0, 9.49999999254942 ], 
            "faces": {
                "north": { "texture": "#1", "uv": [ 0.0, 0.0, 1.0, 1.0 ] },
                "east": { "texture": "#1", "uv": [ 2.0, 0.0, 2.4999999925494194, 1.0 ] },
                "south": { "texture": "#1", "uv": [ 5.0, 0.0, 6.0, 1.0 ] },
                "west": { "texture": "#1", "uv": [ 8.0, 0.0, 8.49999999254942, 1.0 ] },
                "up": { "texture": "#1", "uv": [ 0.0, 0.0, 1.0, 0.4999999925494194 ] },
                "down": { "texture": "#1", "uv": [ 0.0, 0.0, 1.0, 0.4999999925494194 ] }
            }
        },
        {
            "name": "Cube",
            "from": [ 7.0, 1.0, 9.0 ], 
            "to": [ 8.0, 2.0, 9.49999999254942 ], 
            "faces": {
                "north": { "texture": "#1", "uv": [ 0.0, 0.0, 1.0, 1.0 ] },
                "east": { "texture": "#1", "uv": [ 2.0, 0.0, 2.4999999925494194, 1.0 ] },
                "south": { "texture": "#1", "uv": [ 5.0, 0.0, 6.0, 1.0 ] },
                "west": { "texture": "#1", "uv": [ 8.0, 0.0, 8.49999999254942, 1.0 ] },
                "up": { "texture": "#1", "uv": [ 0.0, 0.0, 1.0, 0.4999999925494194 ] },
                "down": { "texture": "#1", "uv": [ 0.0, 0.0, 1.0, 0.4999999925494194 ] }
            }
        },
        {
            "name": "Cube",
            "from": [ 7.0, 7.0, 9.0 ], 
            "to": [ 8.0, 8.0, 9.49999999254942 ], 
            "faces": {
                "north": { "texture": "#1", "uv": [ 0.0, 0.0, 1.0, 1.0 ] },
                "east": { "texture": "#1", "uv": [ 2.0, 0.0, 2.4999999925494194, 1.0 ] },
                "south": { "texture": "#1", "uv": [ 5.0, 0.0, 6.0, 1.0 ] },
                "west": { "texture": "#1", "uv": [ 8.0, 0.0, 8.49999999254942, 1.0 ] },
                "up": { "texture": "#1", "uv": [ 0.0, 0.0, 1.0, 0.4999999925494194 ] },
                "down": { "texture": "#1", "uv": [ 0.0, 0.0, 1.0, 0.4999999925494194 ] }
            }
        },
        {
            "name": "Cube",
            "from": [ 6.500000007450581, 6.0, 8.0 ], 
            "to": [ 7.0, 7.0, 9.0 ], 
            "faces": {
                "north": { "texture": "#1", "uv": [ 0.0, 0.0, 0.4999999925494194, 1.0 ] },
                "east": { "texture": "#1", "uv": [ 2.0, 0.0, 3.0, 1.0 ] },
                "south": { "texture": "#1", "uv": [ 5.0, 0.0, 5.499999992549419, 1.0 ] },
                "west": { "texture": "#1", "uv": [ 8.0, 0.0, 9.0, 1.0 ] },
                "up": { "texture": "#1", "uv": [ 0.0, 0.0, 0.4999999925494194, 1.0 ] },
                "down": { "texture": "#1", "uv": [ 0.0, 0.0, 0.4999999925494194, 1.0 ] }
            }
        },
        {
            "name": "Cube",
            "from": [ 6.500000007450581, 5.0, 7.0 ], 
            "to": [ 7.0, 6.0, 8.0 ], 
            "faces": {
                "north": { "texture": "#1", "uv": [ 0.0, 0.0, 0.4999999925494194, 1.0 ] },
                "east": { "texture": "#1", "uv": [ 2.0, 0.0, 3.0, 1.0 ] },
                "south": { "texture": "#1", "uv": [ 5.0, 0.0, 5.499999992549419, 1.0 ] },
                "west": { "texture": "#1", "uv": [ 8.0, 0.0, 9.0, 1.0 ] },
                "up": { "texture": "#1", "uv": [ 0.0, 0.0, 0.4999999925494194, 1.0 ] },
                "down": { "texture": "#1", "uv": [ 0.0, 0.0, 0.4999999925494194, 1.0 ] }
            }
        },
        {
            "name": "Cube",
            "from": [ 7.0, 4.0, 6.500000007450581 ], 
            "to": [ 8.0, 5.0, 7.0 ], 
            "faces": {
                "north": { "texture": "#1", "uv": [ 0.0, 0.0, 1.0, 1.0 ] },
                "east": { "texture": "#1", "uv": [ 2.0, 0.0, 2.4999999925494194, 1.0 ] },
                "south": { "texture": "#1", "uv": [ 5.0, 0.0, 6.0, 1.0 ] },
                "west": { "texture": "#1", "uv": [ 8.0, 0.0, 8.49999999254942, 1.0 ] },
                "up": { "texture": "#1", "uv": [ 0.0, 0.0, 1.0, 0.4999999925494194 ] },
                "down": { "texture": "#1", "uv": [ 0.0, 0.0, 1.0, 0.4999999925494194 ] }
            }
        },
        {
            "name": "Cube",
            "from": [ 8.0, 3.0, 6.500000007450581 ], 
            "to": [ 9.0, 4.0, 7.0 ], 
            "faces": {
                "north": { "texture": "#1", "uv": [ 0.0, 0.0, 1.0, 1.0 ] },
                "east": { "texture": "#1", "uv": [ 2.0, 0.0, 2.4999999925494194, 1.0 ] },
                "south": { "texture": "#1", "uv": [ 5.0, 0.0, 6.0, 1.0 ] },
                "west": { "texture": "#1", "uv": [ 8.0, 0.0, 8.49999999254942, 1.0 ] },
                "up": { "texture": "#1", "uv": [ 0.0, 0.0, 1.0, 0.4999999925494194 ] },
                "down": { "texture": "#1", "uv": [ 0.0, 0.0, 1.0, 0.4999999925494194 ] }
            }
        },
        {
            "name": "Cube",
            "from": [ 7.0, 7.0, 6.500000007450581 ], 
            "to": [ 8.0, 8.0, 7.0 ], 
            "faces": {
                "north": { "texture": "#1", "uv": [ 0.0, 0.0, 1.0, 1.0 ] },
                "east": { "texture": "#1", "uv": [ 2.0, 0.0, 2.4999999925494194, 1.0 ] },
                "south": { "texture": "#1", "uv": [ 5.0, 0.0, 6.0, 1.0 ] },
                "west": { "texture": "#1", "uv": [ 8.0, 0.0, 8.49999999254942, 1.0 ] },
                "up": { "texture": "#1", "uv": [ 0.0, 0.0, 1.0, 0.4999999925494194 ] },
                "down": { "texture": "#1", "uv": [ 0.0, 0.0, 1.0, 0.4999999925494194 ] }
            }
        },
        {
            "name": "Cube",
            "from": [ 8.0, 6.0, 6.500000007450581 ], 
            "to": [ 9.0, 7.0, 7.0 ], 
            "faces": {
                "north": { "texture": "#1", "uv": [ 0.0, 0.0, 1.0, 1.0 ] },
                "east": { "texture": "#1", "uv": [ 2.0, 0.0, 2.4999999925494194, 1.0 ] },
                "south": { "texture": "#1", "uv": [ 5.0, 0.0, 6.0, 1.0 ] },
                "west": { "texture": "#1", "uv": [ 8.0, 0.0, 8.49999999254942, 1.0 ] },
                "up": { "texture": "#1", "uv": [ 0.0, 0.0, 1.0, 0.4999999925494194 ] },
                "down": { "texture": "#1", "uv": [ 0.0, 0.0, 1.0, 0.4999999925494194 ] }
            }
        }
    ]
}