{   "parent": "block/block",
	"textures": {
		"1": "items/stone",
		"2": "items/bedrock"
	},
	"elements": [
		{
			"name": "cube",
			"from": [0, 0, 0],
			"to": [16, 3, 16],
			"shade": true,
			"faces": {
				"north": {"uv": [0, 13, 16, 16], "texture": "#1"},
				"east": {"uv": [0, 13, 16, 16], "texture": "#1"},
				"south": {"uv": [0, 13, 16, 16], "texture": "#1"},
				"west": {"uv": [0, 13, 16, 16], "texture": "#1"},
				"up": {"uv": [0, 0, 16, 16], "texture": "#1"},
				"down": {"uv": [0, 0, 16, 16], "texture": "#1"}
			},
			"rotation": {
				"origin": [8, 8, 8],
				"axis": "y",
				"angle": 0
			}
		},
		{
			"name": "cube",
			"from": [0, 15, 0],
			"to": [16, 16, 16],
			"shade": true,
			"faces": {
				"north": {"uv": [0, 0, 16, 1], "texture": "#2"},
				"east": {"uv": [0, 0, 16, 1], "texture": "#2"},
				"south": {"uv": [0, 0, 16, 1], "texture": "#2"},
				"west": {"uv": [0, 0, 16, 1], "texture": "#2"},
				"up": {"uv": [0, 0, 16, 16], "texture": "#2"},
				"down": {"uv": [0, 0, 16, 16], "texture": "#2"}
			},
			"rotation": {
				"origin": [8, 23, 8],
				"axis": "y",
				"angle": 0
			}
		},
		{
			"name": "cube",
			"from": [15, 6, 0],
			"to": [16, 15, 1],
			"shade": true,
			"faces": {
				"north": {"uv": [0, 0, 1, 9], "texture": "#1"},
				"east": {"uv": [0, 0, 1, 9], "texture": "#1"},
				"south": {"uv": [0, 0, 1, 9], "texture": "#1"},
				"west": {"uv": [0, 0, 1, 9], "texture": "#1"},
				"up": {"uv": [0, 0, 1, 1], "texture": "#1"},
				"down": {"uv": [0, 0, 1, 1], "texture": "#1"}
			},
			"rotation": {
				"origin": [23, 14, 8],
				"axis": "y",
				"angle": 0
			}
		},
		{
			"name": "cube",
			"from": [0, 6, 0],
			"to": [1, 15, 1],
			"shade": true,
			"faces": {
				"north": {"uv": [0, 0, 1, 9], "texture": "#1"},
				"east": {"uv": [0, 0, 1, 9], "texture": "#1"},
				"south": {"uv": [0, 0, 1, 9], "texture": "#1"},
				"west": {"uv": [0, 0, 1, 9], "texture": "#1"},
				"up": {"uv": [0, 0, 1, 1], "texture": "#1"},
				"down": {"uv": [0, 0, 1, 1], "texture": "#1"}
			},
			"rotation": {
				"origin": [8, 14, 8],
				"axis": "y",
				"angle": 0
			}
		},
		{
			"name": "cube",
			"from": [15, 6, 15],
			"to": [16, 15, 16],
			"shade": true,
			"faces": {
				"north": {"uv": [0, 0, 1, 9], "texture": "#1"},
				"east": {"uv": [0, 0, 1, 9], "texture": "#1"},
				"south": {"uv": [0, 0, 1, 9], "texture": "#1"},
				"west": {"uv": [0, 0, 1, 9], "texture": "#1"},
				"up": {"uv": [0, 0, 1, 1], "texture": "#1"},
				"down": {"uv": [0, 0, 1, 1], "texture": "#1"}
			},
			"rotation": {
				"origin": [23, 14, 23],
				"axis": "y",
				"angle": 0
			}
		},
		{
			"name": "cube",
			"from": [0, 6, 15],
			"to": [1, 15, 16],
			"shade": true,
			"faces": {
				"north": {"uv": [0, 0, 1, 9], "texture": "#1"},
				"east": {"uv": [0, 0, 1, 9], "texture": "#1"},
				"south": {"uv": [0, 0, 1, 9], "texture": "#1"},
				"west": {"uv": [0, 0, 1, 9], "texture": "#1"},
				"up": {"uv": [0, 0, 1, 1], "texture": "#1"},
				"down": {"uv": [0, 0, 1, 1], "texture": "#1"}
			},
			"rotation": {
				"origin": [8, 14, 23],
				"axis": "y",
				"angle": 0
			}
		},
		{
			"name": "cube",
			"from": [0, 3, 0],
			"to": [1, 6, 16],
			"shade": true,
			"faces": {
				"north": {"uv": [0, 0, 1, 3], "texture": "#1"},
				"east": {"uv": [0, 10, 16, 13], "texture": "#1"},
				"south": {"uv": [0, 0, 1, 3], "texture": "#1"},
				"west": {"uv": [0, 10, 16, 13], "texture": "#1"},
				"up": {"uv": [0, 0, 1, 16], "texture": "#1"},
				"down": {"uv": [0, 0, 1, 16], "texture": "#1"}
			},
			"rotation": {
				"origin": [8, 11, 8],
				"axis": "y",
				"angle": 0
			}
		},
		{
			"name": "cube",
			"from": [15, 3, 0],
			"to": [16, 6, 16],
			"shade": true,
			"faces": {
				"north": {"uv": [0, 0, 1, 3], "texture": "#1"},
				"east": {"uv": [0, 10, 16, 13], "texture": "#1"},
				"south": {"uv": [0, 0, 1, 3], "texture": "#1"},
				"west": {"uv": [0, 0, 16, 3], "texture": "#1"},
				"up": {"uv": [0, 0, 1, 16], "texture": "#1"},
				"down": {"uv": [0, 0, 1, 16], "texture": "#1"}
			},
			"rotation": {
				"origin": [23, 11, 8],
				"axis": "y",
				"angle": 0
			}
		},
		{
			"name": "cube",
			"from": [1, 3, 0],
			"to": [15, 6, 1],
			"shade": true,
			"faces": {
				"north": {"uv": [1, 10, 15, 13], "texture": "#1"},
				"east": {"uv": [0, 0, 1, 3], "texture": "#1"},
				"south": {"uv": [0, 0, 14, 3], "texture": "#1"},
				"west": {"uv": [0, 0, 1, 3], "texture": "#1"},
				"up": {"uv": [0, 0, 14, 1], "texture": "#1"},
				"down": {"uv": [0, 0, 14, 1], "texture": "#1"}
			},
			"rotation": {
				"origin": [9, 11, 8],
				"axis": "y",
				"angle": 0
			}
		},
		{
			"name": "cube",
			"from": [1, 3, 15],
			"to": [15, 6, 16],
			"shade": true,
			"faces": {
				"north": {"uv": [1, 10, 15, 13], "texture": "#1"},
				"east": {"uv": [0, 0, 1, 3], "texture": "#1"},
				"south": {"uv": [1, 10, 15, 13], "texture": "#1"},
				"west": {"uv": [0, 0, 1, 3], "texture": "#1"},
				"up": {"uv": [0, 0, 14, 1], "texture": "#1"},
				"down": {"uv": [0, 0, 14, 1], "texture": "#1"}
			},
			"rotation": {
				"origin": [9, 11, 23],
				"axis": "y",
				"angle": 0
			}
		},
		{
			"name": "cube",
			"from": [5, 8, 5],
			"to": [11, 9, 11],
			"shade": true,
			"faces": {
				"north": {"uv": [0, 0, 6, 1], "texture": "#1"},
				"east": {"uv": [0, 0, 6, 1], "texture": "#1"},
				"south": {"uv": [0, 0, 6, 1], "texture": "#1"},
				"west": {"uv": [0, 0, 6, 1], "texture": "#1"},
				"up": {"uv": [0, 0, 6, 6], "texture": "#1"},
				"down": {"uv": [0, 0, 6, 6], "texture": "#1"}
			}
		},
		{
			"name": "cube",
			"from": [5, 9, 6],
			"to": [6, 13, 10],
			"shade": true,
			"faces": {
				"north": {"uv": [0, 0, 1, 4], "texture": "#1"},
				"east": {"uv": [0, 0, 4, 4], "texture": "#1"},
				"south": {"uv": [0, 0, 1, 4], "texture": "#1"},
				"west": {"uv": [0, 0, 4, 4], "texture": "#1"},
				"up": {"uv": [0, 0, 1, 4], "texture": "#1"},
				"down": {"uv": [0, 0, 1, 4], "texture": "#1"}
			}
		},
		{
			"name": "cube",
			"from": [10, 9, 6],
			"to": [11, 13, 10],
			"shade": true,
			"faces": {
				"north": {"uv": [0, 0, 1, 4], "texture": "#1"},
				"east": {"uv": [0, 0, 4, 4], "texture": "#1"},
				"south": {"uv": [0, 0, 1, 4], "texture": "#1"},
				"west": {"uv": [0, 0, 4, 4], "texture": "#1"},
				"up": {"uv": [0, 0, 1, 4], "texture": "#1"},
				"down": {"uv": [0, 0, 1, 4], "texture": "#1"}
			}
		},
		{
			"name": "cube",
			"from": [5, 9, 5],
			"to": [11, 13, 6],
			"shade": true,
			"faces": {
				"north": {"uv": [0, 0, 6, 4], "texture": "#1"},
				"east": {"uv": [0, 0, 1, 4], "texture": "#1"},
				"south": {"uv": [0, 0, 6, 4], "texture": "#1"},
				"west": {"uv": [0, 0, 1, 4], "texture": "#1"},
				"up": {"uv": [0, 0, 6, 1], "texture": "#1"},
				"down": {"uv": [0, 0, 6, 1], "texture": "#1"}
			}
		},
		{
			"name": "cube",
			"from": [5, 9, 10],
			"to": [11, 13, 11],
			"shade": true,
			"faces": {
				"north": {"uv": [0, 0, 6, 4], "texture": "#1"},
				"east": {"uv": [0, 0, 1, 4], "texture": "#1"},
				"south": {"uv": [0, 0, 6, 4], "texture": "#1"},
				"west": {"uv": [0, 0, 1, 4], "texture": "#1"},
				"up": {"uv": [0, 0, 6, 1], "texture": "#1"},
				"down": {"uv": [0, 0, 6, 1], "texture": "#1"}
			}
		},
		{
			"name": "cube",
			"from": [4, 11, 7.5],
			"to": [5, 15, 8.5],
			"shade": true,
			"faces": {
				"north": {"uv": [7, 6, 8, 10], "texture": "#2"},
				"east": {"uv": [7, 6, 8, 10], "texture": "#2"},
				"south": {"uv": [7, 7, 8, 11], "texture": "#2"},
				"west": {"uv": [0, 0, 1, 4], "texture": "#2"},
				"up": {"uv": [0, 0, 1, 1], "texture": "#2"},
				"down": {"uv": [0, 0, 1, 1], "texture": "#2"}
			}
		},
		{
			"name": "cube",
			"from": [11, 11, 7.5],
			"to": [12, 15, 8.5],
			"shade": true,
			"faces": {
				"north": {"uv": [7, 6, 8, 10], "texture": "#2"},
				"east": {"uv": [7, 6, 8, 10], "texture": "#2"},
				"south": {"uv": [7, 7, 8, 11], "texture": "#2"},
				"west": {"uv": [0, 0, 1, 4], "texture": "#2"},
				"up": {"uv": [0, 0, 1, 1], "texture": "#2"},
				"down": {"uv": [0, 0, 1, 1], "texture": "#2"}
			}
		}
	],
	"display": {
		"head": {
			"rotation": [0, 0, 0],
			"translation": [0, -5, 0],
			"scale": [1.5, 1.5, 1.5]
		}
	}
}