{
	"credit": "Made with Blockbench, a free, modern block model editor made by JannisX11",
	"textures": {
		"0": "items/satellite",
		"particle": "items/satellite"
	},
	"elements": [
		{
			"name": "cube",
			"from": [3, 3, 3],
			"to": [13, 4, 13],
			"shade": true,
			"faces": {
				"north": {"uv": [0, 0, 8, 1], "texture": "#0"},
				"east": {"uv": [0, 0, 8, 1], "texture": "#0"},
				"south": {"uv": [0, 0, 8, 1], "texture": "#0"},
				"west": {"uv": [0, 0, 8, 1], "texture": "#0"},
				"up": {
					"uv": [0, 0, 8, 8],
					"rotation": 90,
					"texture": "#0"
				},
				"down": {"uv": [0, 0, 8, 8], "texture": "#0"}
			}
		},
		{
			"name": "cube",
			"from": [3, 1, 3],
			"to": [13, 3, 4],
			"shade": true,
			"faces": {
				"north": {"uv": [0, 1, 8, 3], "texture": "#0"},
				"east": {"uv": [2, 2, 3, 4], "texture": "#0"},
				"south": {"uv": [0, 0, 8, 2], "texture": "#0"},
				"west": {"uv": [4, 2, 5, 4], "texture": "#0"},
				"up": {"uv": [0, 1, 8, 2], "texture": "#0"},
				"down": {"uv": [0, 3, 8, 4], "texture": "#0"}
			}
		},
		{
			"name": "cube",
			"from": [12, 1, 4],
			"to": [13, 3, 12],
			"shade": true,
			"faces": {
				"north": {"uv": [0, 0, 1, 2], "texture": "#0"},
				"east": {"uv": [0.5, 3, 7.5, 5], "texture": "#0"},
				"south": {"uv": [0, 0, 1, 2], "texture": "#0"},
				"west": {"uv": [0.5, 3, 7.5, 5], "texture": "#0"},
				"up": {"uv": [0, 0, 1, 8], "texture": "#0"},
				"down": {"uv": [0, 0, 1, 8], "texture": "#0"}
			}
		},
		{
			"name": "cube",
			"from": [6, 4, 6],
			"to": [10, 6, 10],
			"shade": true,
			"faces": {
				"north": {"uv": [2, 10, 6, 12], "texture": "#0"},
				"east": {"uv": [2, 10, 6, 12], "texture": "#0"},
				"south": {"uv": [2, 10, 6, 12], "texture": "#0"},
				"west": {"uv": [3, 10, 7, 12], "texture": "#0"},
				"up": {"uv": [2, 9, 6, 13], "texture": "#0"},
				"down": {"uv": [3, 9, 7, 13], "texture": "#0"}
			}
		},
		{
			"name": "cube",
			"from": [5.5, 6, 5.5],
			"to": [10.5, 7, 10.5],
			"shade": true,
			"faces": {
				"north": {"uv": [11, 12, 16, 13], "texture": "#0"},
				"east": {"uv": [10, 11, 15, 12], "texture": "#0"},
				"south": {"uv": [10, 11, 15, 12], "texture": "#0"},
				"west": {"uv": [11, 12, 16, 13], "texture": "#0"},
				"up": {"uv": [11, 11, 16, 16], "texture": "#0"},
				"down": {"uv": [10, 8, 15, 13], "texture": "#0"}
			}
		},
		{
			"name": "cube",
			"from": [4, 7, 4],
			"to": [12, 19, 12],
			"shade": true,
			"faces": {
				"north": {"uv": [0, 0, 8, 8], "texture": "#0"},
				"east": {"uv": [0, 0, 8, 8], "texture": "#0"},
				"south": {"uv": [0, 0, 8, 8], "texture": "#0"},
				"west": {"uv": [0, 0, 8, 8], "texture": "#0"},
				"up": {"uv": [0, 0, 8, 8], "texture": "#0"},
				"down": {"uv": [0, 0, 8, 8], "texture": "#0"}
			}
		},
		{
			"name": "cube",
			"from": [5, 19, 5],
			"to": [11, 22, 11],
			"shade": true,
			"faces": {
				"north": {"uv": [0, 13, 6, 16], "texture": "#0"},
				"east": {"uv": [1, 13, 7, 16], "texture": "#0"},
				"south": {"uv": [1, 13, 7, 16], "texture": "#0"},
				"west": {"uv": [1, 13, 7, 16], "texture": "#0"},
				"up": {"uv": [0, 0, 6, 6], "texture": "#0"},
				"down": {"uv": [0, 0, 6, 6], "texture": "#0"}
			}
		},
		{
			"name": "cube",
			"from": [4, 22, 4],
			"to": [12, 30, 12],
			"shade": true,
			"faces": {
				"north": {"uv": [0, 0, 8, 8], "texture": "#0"},
				"east": {"uv": [0, 0, 8, 8], "texture": "#0"},
				"south": {"uv": [0, 0, 8, 8], "texture": "#0"},
				"west": {"uv": [0, 0, 8, 8], "texture": "#0"},
				"up": {"uv": [0, 0, 8, 8], "texture": "#0"},
				"down": {"uv": [0, 0, 8, 8], "texture": "#0"}
			}
		},
		{
			"name": "cube",
			"from": [5, 30, 5],
			"to": [11, 32, 11],
			"shade": true,
			"faces": {
				"north": {"uv": [1, 9, 7, 11], "texture": "#0"},
				"east": {"uv": [1, 9, 7, 11], "texture": "#0"},
				"south": {"uv": [1, 9, 7, 11], "texture": "#0"},
				"west": {"uv": [1, 9, 7, 11], "texture": "#0"},
				"up": {"uv": [1, 9, 4, 12], "texture": "#0"},
				"down": {"uv": [2, 9, 5, 12], "texture": "#0"}
			}
		},
		{
			"name": "cube",
			"from": [0, 16, 7.5],
			"to": [4, 17, 8.5],
			"shade": true,
			"faces": {
				"north": {"uv": [0, 0, 4, 1], "texture": "#0"},
				"east": {"uv": [0, 0, 1, 1], "texture": "#0"},
				"south": {"uv": [0, 0, 4, 1], "texture": "#0"},
				"west": {"uv": [0, 0, 1, 1], "texture": "#0"},
				"up": {"uv": [0, 0, 4, 1], "texture": "#0"},
				"down": {"uv": [0, 0, 4, 1], "texture": "#0"}
			}
		},
		{
			"name": "cube",
			"from": [0, 23, 7.5],
			"to": [4, 24, 8.5],
			"shade": true,
			"faces": {
				"north": {"uv": [0, 0, 4, 1], "texture": "#0"},
				"east": {"uv": [0, 0, 1, 1], "texture": "#0"},
				"south": {"uv": [0, 0, 4, 1], "texture": "#0"},
				"west": {"uv": [0, 0, 1, 1], "texture": "#0"},
				"up": {"uv": [0, 0, 4, 1], "texture": "#0"},
				"down": {"uv": [0, 0, 4, 1], "texture": "#0"}
			}
		},
		{
			"name": "cube",
			"from": [-16, 14, 7],
			"to": [0, 26, 9],
			"shade": true,
			"faces": {
				"north": {"uv": [8, 0, 16, 6], "texture": "#0"},
				"east": {"uv": [12, 6, 14, 16], "texture": "#0"},
				"south": {"uv": [8, 0, 16, 6], "texture": "#0"},
				"west": {"uv": [12, 6, 14, 16], "texture": "#0"},
				"up": {"uv": [9, 6, 11, 8], "texture": "#0"},
				"down": {"uv": [9, 6, 11, 8], "texture": "#0"}
			}
		},
		{
			"name": "cube",
			"from": [12, 23, 7.5],
			"to": [16, 24, 8.5],
			"shade": true,
			"faces": {
				"north": {"uv": [0, 0, 4, 1], "texture": "#0"},
				"east": {"uv": [0, 0, 1, 1], "texture": "#0"},
				"south": {"uv": [0, 0, 4, 1], "texture": "#0"},
				"west": {"uv": [0, 0, 1, 1], "texture": "#0"},
				"up": {"uv": [0, 0, 4, 1], "texture": "#0"},
				"down": {"uv": [0, 0, 4, 1], "texture": "#0"}
			}
		},
		{
			"name": "cube",
			"from": [12, 16, 7.5],
			"to": [16, 17, 8.5],
			"shade": true,
			"faces": {
				"north": {"uv": [0, 0, 4, 1], "texture": "#0"},
				"east": {"uv": [0, 0, 1, 1], "texture": "#0"},
				"south": {"uv": [0, 0, 4, 1], "texture": "#0"},
				"west": {"uv": [0, 0, 1, 1], "texture": "#0"},
				"up": {"uv": [0, 0, 4, 1], "texture": "#0"},
				"down": {"uv": [0, 0, 4, 1], "texture": "#0"}
			}
		},
		{
			"name": "cube",
			"from": [7.5, -4, 7.5],
			"to": [8.5, 3, 8.5],
			"shade": true,
			"faces": {
				"north": {"uv": [0, 9, 1, 16], "texture": "#0"},
				"east": {"uv": [0, 9, 1, 16], "texture": "#0"},
				"south": {"uv": [0, 9, 1, 16], "texture": "#0"},
				"west": {"uv": [0, 9, 1, 16], "texture": "#0"},
				"up": {"uv": [1, 10, 2, 11], "texture": "#0"},
				"down": {"uv": [3, 10, 4, 11], "texture": "#0"}
			}
		},
		{
			"name": "cube",
			"from": [16, 14, 7],
			"to": [32, 26, 9],
			"shade": true,
			"faces": {
				"north": {"uv": [8, 0, 16, 6], "texture": "#0"},
				"east": {"uv": [12, 6, 14, 16], "texture": "#0"},
				"south": {"uv": [8, 0, 16, 6], "texture": "#0"},
				"west": {"uv": [12, 6, 14, 16], "texture": "#0"},
				"up": {"uv": [9, 6, 11, 8], "texture": "#0"},
				"down": {"uv": [9, 6, 11, 8], "texture": "#0"}
			}
		},
		{
			"name": "cube",
			"from": [3, 1, 12],
			"to": [13, 3, 13],
			"shade": true,
			"faces": {
				"north": {"uv": [0, 1, 8, 3], "texture": "#0"},
				"east": {"uv": [2, 2, 3, 4], "texture": "#0"},
				"south": {"uv": [0, 1, 8, 3], "texture": "#0"},
				"west": {"uv": [4, 2, 5, 4], "texture": "#0"},
				"up": {"uv": [0, 1, 8, 2], "texture": "#0"},
				"down": {"uv": [0, 3, 8, 4], "texture": "#0"}
			}
		},
		{
			"name": "cube",
			"from": [3, 1, 4],
			"to": [4, 3, 12],
			"shade": true,
			"faces": {
				"north": {"uv": [0, 0, 1, 2], "texture": "#0"},
				"east": {"uv": [0.5, 3, 7.5, 5], "texture": "#0"},
				"south": {"uv": [0, 0, 1, 2], "texture": "#0"},
				"west": {"uv": [0.5, 3, 7.5, 5], "texture": "#0"},
				"up": {"uv": [0, 0, 1, 8], "texture": "#0"},
				"down": {"uv": [0, 0, 1, 8], "texture": "#0"}
			}
		}
	],
	"display": {
		"gui": {
			"rotation": [30, 225, 0],
			"translation": [0, -2.5, 0],
			"scale": [0.4, 0.4, 0.4]
		},
		"thirdperson_righthand": {
			"rotation": [0, 0, 0],
			"scale": [0.5, 0.5, 0.5],
			"translation": [0.5, -4, 0]
		},
		"thirdperson_lefthand": {
			"rotation": [0, 0, 0],
			"translation": [0.5, -4, 0],
			"scale": [0.5, 0.5, 0.5]
		},
		"firstperson_righthand": {
			"rotation": [0, 45, 0],
			"translation": [0, 0, 0],
			"scale": [0.4, 0.4, 0.4]
		},
		"firstperson_lefthand": {
			"rotation": [0, 45, 0],
			"translation": [0, 0, 0],
			"scale": [0.4, 0.4, 0.4]
		},
		"head": {},
		"ground": {},
		"fixed": {}
	}
}