{   "parent": "block/block",


    "textures": {
        "0": "items/boiler1"
    },
    "elements": [
        {
            "name": "Cube",
            "from": [ 1.0, 0.0, 14.0 ], 
            "to": [ 2.0, 2.0, 15.0 ], 
            "faces": {
                "north": { "texture": "#0", "uv": [ 11.0, 0.0, 11.0, 1.0 ] },
                "east": { "texture": "#0", "uv": [ 9.0, 0.0, 9.0, 1.0 ] },
                "south": { "texture": "#0", "uv": [ 11.0, 3.0, 11.0, 4.0 ] },
                "west": { "texture": "#0", "uv": [ 10.0, 4.0, 10.0, 5.0 ] },
                "up": { "texture": "#0", "uv": [ 10.0, 3.0, 10.0, 3.0 ] },
                "down": { "texture": "#0", "uv": [ 10.0, 2.0, 10.0, 2.0 ] }
            }
        },
        {
            "name": "Cube",
            "from": [ 1.0, 2.0, 1.0 ], 
            "to": [ 15.0, 8.0, 15.0 ], 
            "faces": {
                "north": { "texture": "#0", "uv": [ 8.0, 13.0, 15.0, 16.0 ] },
                "east": { "texture": "#0", "uv": [ 8.0, 13.0, 15.0, 16.0 ] },
                "south": { "texture": "#0", "uv": [ 8.0, 13.0, 15.0, 16.0 ] },
                "west": { "texture": "#0", "uv": [ 8.0, 13.0, 15.0, 16.0 ] },
                "up": { "texture": "#0", "uv": [ 0.0, 0.0, 8.0, 8.0 ] },
                "down": { "texture": "#0", "uv": [ 8.0, 0.0, 16.0, 8.0 ] }
            }
        },
        {
            "name": "Cube",
            "from": [ 1.0, 8.0, 1.0 ], 
            "to": [ 2.0, 14.0, 15.0 ], 
            "faces": {
                "north": { "texture": "#0", "uv": [ 9.0, 0.0, 9.0, 3.0 ] },
                "east": { "texture": "#0", "uv": [ 9.0, 0.0, 15.0, 3.0 ] },
                "south": { "texture": "#0", "uv": [ 9.0, 0.0, 9.0, 3.0 ] },
                "west": { "texture": "#0", "uv": [ 9.0, 0.0, 15.0, 3.0 ] },
                "up": { "texture": "#0", "uv": [ 9.0, 0.0, 9.0, 6.0 ] },
                "down": { "texture": "#0", "uv": [ 9.0, 0.0, 9.0, 6.0 ] }
            }
        },
        {
            "name": "Cube",
            "from": [ 2.0, 8.0, 1.0 ], 
            "to": [ 14.0, 14.0, 2.0 ], 
            "faces": {
                "north": { "texture": "#0", "uv": [ 8.0, 0.0, 14.0, 3.0 ] },
                "east": { "texture": "#0", "uv": [ 8.0, 0.0, 9.0, 4.0 ] },
                "south": { "texture": "#0", "uv": [ 8.0, 0.0, 14.0, 3.0 ] },
                "west": { "texture": "#0", "uv": [ 8.0, 0.0, 9.0, 4.0 ] },
                "up": { "texture": "#0", "uv": [ 8.0, 0.0, 14.0, 0.0 ] },
                "down": { "texture": "#0", "uv": [ 8.0, 0.0, 14.0, 0.0 ] }
            }
        },
        {
            "name": "Cube",
            "from": [ 7.0, 8.0, 7.0 ], 
            "to": [ 9.0, 14.0, 9.0 ], 
            "faces": {
                "north": { "texture": "#0", "uv": [ 2.0, 10.0, 4.0, 16.0 ] },
                "east": { "texture": "#0", "uv": [ 3.0, 10.0, 5.0, 16.0 ] },
                "south": { "texture": "#0", "uv": [ 1.0, 10.0, 3.0, 16.0 ] },
                "west": { "texture": "#0", "uv": [ 5.0, 10.0, 7.0, 16.0 ] },
                "up": { "texture": "#0", "uv": [ 3.0, 11.0, 5.0, 13.0 ] },
                "down": { "texture": "#0", "uv": [ 3.0, 11.0, 5.0, 13.0 ] }
            }
        },
        {
            "name": "Cube",
            "from": [ 2.0, 8.0, 14.0 ], 
            "to": [ 14.0, 14.0, 15.0 ], 
            "faces": {
                "north": { "texture": "#0", "uv": [ 8.0, 0.0, 14.0, 3.0 ] },
                "east": { "texture": "#0", "uv": [ 8.0, 0.0, 9.0, 4.0 ] },
                "south": { "texture": "#0", "uv": [ 8.0, 0.0, 14.0, 3.0 ] },
                "west": { "texture": "#0", "uv": [ 8.0, 0.0, 9.0, 4.0 ] },
                "up": { "texture": "#0", "uv": [ 8.0, 0.0, 14.0, 0.0 ] },
                "down": { "texture": "#0", "uv": [ 8.0, 0.0, 14.0, 0.0 ] }
            }
        },
        {
            "name": "Cube",
            "from": [ 14.0, 8.0, 1.0 ], 
            "to": [ 15.0, 14.0, 15.0 ], 
            "faces": {
                "north": { "texture": "#0", "uv": [ 9.0, 0.0, 9.0, 3.0 ] },
                "east": { "texture": "#0", "uv": [ 9.0, 0.0, 15.0, 3.0 ] },
                "south": { "texture": "#0", "uv": [ 9.0, 0.0, 9.0, 3.0 ] },
                "west": { "texture": "#0", "uv": [ 9.0, 0.0, 15.0, 3.0 ] },
                "up": { "texture": "#0", "uv": [ 9.0, 0.0, 9.0, 6.0 ] },
                "down": { "texture": "#0", "uv": [ 9.0, 0.0, 9.0, 6.0 ] }
            }
        },
        {
            "name": "Cube",
            "from": [ 7.500000007450581, 9.0, 2.0 ], 
            "to": [ 8.50000000745058, 13.699999995529652, 14.0 ], 
            "faces": {
                "north": { "texture": "#0", "uv": [ 1.0, 10.0, 7.0, 12.699999995529652 ] },
                "east": { "texture": "#0", "uv": [ 1.0, 10.0, 7.0, 12.699999995529652 ] },
                "south": { "texture": "#0", "uv": [ 1.0, 10.0, 7.0, 12.699999995529652 ] },
                "west": { "texture": "#0", "uv": [ 1.0, 9.0, 7.0, 11.699999995529652 ] },
                "up": { "texture": "#0", "uv": [ 2.0, 11.0, 7.0, 12.0 ], "rotation": 90 },
                "down": { "texture": "#0", "uv": [ 2.0, 10.0, 6.0, 11.0 ], "rotation": 90 }
            }
        },
        {
            "name": "Cube",
            "from": [ 2.0, 9.0, 7.500000007450581 ], 
            "to": [ 14.0, 13.699999995529652, 8.50000000745058 ], 
            "faces": {
                "north": { "texture": "#0", "uv": [ 1.0, 10.0, 7.0, 12.699999995529652 ] },
                "east": { "texture": "#0", "uv": [ 1.0, 10.0, 2.0, 14.699999995529652 ] },
                "south": { "texture": "#0", "uv": [ 1.0, 10.0, 7.0, 12.699999995529652 ] },
                "west": { "texture": "#0", "uv": [ 1.0, 9.0, 2.0, 13.699999995529652 ] },
                "up": { "texture": "#0", "uv": [ 2.0, 11.0, 7.0, 12.0 ] },
                "down": { "texture": "#0", "uv": [ 2.0, 10.0, 6.0, 11.0 ] }
            }
        },
        {
            "name": "Cube",
            "from": [ 2.0, 9.0, 7.500000007450581 ], 
            "to": [ 14.0, 13.699999995529652, 8.50000000745058 ], 
            "rotation": { "origin": [ 8.0, 8.0, 8.0 ], "axis": "y", "angle": -45.0 },
            "faces": {
                "north": { "texture": "#0", "uv": [ 1.0, 10.0, 7.0, 12.699999995529652 ] },
                "east": { "texture": "#0", "uv": [ 1.0, 10.0, 2.0, 14.699999995529652 ] },
                "south": { "texture": "#0", "uv": [ 1.0, 10.0, 7.0, 12.699999995529652 ] },
                "west": { "texture": "#0", "uv": [ 1.0, 9.0, 2.0, 13.699999995529652 ] },
                "up": { "texture": "#0", "uv": [ 2.0, 11.0, 7.0, 12.0 ] },
                "down": { "texture": "#0", "uv": [ 2.0, 10.0, 6.0, 11.0 ] }
            }
        },
        {
            "name": "Cube",
            "from": [ 7.500000007450581, 9.0, 2.0 ], 
            "to": [ 8.50000000745058, 13.699999995529652, 14.0 ], 
            "rotation": { "origin": [ 8.0, 8.0, 8.0 ], "axis": "y", "angle": -45.0 },
            "faces": {
                "north": { "texture": "#0", "uv": [ 1.0, 10.0, 7.0, 12.699999995529652 ] },
                "east": { "texture": "#0", "uv": [ 1.0, 10.0, 7.0, 12.699999995529652 ] },
                "south": { "texture": "#0", "uv": [ 1.0, 10.0, 7.0, 12.699999995529652 ] },
                "west": { "texture": "#0", "uv": [ 1.0, 9.0, 7.0, 11.699999995529652 ] },
                "up": { "texture": "#0", "uv": [ 2.0, 11.0, 7.0, 12.0 ] },
                "down": { "texture": "#0", "uv": [ 2.0, 10.0, 6.0, 11.0 ] }
            }
        },
        {
            "name": "Cube",
            "from": [ 14.0, 0.0, 14.0 ], 
            "to": [ 15.0, 2.0, 15.0 ], 
            "faces": {
                "north": { "texture": "#0", "uv": [ 11.0, 0.0, 11.0, 1.0 ] },
                "east": { "texture": "#0", "uv": [ 9.0, 0.0, 9.0, 1.0 ] },
                "south": { "texture": "#0", "uv": [ 11.0, 3.0, 11.0, 4.0 ] },
                "west": { "texture": "#0", "uv": [ 10.0, 4.0, 10.0, 5.0 ] },
                "up": { "texture": "#0", "uv": [ 10.0, 3.0, 10.0, 3.0 ] },
                "down": { "texture": "#0", "uv": [ 10.0, 2.0, 10.0, 2.0 ] }
            }
        },
        {
            "name": "Cube",
            "from": [ 14.0, 0.0, 1.0 ], 
            "to": [ 15.0, 2.0, 2.0 ], 
            "faces": {
                "north": { "texture": "#0", "uv": [ 11.0, 0.0, 11.0, 1.0 ] },
                "east": { "texture": "#0", "uv": [ 9.0, 0.0, 9.0, 1.0 ] },
                "south": { "texture": "#0", "uv": [ 11.0, 3.0, 11.0, 4.0 ] },
                "west": { "texture": "#0", "uv": [ 10.0, 4.0, 10.0, 5.0 ] },
                "up": { "texture": "#0", "uv": [ 10.0, 3.0, 10.0, 3.0 ] },
                "down": { "texture": "#0", "uv": [ 10.0, 2.0, 10.0, 2.0 ] }
            }
        },
        {
            "name": "Cube",
            "from": [ 1.0, 0.0, 1.0 ], 
            "to": [ 2.0, 2.0, 2.0 ], 
            "faces": {
                "north": { "texture": "#0", "uv": [ 11.0, 0.0, 11.0, 1.0 ] },
                "east": { "texture": "#0", "uv": [ 9.0, 0.0, 9.0, 1.0 ] },
                "south": { "texture": "#0", "uv": [ 11.0, 3.0, 11.0, 4.0 ] },
                "west": { "texture": "#0", "uv": [ 10.0, 4.0, 10.0, 5.0 ] },
                "up": { "texture": "#0", "uv": [ 10.0, 3.0, 10.0, 3.0 ] },
                "down": { "texture": "#0", "uv": [ 10.0, 2.0, 10.0, 2.0 ] }
            }
        }
    ]
}