{
	"credit": "Made with Blockbench, a free, modern block model editor made by JannisX11",
    "display": {
        "head": {
        "rotation": [ 0, 0, 0 ],
        "translation": [ 0, -5, 0 ],
        "scale": [ 1.5, 1.5, 1.5 ]
}
},
	"textures": {
		"0": "blocks/stone",
		"1": "blocks/planks_spruce",
		"particle": "blocks/stone"
	},
	"elements": [
		{
			"name": "cube",
			"from": [1, 0, 3],
			"to": [3, 10, 13],
			"shade": true,
			"faces": {
				"north": {"uv": [0, 0, 10, 2], "texture": "#0"},
				"east": {"uv": [0, 0, 10, 10], "texture": "#0"},
				"south": {"uv": [0, 0, 10, 2], "texture": "#0"},
				"west": {"uv": [0, 0, 10, 10], "texture": "#0"},
				"up": {"uv": [0, 0, 2, 10], "texture": "#0"},
				"down": {"uv": [0, 0, 10, 2], "texture": "#0"}
			}
		},
		{
			"name": "cube",
			"from": [13, 0, 3],
			"to": [15, 10, 13],
			"shade": true,
			"faces": {
				"north": {"uv": [0, 0, 10, 2], "texture": "#0"},
				"east": {"uv": [0, 0, 10, 10], "texture": "#0"},
				"south": {"uv": [0, 0, 10, 2], "texture": "#0"},
				"west": {"uv": [0, 0, 10, 10], "texture": "#0"},
				"up": {"uv": [0, 0, 2, 10], "texture": "#0"},
				"down": {"uv": [0, 0, 10, 2], "texture": "#0"}
			}
		},
		{
			"name": "cube",
			"from": [3, 0, 1],
			"to": [13, 10, 3],
			"shade": true,
			"faces": {
				"north": {"uv": [0, 0, 10, 10], "texture": "#0"},
				"east": {"uv": [0, 0, 10, 2], "texture": "#0"},
				"south": {"uv": [0, 0, 10, 10], "texture": "#0"},
				"west": {"uv": [0, 0, 10, 2], "texture": "#0"},
				"up": {"uv": [0, 0, 10, 2], "texture": "#0"},
				"down": {"uv": [0, 0, 10, 2], "texture": "#0"}
			}
		},
		{
			"name": "cube",
			"from": [3, 0, 13],
			"to": [13, 10, 15],
			"shade": true,
			"faces": {
				"north": {"uv": [0, 0, 10, 10], "texture": "#0"},
				"east": {"uv": [0, 0, 10, 2], "texture": "#0"},
				"south": {"uv": [0, 0, 10, 10], "texture": "#0"},
				"west": {"uv": [0, 0, 10, 2], "texture": "#0"},
				"up": {"uv": [0, 0, 10, 2], "texture": "#0"},
				"down": {"uv": [0, 0, 10, 2], "texture": "#0"}
			}
		},
		{
			"name": "cube",
			"from": [0, 0, 0],
			"to": [3, 12, 3],
			"shade": true,
			"faces": {
				"north": {"uv": [0, 0, 3, 12], "texture": "#1"},
				"east": {"uv": [0, 0, 3, 12], "texture": "#1"},
				"south": {"uv": [0, 0, 3, 12], "texture": "#1"},
				"west": {"uv": [0, 0, 3, 12], "texture": "#1"},
				"up": {"uv": [0, 0, 3, 3], "texture": "#1"},
				"down": {"uv": [0, 0, 3, 3], "texture": "#1"}
			}
		},
		{
			"name": "cube",
			"from": [0, 0, 13],
			"to": [3, 12, 16],
			"shade": true,
			"faces": {
				"north": {"uv": [0, 0, 3, 12], "texture": "#1"},
				"east": {"uv": [0, 0, 3, 12], "texture": "#1"},
				"south": {"uv": [0, 0, 3, 12], "texture": "#1"},
				"west": {"uv": [0, 0, 3, 12], "texture": "#1"},
				"up": {"uv": [0, 0, 3, 3], "texture": "#1"},
				"down": {"uv": [0, 0, 3, 3], "texture": "#1"}
			}
		},
		{
			"name": "cube",
			"from": [13, 0, 13],
			"to": [16, 12, 16],
			"shade": true,
			"faces": {
				"north": {"uv": [0, 0, 3, 12], "texture": "#1"},
				"east": {"uv": [0, 0, 3, 12], "texture": "#1"},
				"south": {"uv": [0, 0, 3, 12], "texture": "#1"},
				"west": {"uv": [0, 0, 3, 12], "texture": "#1"},
				"up": {"uv": [0, 0, 3, 3], "texture": "#1"},
				"down": {"uv": [0, 0, 3, 3], "texture": "#1"}
			}
		},
		{
			"name": "cube",
			"from": [13, 0, 0],
			"to": [16, 12, 3],
			"shade": true,
			"faces": {
				"north": {"uv": [0, 0, 3, 12], "texture": "#1"},
				"east": {"uv": [0, 0, 3, 12], "texture": "#1"},
				"south": {"uv": [0, 0, 3, 12], "texture": "#1"},
				"west": {"uv": [0, 0, 3, 12], "texture": "#1"},
				"up": {"uv": [0, 0, 3, 3], "texture": "#1"},
				"down": {"uv": [0, 0, 3, 3], "texture": "#1"}
			}
		},
		{
			"name": "cube",
			"from": [12, 12, 12],
			"to": [17, 13, 17],
			"shade": true,
			"faces": {
				"north": {"uv": [0, 0, 10, 2], "texture": "#0"},
				"east": {"uv": [0, 0, 10, 2], "texture": "#0"},
				"south": {"uv": [0, 0, 10, 2], "texture": "#0"},
				"west": {"uv": [0, 0, 10, 2], "texture": "#0"},
				"up": {"uv": [0, 0, 5, 5], "texture": "#0"},
				"down": {"uv": [0, 0, 5, 5], "texture": "#0"}
			}
		},
		{
			"name": "cube",
			"from": [12, 12, -1],
			"to": [17, 13, 4],
			"shade": true,
			"faces": {
				"north": {"uv": [0, 0, 10, 2], "texture": "#0"},
				"east": {"uv": [0, 0, 10, 2], "texture": "#0"},
				"south": {"uv": [0, 0, 10, 2], "texture": "#0"},
				"west": {"uv": [0, 0, 10, 2], "texture": "#0"},
				"up": {"uv": [0, 0, 5, 5], "texture": "#0"},
				"down": {"uv": [0, 0, 5, 5], "texture": "#0"}
			}
		},
		{
			"name": "cube",
			"from": [-1, 12, -1],
			"to": [4, 13, 4],
			"shade": true,
			"faces": {
				"north": {"uv": [0, 0, 10, 2], "texture": "#0"},
				"east": {"uv": [0, 0, 10, 2], "texture": "#0"},
				"south": {"uv": [0, 0, 10, 2], "texture": "#0"},
				"west": {"uv": [0, 0, 10, 2], "texture": "#0"},
				"up": {"uv": [0, 0, 5, 5], "texture": "#0"},
				"down": {"uv": [0, 0, 5, 5], "texture": "#0"}
			}
		},
		{
			"name": "cube",
			"from": [-1, 12, 12],
			"to": [4, 13, 17],
			"shade": true,
			"faces": {
				"north": {"uv": [0, 0, 10, 2], "texture": "#0"},
				"east": {"uv": [0, 0, 10, 2], "texture": "#0"},
				"south": {"uv": [0, 0, 10, 2], "texture": "#0"},
				"west": {"uv": [0, 0, 10, 2], "texture": "#0"},
				"up": {"uv": [0, 0, 5, 5], "texture": "#0"},
				"down": {"uv": [0, 0, 5, 5], "texture": "#0"}
			}
		},
		{
			"name": "cube",
			"from": [3, 0, 3],
			"to": [13, 1, 13],
			"shade": true,
			"faces": {
				"north": {"uv": [4, 0, 14, 1], "texture": "#1"},
				"east": {"uv": [4, 0, 14, 1], "texture": "#1"},
				"south": {"uv": [1, 0, 11, 1], "texture": "#1"},
				"west": {"uv": [6, 0, 16, 1], "texture": "#1"},
				"up": {"uv": [3, 3, 13, 13], "texture": "#1"},
				"down": {"uv": [3, 3, 13, 13], "texture": "#1"}
			}
		},
		{
			"name": "cube",
			"from": [5, 0, 0.825],
			"to": [11, 7, 1.075],
			"shade": true,
			"faces": {
				"north": {"uv": [4, 9, 10, 16], "texture": "#1"},
				"east": {"uv": [0, 0, 0.25, 7], "texture": "#1"},
				"south": {"uv": [5, 9, 11, 16], "texture": "#1"},
				"west": {"uv": [0, 0, 0.25, 7], "texture": "#1"},
				"up": {"uv": [0, 0, 6, 0.25], "texture": "#1"},
				"down": {"uv": [0, 0, 6, 0.25], "texture": "#1"}
			}
		},
		{
			"name": "cube",
			"from": [14.925, 0, 5],
			"to": [15.175, 7, 11],
			"shade": true,
			"faces": {
				"north": {"uv": [0, 0, 0.25, 7], "texture": "#1"},
				"east": {"uv": [4, 9, 10, 16], "texture": "#1"},
				"south": {"uv": [0, 0, 0.25, 7], "texture": "#1"},
				"west": {"uv": [5, 9, 11, 16], "texture": "#1"},
				"up": {
					"uv": [0, 0, 6, 0.25],
					"texture": "#1",
					"rotation": 90
				},
				"down": {
					"uv": [0, 0, 6, 0.25],
					"texture": "#1",
					"rotation": 270
				}
			}
		},
		{
			"name": "cube",
			"from": [5, 0, 14.925],
			"to": [11, 7, 15.175],
			"shade": true,
			"faces": {
				"north": {"uv": [5, 9, 11, 16], "texture": "#1"},
				"east": {"uv": [0, 0, 0.25, 7], "texture": "#1"},
				"south": {"uv": [4, 9, 10, 16], "texture": "#1"},
				"west": {"uv": [0, 0, 0.25, 7], "texture": "#1"},
				"up": {
					"uv": [0, 0, 6, 0.25],
					"texture": "#1",
					"rotation": 180
				},
				"down": {
					"uv": [0, 0, 6, 0.25],
					"texture": "#1",
					"rotation": 180
				}
			}
		},
		{
			"name": "cube",
			"from": [0.8249999999999993, 0, 5],
			"to": [1.0749999999999993, 7, 11],
			"shade": true,
			"faces": {
				"north": {"uv": [0, 0, 0.25, 7], "texture": "#1"},
				"east": {"uv": [5, 9, 11, 16], "texture": "#1"},
				"south": {"uv": [0, 0, 0.25, 7], "texture": "#1"},
				"west": {"uv": [4, 9, 10, 16], "texture": "#1"},
				"up": {
					"uv": [0, 0, 6, 0.25],
					"texture": "#1",
					"rotation": 270
				},
				"down": {
					"uv": [0, 0, 6, 0.25],
					"texture": "#1",
					"rotation": 90
				}
			}
		}
	]
}