{
	"credit": "Made with Blockbench, a free, modern block model editor by JannisX11",
	"textures": {
		"0": "blocks/steel_block",
		"1": "blocks/concrete_black",
		"3": "blocks/stationarylava"
	},
	"elements": [
		{
			"name": "cube",
			"from": [5, 2, 5],
			"to": [11, 19, 11],
			"faces": {
				"north": {"uv": [5, 0, 11, 16], "texture": "#0"},
				"east": {"uv": [5, 0, 11, 16], "texture": "#0"},
				"south": {"uv": [5, 0, 11, 16], "texture": "#0"},
				"west": {"uv": [4, 0, 10, 16], "texture": "#0"},
				"up": {"uv": [5, 4, 11, 10], "texture": "#0"},
				"down": {"uv": [5, 4, 11, 10], "texture": "#0"}
			}
		},
		{
			"name": "cube",
			"from": [6, 20, 6],
			"to": [10, 26, 10],
			"faces": {
				"north": {"uv": [6, 0, 10, 6], "texture": "#0"},
				"east": {"uv": [6, 0, 10, 6], "texture": "#0"},
				"south": {"uv": [6, 0, 10, 6], "texture": "#0"},
				"west": {"uv": [6, 0, 10, 6], "texture": "#0"},
				"up": {"uv": [0, 0, 4, 4], "texture": "#0"},
				"down": {"uv": [0, 0, 4, 4], "texture": "#0"}
			}
		},
		{
			"name": "cube",
			"from": [7.5, 28, 7.5],
			"to": [8.5, 32, 8.5],
			"faces": {
				"north": {"uv": [1, 0, 2, 4], "texture": "#0"},
				"east": {"uv": [5, 0, 6, 4], "texture": "#0"},
				"south": {"uv": [7, 0, 8, 4], "texture": "#0"},
				"west": {"uv": [5, 0, 6, 4], "texture": "#0"},
				"up": {"uv": [0, 0, 1, 1], "texture": "#0"},
				"down": {"uv": [0, 0, 1, 1], "texture": "#0"}
			}
		},
		{
			"name": "cube",
			"from": [5.5, 19, 5.5],
			"to": [10.5, 20, 10.5],
			"faces": {
				"north": {"uv": [0, 0, 5, 1], "texture": "#0"},
				"east": {"uv": [0, 0, 5, 1], "texture": "#0"},
				"south": {"uv": [0, 0, 5, 1], "texture": "#0"},
				"west": {"uv": [0, 0, 5, 1], "texture": "#0"},
				"up": {"uv": [5, 5, 10, 10], "texture": "#0"},
				"down": {"uv": [6, 5, 11, 10], "texture": "#0"}
			}
		},
		{
			"name": "cube",
			"from": [6.5, 26, 6.5],
			"to": [9.5, 27, 9.5],
			"faces": {
				"north": {"uv": [0, 0, 3, 1], "texture": "#0"},
				"east": {"uv": [0, 0, 3, 1], "texture": "#0"},
				"south": {"uv": [0, 0, 3, 1], "texture": "#0"},
				"west": {"uv": [0, 0, 3, 1], "texture": "#0"},
				"up": {"uv": [6, 6, 9, 9], "texture": "#0"},
				"down": {"uv": [7, 6, 10, 9], "texture": "#0"}
			}
		},
		{
			"name": "cube",
			"from": [6.5, 27.2, 6.5],
			"to": [9.5, 28, 9.5],
			"faces": {
				"north": {
					"uv": [0, 0, 3, 0.8000000000000007],
					"texture": "#0"
				},
				"east": {
					"uv": [0, 0, 3, 0.8000000000000007],
					"texture": "#0"
				},
				"south": {
					"uv": [0, 0, 3, 0.8000000000000007],
					"texture": "#0"
				},
				"west": {
					"uv": [0, 0, 3, 0.8000000000000007],
					"texture": "#0"
				},
				"up": {"uv": [7, 6, 10, 9], "texture": "#0"},
				"down": {"uv": [6, 6, 9, 9], "texture": "#0"}
			}
		},
		{
			"name": "cube",
			"from": [7, 27, 7],
			"to": [9, 27.2, 9],
			"faces": {
				"north": {
					"uv": [0, 0, 2, 0.1999999999999993],
					"texture": "#0"
				},
				"east": {
					"uv": [0, 0, 2, 0.1999999999999993],
					"texture": "#0"
				},
				"south": {
					"uv": [0, 0, 2, 0.1999999999999993],
					"texture": "#0"
				},
				"west": {
					"uv": [0, 0, 2, 0.1999999999999993],
					"texture": "#0"
				},
				"up": {"uv": [0, 0, 2, 2], "texture": "#0"},
				"down": {"uv": [0, 0, 2, 2], "texture": "#0"}
			}
		},
		{
			"name": "cube",
			"from": [5.5, 1.5, 5.5],
			"to": [10.5, 2, 10.5],
			"faces": {
				"north": {"uv": [0, 0, 5, 0.5], "texture": "#0"},
				"east": {"uv": [0, 0, 5, 0.5], "texture": "#0"},
				"south": {"uv": [0, 0, 5, 0.5], "texture": "#0"},
				"west": {"uv": [0, 0, 5, 0.5], "texture": "#0"},
				"up": {"uv": [5, 5, 10, 10], "texture": "#0"},
				"down": {"uv": [6, 4, 11, 9], "texture": "#3"}
			}
		},
		{
			"name": "cube",
			"from": [5, 0, 5],
			"to": [11, 1.5, 6],
			"faces": {
				"north": {"uv": [4, 9, 10, 10.5], "texture": "#1"},
				"east": {"uv": [7, 3, 8, 4.5], "texture": "#1"},
				"south": {"uv": [9, 5, 15, 6.5], "texture": "#1"},
				"west": {"uv": [5, 10, 6, 11.5], "texture": "#1"},
				"up": {"uv": [5, 10, 11, 11], "texture": "#1"},
				"down": {"uv": [4, 4, 10, 5], "texture": "#1"}
			}
		},
		{
			"name": "cube",
			"from": [5, 0, 6],
			"to": [6, 1.5, 10],
			"faces": {
				"north": {"uv": [4, 9, 10, 10.5], "texture": "#1"},
				"east": {"uv": [7, 3, 8, 4.5], "texture": "#1"},
				"south": {"uv": [9, 5, 15, 6.5], "texture": "#1"},
				"west": {"uv": [5, 10, 6, 11.5], "texture": "#1"},
				"up": {"uv": [5, 10, 11, 11], "texture": "#1"},
				"down": {"uv": [4, 4, 10, 5], "texture": "#1"}
			}
		},
		{
			"name": "cube",
			"from": [10, 0, 6],
			"to": [11, 1.5, 10],
			"faces": {
				"north": {"uv": [4, 9, 10, 10.5], "texture": "#1"},
				"east": {"uv": [7, 3, 8, 4.5], "texture": "#1"},
				"south": {"uv": [9, 5, 15, 6.5], "texture": "#1"},
				"west": {"uv": [5, 10, 6, 11.5], "texture": "#1"},
				"up": {"uv": [5, 10, 11, 11], "texture": "#1"},
				"down": {"uv": [4, 4, 10, 5], "texture": "#1"}
			}
		},
		{
			"name": "cube",
			"from": [5, 0, 10],
			"to": [11, 1.5, 11],
			"faces": {
				"north": {"uv": [4, 9, 10, 10.5], "texture": "#1"},
				"east": {"uv": [7, 3, 8, 4.5], "texture": "#1"},
				"south": {"uv": [9, 5, 15, 6.5], "texture": "#1"},
				"west": {"uv": [5, 10, 6, 11.5], "texture": "#1"},
				"up": {"uv": [5, 10, 11, 11], "texture": "#1"},
				"down": {"uv": [4, 4, 10, 5], "texture": "#1"}
			}
		},
		{
			"name": "cube",
			"from": [2.5, 1, 7.5],
			"to": [5, 8, 8.5],
			"faces": {
				"north": {"uv": [13.5, 0, 16, 7], "texture": "#0"},
				"east": {"uv": [0, 0, 1, 7], "texture": "#0"},
				"south": {"uv": [0, 0, 2.5, 7], "texture": "#0"},
				"west": {"uv": [0, 0, 1, 7], "texture": "#0"},
				"up": {"uv": [0, 0, 2.5, 1], "texture": "#0"},
				"down": {"uv": [0, 0, 2.5, 1], "texture": "#0"}
			}
		},
		{
			"name": "cube",
			"from": [11, 1, 7.5],
			"to": [13.5, 8, 8.5],
			"faces": {
				"north": {"uv": [0, 0, 2.5, 7], "texture": "#0"},
				"east": {"uv": [0, 0, 1, 7], "texture": "#0"},
				"south": {"uv": [13.5, 0, 16, 7], "texture": "#0"},
				"west": {"uv": [0, 0, 1, 7], "texture": "#0"},
				"up": {"uv": [0, 0, 2.5, 1], "texture": "#0"},
				"down": {"uv": [0, 0, 2.5, 1], "texture": "#0"}
			}
		},
		{
			"name": "cube",
			"from": [7.5, 1, 11],
			"to": [8.5, 8, 13.5],
			"faces": {
				"north": {"uv": [0, 0, 1, 7], "texture": "#0"},
				"east": {"uv": [0, 0, 2.5, 7], "texture": "#0"},
				"south": {"uv": [0, 0, 1, 7], "texture": "#0"},
				"west": {"uv": [13.5, 0, 16, 7], "texture": "#0"},
				"up": {"uv": [0, 0, 1, 2.5], "texture": "#0"},
				"down": {"uv": [0, 0, 1, 2.5], "texture": "#0"}
			}
		},
		{
			"name": "cube",
			"from": [7.5, 1, 2.5],
			"to": [8.5, 8, 5],
			"faces": {
				"north": {"uv": [0, 0, 1, 7], "texture": "#0"},
				"east": {"uv": [13.5, 0, 16, 7], "texture": "#0"},
				"south": {"uv": [0, 0, 1, 7], "texture": "#0"},
				"west": {"uv": [0, 0, 2.5, 7], "texture": "#0"},
				"up": {"uv": [0, 0, 1, 2.5], "texture": "#0"},
				"down": {"uv": [0, 0, 1, 2.5], "texture": "#0"}
			}
		}
	],
	"display": {
		"head": {
			"rotation": [0, 0, 0],
			"translation": [0, -5, 0],
			"scale": [1.5, 1.5, 1.5]
		},
		"thirdperson_righthand": {"scale": [1, 1, 1]},
		"ground": {"scale": [1, 1, 1]},
		"fixed": {"scale": [1, 1, 1]},
		"gui": {"scale": [1, 1, 1]}
	}
}