{
	"credit": "Made with Blockbench, a free, modern block model editor by JannisX11",
	"textures": {
		"0": "items/shades",
		"particle": "items/shades"
	},
	"elements": [
		{
			"name": "cube",
			"from": [1, 7, 0],
			"to": [14, 7.5, 1],
			"faces": {
				"north": {"uv": [1.5, 0, 14, 0.5], "texture": "#0"},
				"east": {"uv": [0, 2, 1, 3], "texture": "#0"},
				"south": {"uv": [1.5, 0, 14, 0.5], "texture": "#0"},
				"west": {"uv": [0, 2, 1, 3], "texture": "#0"},
				"up": {"uv": [0, 2, 1, 3], "texture": "#0"},
				"down": {"uv": [0, 2, 1, 3], "texture": "#0"}
			}
		},
		{
			"name": "cube",
			"from": [8, 6.5, 0],
			"to": [14, 7, 1],
			"faces": {
				"north": {
					"uv": [1.5, 0.5, 7.5, 1],
					"texture": "#0"
				},
				"east": {"uv": [0, 2, 1, 3], "texture": "#0"},
				"south": {
					"uv": [1.5, 0.5, 7.5, 1],
					"texture": "#0"
				},
				"west": {"uv": [0, 2, 1, 3], "texture": "#0"},
				"up": {"uv": [0, 2, 1, 3], "texture": "#0"},
				"down": {"uv": [0, 2, 1, 3], "texture": "#0"}
			}
		},
		{
			"name": "cube",
			"from": [1, 6.5, 0],
			"to": [7, 7, 1],
			"faces": {
				"north": {"uv": [8.5, 0.5, 14, 1], "texture": "#0"},
				"east": {"uv": [0, 2, 1, 3], "texture": "#0"},
				"south": {"uv": [8.5, 0.5, 14, 1], "texture": "#0"},
				"west": {"uv": [0, 2, 1, 3], "texture": "#0"},
				"up": {"uv": [0, 2, 1, 3], "texture": "#0"},
				"down": {"uv": [0, 2, 1, 3], "texture": "#0"}
			}
		},
		{
			"name": "cube",
			"from": [1.5, 6, 0],
			"to": [7, 6.5, 1],
			"faces": {
				"north": {
					"uv": [8.5, 1, 13.5, 1.5],
					"texture": "#0"
				},
				"east": {"uv": [0, 2, 1, 3], "texture": "#0"},
				"south": {
					"uv": [8.5, 1, 13.5, 1.5],
					"texture": "#0"
				},
				"west": {"uv": [0, 2, 1, 3], "texture": "#0"},
				"up": {"uv": [0, 2, 1, 3], "texture": "#0"},
				"down": {"uv": [0, 2, 1, 3], "texture": "#0"}
			}
		},
		{
			"name": "cube",
			"from": [8, 6, 0],
			"to": [13.5, 6.5, 1],
			"faces": {
				"north": {"uv": [2, 1, 7.5, 1.5], "texture": "#0"},
				"east": {"uv": [0, 2, 1, 3], "texture": "#0"},
				"south": {"uv": [2, 1, 7.5, 1.5], "texture": "#0"},
				"west": {"uv": [0, 2, 1, 3], "texture": "#0"},
				"up": {"uv": [0, 2, 1, 3], "texture": "#0"},
				"down": {"uv": [0, 2, 1, 3], "texture": "#0"}
			}
		},
		{
			"name": "cube",
			"from": [8.5, 5.5, 0],
			"to": [13, 6, 1],
			"faces": {
				"north": {"uv": [2.5, 1.5, 7, 2], "texture": "#0"},
				"east": {"uv": [0, 2, 1, 3], "texture": "#0"},
				"south": {"uv": [2, 1, 6.5, 1.5], "texture": "#0"},
				"west": {"uv": [0, 2, 1, 3], "texture": "#0"},
				"up": {"uv": [0, 2, 1, 3], "texture": "#0"},
				"down": {"uv": [0, 2, 1, 3], "texture": "#0"}
			}
		},
		{
			"name": "cube",
			"from": [2, 5.5, 0],
			"to": [6.5, 6, 1],
			"faces": {
				"north": {"uv": [9, 1.5, 13, 2], "texture": "#0"},
				"east": {"uv": [0, 2, 1, 3], "texture": "#0"},
				"south": {"uv": [8.5, 1, 13, 1.5], "texture": "#0"},
				"west": {"uv": [0, 2, 1, 3], "texture": "#0"},
				"up": {"uv": [0, 2, 1, 3], "texture": "#0"},
				"down": {"uv": [0, 2, 1, 3], "texture": "#0"}
			}
		},
		{
			"name": "cube",
			"from": [9, 5, 0],
			"to": [12.5, 5.5, 1],
			"faces": {
				"north": {"uv": [3, 2, 6.5, 2.5], "texture": "#0"},
				"east": {"uv": [0, 2, 1, 3], "texture": "#0"},
				"south": {"uv": [2, 1, 5.5, 1.5], "texture": "#0"},
				"west": {"uv": [0, 2, 1, 3], "texture": "#0"},
				"up": {"uv": [0, 2, 1, 3], "texture": "#0"},
				"down": {"uv": [0, 2, 1, 3], "texture": "#0"}
			}
		},
		{
			"name": "cube",
			"from": [2.5, 5, 0],
			"to": [6, 5.5, 1],
			"faces": {
				"north": {
					"uv": [9.5, 2, 12.5, 2.5],
					"texture": "#0"
				},
				"east": {"uv": [0, 2, 1, 3], "texture": "#0"},
				"south": {"uv": [8.5, 1, 12, 1.5], "texture": "#0"},
				"west": {"uv": [0, 2, 1, 3], "texture": "#0"},
				"up": {"uv": [0, 2, 1, 3], "texture": "#0"},
				"down": {"uv": [0, 2, 1, 3], "texture": "#0"}
			}
		},
		{
			"name": "cube",
			"from": [1, 7, 0],
			"to": [2, 7.5, 7],
			"faces": {
				"north": {"uv": [12, 4, 15, 4.5], "texture": "#0"},
				"east": {"uv": [12, 4, 15, 4.5], "texture": "#0"},
				"south": {"uv": [12, 4, 15, 4.5], "texture": "#0"},
				"west": {"uv": [12, 4, 15, 4.5], "texture": "#0"},
				"up": {"uv": [12, 4, 15, 4.5], "texture": "#0"},
				"down": {"uv": [12, 4, 15, 4.5], "texture": "#0"}
			}
		},
		{
			"name": "cube",
			"from": [13, 7, 0],
			"to": [14, 7.5, 7],
			"faces": {
				"north": {"uv": [1, 4, 4, 4.5], "texture": "#0"},
				"east": {"uv": [1, 4, 4, 4.5], "texture": "#0"},
				"south": {"uv": [1, 4, 4, 4.5], "texture": "#0"},
				"west": {"uv": [1, 4, 4, 4.5], "texture": "#0"},
				"up": {"uv": [1, 4, 4, 4.5], "texture": "#0"},
				"down": {"uv": [1, 4, 4, 4.5], "texture": "#0"}
			}
		},
		{
			"name": "cube",
			"from": [13, 6.5, 7],
			"to": [14, 7, 8],
			"faces": {
				"north": {
					"uv": [0, 4.5, 0.9000000000000004, 5],
					"texture": "#0"
				},
				"east": {
					"uv": [0, 4.5, 0.9000000000000004, 5],
					"texture": "#0"
				},
				"south": {
					"uv": [0, 4.5, 0.9000000000000004, 5],
					"texture": "#0"
				},
				"west": {
					"uv": [0, 4.5, 0.9000000000000004, 5],
					"texture": "#0"
				},
				"up": {
					"uv": [0, 4.5, 0.9000000000000004, 5],
					"texture": "#0"
				},
				"down": {
					"uv": [0, 4.5, 0.9000000000000004, 5],
					"texture": "#0"
				}
			}
		},
		{
			"name": "cube",
			"from": [1, 6.5, 7],
			"to": [2, 7, 8],
			"faces": {
				"north": {
					"uv": [15, 4.5, 15.9, 5],
					"texture": "#0"
				},
				"east": {"uv": [15, 4.5, 15.9, 5], "texture": "#0"},
				"south": {
					"uv": [15, 4.5, 15.9, 5],
					"texture": "#0"
				},
				"west": {"uv": [15, 4.5, 15.9, 5], "texture": "#0"},
				"up": {"uv": [15, 4.5, 15.9, 5], "texture": "#0"},
				"down": {"uv": [15, 4.5, 15.9, 5], "texture": "#0"}
			}
		}
	],
	"display": {
		"thirdperson_righthand": {
			"scale": [0, 0, 0],
			"rotation": [0, 0, 0],
			"translation": [0, 0, 0]
		},
		"head": {
			"scale": [1.3, 2.05, 1.15],
			"translation": [0.5, 2.5, 1]
		},
		"ground": {"scale": [0, 0, 0]},
		"fixed": {
			"scale": [0, 0, 0],
			"rotation": [0, 0, 0],
			"translation": [0, 0, 0]
		},
		"gui": {
			"scale": [0.625, 0.625, 0.625],
			"rotation": [30, 225, 0],
			"translation": [-2.5, 1, 0]
		},
		"firstperson_lefthand": {
			"scale": [0, 0, 0],
			"rotation": [0, 0, 0],
			"translation": [0, 0, 0]
		},
		"firstperson_righthand": {
			"scale": [0, 0, 0],
			"rotation": [0, 0, 0],
			"translation": [0, 0, 0]
		},
		"thirdperson_lefthand": {
			"scale": [0, 0, 0],
			"rotation": [0, 0, 0],
			"translation": [0, 0, 0]
		}
	}
}