{
	"parent": "item/handheld",
	"textures": {
		"layer0": "items/carrot_on_a_stick"
	},
	"overrides": [
		{ "predicate": {"damaged": 0, "damage": 0}, "model": "item/carrot_on_a_stick"},
		{ "predicate": {"damaged": 0, "damage": 0.038461538461538464}, "model": "item/skip"},
		{ "predicate": {"damaged": 0, "damage": 0.07692307692307693}, "model": "item/continue"},
		{ "predicate": {"damaged": 0, "damage": 0.11538461538461539}, "model": "item/rage_quit_off"},
		{ "predicate": {"damaged": 0, "damage": 0.15384615384615385}, "model": "item/rage_quit_on"},
		{ "predicate": {"damaged": 0, "damage": 0.19230769230769232}, "model": "item/carrot_on_a_stick"},
		{ "predicate": {"damaged": 1, "damage": 0}, "model": "item/carrot_on_a_stick"}
	]
}