{
    "__comment": "Model generated using MrCrayfish's Model Creator (http://mrcrayfish.com/modelcreator/)",
    "textures": {
        "0": "items/dragonmaster95"
    },
	"display": {
		"head": {
			"scale": [ 1.45, 1.45, 1.45 ],
			"translation": [ 0, -31, 0 ],
			"rotation": [ 0, 180, 0 ]
			}
		},
    "elements": [
        {
            "name": "Leg Right1",
            "from": [ 4.0, -0.5, 6.0 ], 
            "to": [ 8.0, 11.5, 10.0 ], 
            "faces": {
                "north": { "texture": "#0", "uv": [ 3.01, 5.01, 3.99, 7.99 ] },
                "east": { "texture": "#0", "uv": [ 2.01, 5.01, 2.99, 7.99 ] },
                "south": { "texture": "#0", "uv": [ 1.01, 5.01, 1.99, 7.99 ] },
                "west": { "texture": "#0", "uv": [ 0.01, 5.01, 0.99, 7.99 ] },
                "up": { "texture": "#0", "uv": [ 1.01, 4.01, 1.99, 4.99 ] },
                "down": { "texture": "#0", "uv": [ 2.01, 4.01, 2.99, 4.99 ] }
            }
        },
        {
            "name": "Leg Left1",
            "from": [ 8.0, -0.5, 6.0 ], 
            "to": [ 12.0, 11.5, 10.0 ], 
            "faces": {
                "north": { "texture": "#0", "uv": [ 8.01, 13.01, 6.99, 15.99 ] },
                "east": { "texture": "#0", "uv": [ 6.01, 13.01, 6.99, 15.99 ] },
                "south": { "texture": "#0", "uv": [ 5.01, 13.01, 5.99, 15.99 ] },
                "west": { "texture": "#0", "uv": [ 4.01, 13.01, 4.99, 15.99 ] },
                "up": { "texture": "#0", "uv": [ 5.01, 12.01, 5.99, 12.99 ] },
                "down": { "texture": "#0", "uv": [ 6.01, 12.01, 6.99, 12.99 ] }
            }
        },
        {
            "name": "Body1",
            "from": [ 4.0, 11.5, 6.0 ], 
            "to": [ 12.0, 23.5, 10.0 ], 
            "faces": {
                "north": { "texture": "#0", "uv": [ 8.01, 5.01, 9.99, 7.99 ] },
                "east": { "texture": "#0", "uv": [ 7.01, 5.01, 7.99, 7.99 ] },
                "south": { "texture": "#0", "uv": [ 5.01, 5.01, 6.99, 7.99 ] },
                "west": { "texture": "#0", "uv": [ 4.01, 5.01, 4.99, 7.99 ] },
                "up": { "texture": "#0", "uv": [ 5.01, 4.01, 6.99, 4.99 ] },
                "down": { "texture": "#0", "uv": [ 7.01, 4.01, 8.99, 4.99 ] }
            }
        },
        {
            "name": "Head1",
            "from": [ 4.0, 23.5, 4.0 ], 
            "to": [ 12.0, 31.5, 12.0 ], 
            "faces": {
                "north": { "texture": "#0", "uv": [ 6.01, 2.01, 6.99, 3.99 ] },
                "east": { "texture": "#0", "uv": [ 4.01, 2.01, 5.99, 3.99 ] },
                "south": { "texture": "#0", "uv": [ 2.01, 2.01, 3.99, 3.99 ] },
                "west": { "texture": "#0", "uv": [ 0.01, 2.01, 1.99, 3.99 ] },
                "up": { "texture": "#0", "uv": [ 2.01, 0.01, 3.99, 1.99 ] },
                "down": { "texture": "#0", "uv": [ 4.01, 0.01, 5.99, 1.99 ], "rotation": 180 }
            }
        },
        {
            "name": "Arm Right1",
            "from": [ 0.0, 11.5, 6.0 ], 
            "to": [ 4.0, 23.5, 10.0 ], 
            "faces": {
                "north": { "texture": "#0", "uv": [ 13.01, 5.01, 13.99, 7.99 ] },
                "east": { "texture": "#0", "uv": [ 10.01, 5.01, 10.99, 7.99 ] },
                "south": { "texture": "#0", "uv": [ 11.01, 5.01, 11.99, 7.99 ] },
                "west": { "texture": "#0", "uv": [ 12.01, 5.01, 12.99, 7.99 ] },
                "up": { "texture": "#0", "uv": [ 11.01, 4.01, 11.99, 4.99 ] },
                "down": { "texture": "#0", "uv": [ 12.01, 4.01, 12.99, 4.99 ] }
            }
        },
        {
            "name": "Arm Left 1",
            "from": [ 12.0, 11.5, 6.0 ], 
            "to": [ 16.0, 23.5, 10.0 ], 
            "faces": {
                "north": { "texture": "#0", "uv": [ 11.01, 13.01, 11.99, 15.99 ] },
                "east": { "texture": "#0", "uv": [ 8.01, 13.01, 8.99, 15.99 ] },
                "south": { "texture": "#0", "uv": [ 9.01, 13.01, 9.99, 15.99 ] },
                "west": { "texture": "#0", "uv": [ 10.01, 13.01, 10.99, 15.99 ] },
                "up": { "texture": "#0", "uv": [ 9.01, 12.01, 9.99, 12.99 ] },
                "down": { "texture": "#0", "uv": [ 10.01, 12.01, 10.99, 12.99 ] }
            }
        },
        {
            "name": "Head2",
            "from": [ 3.5, 23.0, 3.5 ], 
            "to": [ 12.5, 32.0, 12.5 ], 
            "faces": {
                "north": { "texture": "#0", "uv": [ 14.01, 2.01, 15.99, 3.99 ] },
                "east": { "texture": "#0", "uv": [ 12.01, 2.01, 13.99, 3.99 ] },
                "south": { "texture": "#0", "uv": [ 10.01, 2.01, 11.99, 3.99 ] },
                "west": { "texture": "#0", "uv": [ 8.01, 2.01, 9.99, 3.99 ] },
                "up": { "texture": "#0", "uv": [ 10.01, 0.01, 11.99, 1.99 ] },
                "down": { "texture": "#0", "uv": [ 12.01, 0.01, 13.99, 1.99 ], "rotation": 180 }
            }
        },
        {
            "name": "Body2",
            "from": [ 4.0, 11.02, 5.51 ], 
            "to": [ 12.0, 24.03, 10.51 ], 
            "faces": {
                "north": { "texture": "#0", "uv": [ 8.01, 9.01, 9.99, 11.99 ] },
                "east": { "texture": "#0", "uv": [ 7.01, 9.01, 7.99, 11.99 ] },
                "south": { "texture": "#0", "uv": [ 5.01, 9.01, 6.99, 11.99 ] },
                "west": { "texture": "#0", "uv": [ 4.01, 9.01, 4.99, 11.99 ] },
                "up": { "texture": "#0", "uv": [ 5.01, 8.01, 6.99, 8.99 ] },
                "down": { "texture": "#0", "uv": [ 7.01, 8.01, 8.99, 8.99 ] }
            }
        },
        {
            "name": "Arm Right2",
            "from": [ -0.5, 11.0, 5.499999992549419 ], 
            "to": [ 4.49, 24.0, 10.49999999254942 ], 
            "faces": {
                "north": { "texture": "#0", "uv": [ 13.01, 9.01, 13.99, 11.99 ] },
                "east": { "texture": "#0", "uv": [ 10.01, 9.01, 10.99, 11.99 ] },
                "south": { "texture": "#0", "uv": [ 11.01, 9.01, 11.99, 11.99 ] },
                "west": { "texture": "#0", "uv": [ 10.01, 9.01, 10.99, 11.99 ] },
                "up": { "texture": "#0", "uv": [ 11.01, 8.01, 11.99, 8.99 ] },
                "down": { "texture": "#0", "uv": [ 12.01, 8.01, 12.99, 8.99 ], "rotation": 180 }
            }
        },
        {
            "name": "Arm Left2",
            "from": [ 11.49999999254942, 10.99999999254942, 5.499999992549419 ], 
            "to": [ 16.49999999254942, 23.99999999254942, 10.49999999254942 ], 
            "faces": {
                "north": { "texture": "#0", "uv": [ 15.01, 13.01, 15.99, 15.99 ] },
                "east": { "texture": "#0", "uv": [ 12.01, 13.01, 12.99, 15.99 ] },
                "south": { "texture": "#0", "uv": [ 13.01, 13.01, 13.99, 15.99 ] },
                "west": { "texture": "#0", "uv": [ 14.01, 13.01, 14.99, 15.99 ] },
                "up": { "texture": "#0", "uv": [ 13.01, 12.01, 13.99, 12.99 ] },
                "down": { "texture": "#0", "uv": [ 14.01, 12.01, 14.99, 12.99 ] }
            }
        },
        {
            "name": "Leg Right2",
            "from": [ 3.4999999925494194, -1.0000000074505806, 5.499999992549419 ], 
            "to": [ 8.49999999254942, 11.99999999254942, 10.49999999254942 ], 
            "faces": {
                "north": { "texture": "#0", "uv": [ 3.01, 9.01, 3.99, 11.99 ] },
                "east": { "texture": "#0", "uv": [ 2.01, 9.01, 2.99, 11.99 ] },
                "south": { "texture": "#0", "uv": [ 1.01, 9.01, 1.99, 11.99 ] },
                "west": { "texture": "#0", "uv": [ 0.01, 9.01, 0.99, 11.99 ] },
                "down": { "texture": "#0", "uv": [ 2.01, 4.01, 1.99, 4.99 ] }
            }
        },
        {
            "name": "LegLeft2",
            "from": [ 7.499999992549419, -1.0000000074505806, 5.499999992549419 ], 
            "to": [ 12.49999999254942, 11.99999999254942, 10.49999999254942 ], 
            "faces": {
                "north": { "texture": "#0", "uv": [ 3.01, 13.01, 3.99, 15.99 ] },
                "east": { "texture": "#0", "uv": [ 2.01, 13.01, 2.99, 15.99 ] },
                "south": { "texture": "#0", "uv": [ 1.01, 13.01, 1.99, 15.99 ] },
                "west": { "texture": "#0", "uv": [ 0.01, 13.01, 0.99, 15.99 ] },
                "down": { "texture": "#0", "uv": [ 6.01, 12.01, 6.99, 12.99 ] }
            }
        }
    ]
}	