{
	"parent": "item/generated",
    "textures": {
        "layer0": "items/carpet_orange"
    },
	"display": {
        "thirdperson_righthand": {
            "rotation": [ 25, 0, 0 ],
            "translation": [ 0, 0, 30 ],
			"scale": [ 2.5, 2.5, 2.5 ]
        },
        "firstperson_righthand": {
            "rotation": [ 0, 0, 0 ],
            "translation": [ -8, 8, -20 ]
        },
        "firstperson_lefthand": {
            "rotation": [ 0, 0, 0 ],
            "translation": [ -10, 8, -20 ]
        },
		"head":{
		"rotation": [ 0, 180, 0 ],
		"scale": [ 2, 2, 2]
		}
    }
}