{
	"credit": "Made with Blockbench, a free, modern block model editor made by JannisX11",
	"textures": {
		"0": "blocks/black_gray",
		"1": "blocks/wool_colored_red",
		"3": "blocks/glass_clear",
		"4": "items/rage_quit",
		"particle": "blocks/black_gray"
	},
	"elements": [
		{
			"name": "grey",
			"from": [4, -1, 4],
			"to": [12, 1, 12],
			"shade": true,
			"faces": {
				"north": {"uv": [9, 1, 10, 2], "texture": "#0"},
				"east": {"uv": [9, 1, 10, 2], "texture": "#0"},
				"south": {"uv": [9, 1, 10, 2], "texture": "#0"},
				"west": {"uv": [9, 1, 10, 2], "texture": "#0"},
				"up": {"uv": [9, 1, 10, 2], "texture": "#0"},
				"down": {"uv": [9, 1, 10, 2], "texture": "#0"}
			}
		},
		{
			"name": "red",
			"from": [5.5, 1, 6.5],
			"to": [10.5, 3, 9.5],
			"shade": true,
			"faces": {
				"north": {"uv": [9, 1, 10, 2], "texture": "#1"},
				"east": {"uv": [9, 1, 10, 2], "texture": "#1"},
				"south": {"uv": [9, 1, 10, 2], "texture": "#1"},
				"west": {"uv": [9, 1, 10, 2], "texture": "#1"},
				"up": {"uv": [9, 1, 10, 2], "texture": "#1"},
				"down": {"uv": [9, 1, 10, 2], "texture": "#1"}
			}
		},
		{
			"name": "red",
			"from": [6.5, 1, 5.5],
			"to": [9.5, 3, 10.5],
			"shade": true,
			"faces": {
				"north": {"uv": [9, 1, 10, 2], "texture": "#1"},
				"east": {"uv": [9, 1, 10, 2], "texture": "#1"},
				"south": {"uv": [9, 1, 10, 2], "texture": "#1"},
				"west": {"uv": [9, 1, 10, 2], "texture": "#1"},
				"up": {"uv": [9, 1, 10, 2], "texture": "#1"},
				"down": {"uv": [9, 1, 10, 2], "texture": "#1"}
			}
		},
		{
			"name": "red",
			"from": [6, 1, 7.5],
			"to": [10, 3, 8.5],
			"shade": true,
			"faces": {
				"north": {"uv": [9, 1, 10, 2], "texture": "#1"},
				"east": {"uv": [9, 1, 10, 2], "texture": "#1"},
				"south": {"uv": [9, 1, 10, 2], "texture": "#1"},
				"west": {"uv": [9, 1, 10, 2], "texture": "#1"},
				"up": {"uv": [9, 1, 10, 2], "texture": "#1"},
				"down": {"uv": [9, 1, 10, 2], "texture": "#1"}
			},
			"rotation": {
				"origin": [8, 8, 8],
				"axis": "y",
				"angle": 45,
				"rescale": true
			}
		},
		{
			"name": "red",
			"from": [6, 1, 7.5],
			"to": [10, 3, 8.5],
			"shade": true,
			"faces": {
				"north": {"uv": [9, 1, 10, 2], "texture": "#1"},
				"east": {"uv": [9, 1, 10, 2], "texture": "#1"},
				"south": {"uv": [9, 1, 10, 2], "texture": "#1"},
				"west": {"uv": [9, 1, 10, 2], "texture": "#1"},
				"up": {"uv": [9, 1, 10, 2], "texture": "#1"},
				"down": {"uv": [9, 1, 10, 2], "texture": "#1"}
			},
			"rotation": {
				"origin": [8, 8, 8],
				"axis": "y",
				"angle": -45,
				"rescale": true
			}
		},
		{
			"name": "glass",
			"from": [12, 2.0009999999999994, 4],
			"to": [15, 10.001, 12],
			"shade": true,
			"faces": {
				"north": {"uv": [0, 0, 16, 16], "texture": "#3"},
				"east": {"uv": [0, 0, 16, 16], "texture": "#3"},
				"south": {"uv": [0, 0, 16, 16], "texture": "#3"},
				"west": {"uv": [0, 0, 16, 16], "texture": "#3"},
				"up": {
					"uv": [0, 0, 16, 16],
					"texture": "#3",
					"rotation": 270
				},
				"down": {
					"uv": [0, 0, 16, 16],
					"texture": "#3",
					"rotation": 90
				}
			}
		},
		{
			"name": "grey",
			"from": [4, 1, 4],
			"to": [4.5, 2, 12],
			"shade": true,
			"faces": {
				"north": {"uv": [9, 1, 10, 2], "texture": "#0"},
				"east": {"uv": [9, 1, 10, 2], "texture": "#0"},
				"south": {"uv": [9, 1, 10, 2], "texture": "#0"},
				"west": {"uv": [9, 1, 10, 2], "texture": "#0"},
				"up": {"uv": [9, 1, 10, 2], "texture": "#0"},
				"down": {"uv": [9, 1, 10, 2], "texture": "#0"}
			}
		},
		{
			"name": "grey",
			"from": [11.5, 1, 4],
			"to": [12, 2, 12],
			"shade": true,
			"faces": {
				"north": {"uv": [9, 1, 10, 2], "texture": "#0"},
				"east": {"uv": [9, 1, 10, 2], "texture": "#0"},
				"south": {"uv": [9, 1, 10, 2], "texture": "#0"},
				"west": {"uv": [9, 1, 10, 2], "texture": "#0"},
				"up": {"uv": [9, 1, 10, 2], "texture": "#0"},
				"down": {"uv": [9, 1, 10, 2], "texture": "#0"}
			}
		},
		{
			"name": "grey",
			"from": [4, 1, 4],
			"to": [12, 2, 4.5],
			"shade": true,
			"faces": {
				"north": {"uv": [9, 1, 10, 2], "texture": "#0"},
				"east": {"uv": [9, 1, 10, 2], "texture": "#0"},
				"south": {"uv": [9, 1, 10, 2], "texture": "#0"},
				"west": {"uv": [9, 1, 10, 2], "texture": "#0"},
				"up": {"uv": [9, 1, 10, 2], "texture": "#0"},
				"down": {"uv": [9, 1, 10, 2], "texture": "#0"}
			}
		},
		{
			"name": "grey",
			"from": [4, 1, 11.5],
			"to": [12, 2, 12],
			"shade": true,
			"faces": {
				"north": {"uv": [9, 1, 10, 2], "texture": "#0"},
				"east": {"uv": [9, 1, 10, 2], "texture": "#0"},
				"south": {"uv": [9, 1, 10, 2], "texture": "#0"},
				"west": {"uv": [9, 1, 10, 2], "texture": "#0"},
				"up": {"uv": [9, 1, 10, 2], "texture": "#0"},
				"down": {"uv": [9, 1, 10, 2], "texture": "#0"}
			}
		},
		{
			"name": "red",
			"from": [6, 3, 6],
			"to": [10, 3.1, 10],
			"shade": true,
			"faces": {
				"up": {
					"uv": [0, 0, 16, 16],
					"texture": "#4",
					"rotation": 90
				}
			}
		}
	],
	"display": {
		"thirdperson_righthand": {
			"translation": [0, 4, 3.5],
			"rotation": [65, 90, 0]
		},
		"thirdperson_lefthand": {
			"rotation": [65, -90, 0],
			"translation": [0, 4, 3.5],
			"scale": [1, 1, 1]
		},
		"firstperson_righthand": {
			"scale": [1, 1, 1],
			"translation": [-0.5, 5.5, 0],
			"rotation": [0, 90, 51]
		},
		"firstperson_lefthand": {
			"translation": [-0.5, 5.5, 0],
			"rotation": [0, -90, -51],
			"scale": [1, 1, 1]
		},
		"ground": {
			"rotation": [0, 0, 0],
			"translation": [0, 2, 0],
			"scale": [0.5, 0.5, 0.5]
		},
		"fixed": {
			"rotation": [-90, 0, 0],
			"translation": [0, 0, -9]
		},
		"gui": {"rotation": [90, 90, 0], "scale": [2, 1, 2]},
		"head": {
			"translation": [0, 15.5, 0],
			"rotation": [0, -90, 0]
		}
	}
}