{
    "__comment": "Model generated using MrCrayfish's Model Creator (http://mrcrayfish.com/modelcreator/)",
    "textures": {
        "particle": "blocks/black_gray",
        "0": "blocks/black_gray",
		"1": "blocks/wool_colored_white"
		},
	"display": {
        "head": {
            "rotation": [ 90, 0, 180 ],
            "translation": [ 0, -43, 23.5 ],
			"scale": [ 2, 2, 2 ]
        }
    },
    "elements": [
        {
            "name": "Gray",
            "from": [ 0.0, 15.799999997019768, 3.32 ], 
            "to": [ 1.0, 16.1, 12.680000002980233 ], 
            "faces": {
                "east": { "texture": "#0", "uv": [ 9.0, 1.0, 10.0, 2.0 ] },
                "west": { "texture": "#0", "uv": [ 9.0, 1.0, 10.0, 2.0 ] },
                "up": { "texture": "#0", "uv": [ 9.0, 1.0, 10.0, 2.0 ] },
                "down": { "texture": "#0", "uv": [ 9.0, 1.0, 10.0, 2.0 ] }
            }
        },
        {
            "name": "Gray",
            "from": [ 0.0, 15.799999997019768, 3.299999989569187 ], 
            "to": [ 8.65, 16.1, 4.299999989569187 ], 
            "rotation": { "origin": [ 0.0, 16.0, 3.299999989569187 ], "axis": "y", "angle": 22.5 },
            "faces": {
                "north": { "texture": "#0", "uv": [ 9.0, 1.0, 10.0, 2.0 ] },
                "south": { "texture": "#0", "uv": [ 9.0, 1.0, 10.0, 2.0 ] },
                "up": { "texture": "#0", "uv": [ 9.0, 1.0, 10.0, 2.0 ] },
                "down": { "texture": "#0", "uv": [ 9.0, 1.0, 10.0, 2.0 ] }
            }
        },
        {
            "name": "Gray",
            "from": [ 7.985, 15.799999997019768, 0.0 ], 
            "to": [ 16.655, 16.1, 1.0 ], 
            "rotation": { "origin": [ 8.0, 23.0, 0.0 ], "axis": "y", "angle": -22.5 },
            "faces": {
                "north": { "texture": "#0", "uv": [ 9.0, 1.0, 10.0, 2.0 ] },
                "south": { "texture": "#0", "uv": [ 9.0, 1.0, 10.0, 2.0 ] },
                "west": { "texture": "#0", "uv": [ 9.0, 1.0, 10.0, 2.0 ] },
                "up": { "texture": "#0", "uv": [ 9.0, 1.0, 10.0, 2.0 ] },
                "down": { "texture": "#0", "uv": [ 9.0, 1.0, 10.0, 2.0 ] }
            }
        },
        {
            "name": "Gray",
            "from": [ 15.0, 15.799999997019768, 3.312 ], 
            "to": [ 16.0, 16.1, 12.672000002980232 ], 
            "faces": {
                "east": { "texture": "#0", "uv": [ 9.0, 1.0, 10.0, 2.0 ] },
                "west": { "texture": "#0", "uv": [ 9.0, 1.0, 10.0, 2.0 ] },
                "up": { "texture": "#0", "uv": [ 9.0, 1.0, 10.0, 2.0 ] },
                "down": { "texture": "#0", "uv": [ 9.0, 1.0, 10.0, 2.0 ] }
            }
        },
        {
            "name": "Gray",
            "from": [ 8.005, 15.799999997019768, 14.985 ], 
            "to": [ 16.655, 16.1, 15.985 ], 
            "rotation": { "origin": [ 8.0, 23.0, 16.0 ], "axis": "y", "angle": 22.5 },
            "faces": {
                "north": { "texture": "#0", "uv": [ 9.0, 1.0, 10.0, 2.0 ] },
                "south": { "texture": "#0", "uv": [ 9.0, 1.0, 10.0, 2.0 ] },
                "up": { "texture": "#0", "uv": [ 9.0, 1.0, 10.0, 2.0 ] },
                "down": { "texture": "#0", "uv": [ 9.0, 1.0, 10.0, 2.0 ] }
            }
        },
        {
            "name": "Gray",
            "from": [ 0.0, 15.799999997019768, 11.67 ], 
            "to": [ 8.66, 16.1, 12.67 ], 
            "rotation": { "origin": [ 0.0, 16.0, 12.67 ], "axis": "y", "angle": -22.5 },
            "faces": {
                "north": { "texture": "#0", "uv": [ 9.0, 1.0, 10.0, 2.0 ] },
                "south": { "texture": "#0", "uv": [ 9.0, 1.0, 10.0, 2.0 ] },
                "up": { "texture": "#0", "uv": [ 9.0, 1.0, 10.0, 2.0 ] },
                "down": { "texture": "#0", "uv": [ 9.0, 1.0, 10.0, 2.0 ] }
            }
        },
        {
            "name": "Black",
            "from": [ 1.0, 15.849999998509883, 3.8200000074505804 ], 
            "to": [ 15.0, 15.949999998509885, 12.180000010430813 ], 
            "faces": {
                "up": { "texture": "#0", "uv": [ 5.0, 1.0, 6.0, 2.0 ] },
                "down": { "texture": "#0", "uv": [ 5.0, 1.0, 6.0, 2.0 ] }
            }
        },
        {
            "name": "Black",
            "from": [ 0.0, 15.849999998509883, 4.299999989569187 ], 
            "to": [ 8.65, 15.949999998509885, 9.299999989569187 ], 
            "rotation": { "origin": [ 0.0, 16.0, 3.299999989569187 ], "axis": "y", "angle": 22.5 },
            "faces": {
                "up": { "texture": "#0", "uv": [ 4.0, 1.0, 5.0, 2.0 ] },
                "down": { "texture": "#0", "uv": [ 4.0, 1.0, 5.0, 2.0 ] }
            }
        },
        {
            "name": "Black",
            "from": [ 8.0, 15.849999998509883, 0.29999998956918716 ], 
            "to": [ 16.65, 15.949999998509885, 5.299999989569187 ], 
            "rotation": { "origin": [ 8.0, 23.0, 0.0 ], "axis": "y", "angle": -22.5 },
            "faces": {
                "up": { "texture": "#0", "uv": [ 4.0, 1.0, 5.0, 2.0 ] },
                "down": { "texture": "#0", "uv": [ 4.0, 1.0, 5.0, 2.0 ] }
            }
        },
        {
            "name": "Black",
            "from": [ 8.005, 15.849999998509883, 10.985 ], 
            "to": [ 16.655, 15.949999998509885, 14.985 ], 
            "rotation": { "origin": [ 8.0, 23.0, 16.0 ], "axis": "y", "angle": 22.5 },
            "faces": {
                "up": { "texture": "#0", "uv": [ 6.0, 1.0, 7.0, 2.0 ] },
                "down": { "texture": "#0", "uv": [ 5.0, 1.0, 6.0, 2.0 ] }
            }
        },
        {
            "name": "Black",
            "from": [ 0.0, 15.849999998509883, 8.67 ], 
            "to": [ 8.66, 15.949999998509885, 11.67 ], 
            "rotation": { "origin": [ 0.0, 16.0, 12.67 ], "axis": "y", "angle": -22.5 },
            "faces": {
                "up": { "texture": "#0", "uv": [ 6.0, 1.0, 7.0, 2.0 ] },
                "down": { "texture": "#0", "uv": [ 6.0, 1.0, 7.0, 2.0 ] }
            }
        },
        {
            "name": "Text",
            "from": [ 2.0, 16.050000001490115, 4.00000074505804 ], 
            "to": [ 14.0, 16.05, 12.0000010430813 ], 
            "faces": {
                "up": { "texture": "#1", "uv": [ 2.0, 4.0, 14.0, 12.0 ] }
            }
        }
    ]
}