{"textures":{"particle":"custom/red","texture":"custom/red","blue":"custom/blue"},"elements":[{"from":[7.5,4.5,14],"to":[8.5,11.5,15],"faces":{"down":{"uv":[15,8.5,14,7.5],"rotation":90,"texture":"#texture"},"up":{"uv":[1,7.5,2,8.5],"rotation":270,"texture":"#texture"},"north":{"uv":[7.5,4.5,8.5,11.5],"texture":"#texture"},"south":{"uv":[7.5,4.5,8.5,11.5],"texture":"#texture"},"west":{"uv":[14,4.5,15,11.5],"texture":"#texture"},"east":{"uv":[1,4.5,2,11.5],"texture":"#texture"}}},{"from":[7.5,11.5,13],"to":[8.5,13,14],"faces":{"down":{"uv":[14,8.5,13,7.5],"rotation":90,"texture":"#texture"},"up":{"uv":[2,7.5,3,8.5],"rotation":270,"texture":"#texture"},"north":{"uv":[7.5,3,8.5,4.5],"texture":"#texture"},"south":{"uv":[7.5,3,8.5,4.5],"texture":"#texture"},"west":{"uv":[13,3,14,4.5],"texture":"#texture"},"east":{"uv":[2,3,3,4.5],"texture":"#texture"}}},{"from":[7.5,13,11.5],"to":[8.5,14,13],"faces":{"down":{"uv":[13,8.5,11.5,7.5],"rotation":90,"texture":"#texture"},"up":{"uv":[3,7.5,4.5,8.5],"rotation":270,"texture":"#texture"},"north":{"uv":[7.5,2,8.5,3],"texture":"#texture"},"south":{"uv":[7.5,2,8.5,3],"texture":"#texture"},"west":{"uv":[11.5,2,13,3],"texture":"#texture"},"east":{"uv":[3,2,4.5,3],"texture":"#texture"}}},{"from":[7.5,14,4.5],"to":[8.5,15,11.5],"faces":{"down":{"uv":[11.5,8.5,4.5,7.5],"rotation":90,"texture":"#texture"},"up":{"uv":[4.5,7.5,11.5,8.5],"rotation":270,"texture":"#texture"},"north":{"uv":[7.5,1,8.5,2],"texture":"#texture"},"south":{"uv":[7.5,1,8.5,2],"texture":"#texture"},"west":{"uv":[4.5,1,11.5,2],"texture":"#texture"},"east":{"uv":[4.5,1,11.5,2],"texture":"#texture"}}},{"from":[7.5,13,3],"to":[8.5,14,4.5],"faces":{"down":{"uv":[4.5,8.5,3,7.5],"rotation":90,"texture":"#texture"},"up":{"uv":[11.5,7.5,13,8.5],"rotation":270,"texture":"#texture"},"north":{"uv":[7.5,2,8.5,3],"texture":"#texture"},"south":{"uv":[7.5,2,8.5,3],"texture":"#texture"},"west":{"uv":[3,2,4.5,3],"texture":"#texture"},"east":{"uv":[11.5,2,13,3],"texture":"#texture"}}},{"from":[7.5,11.5,2],"to":[8.5,13,3],"faces":{"down":{"uv":[3,8.5,2,7.5],"rotation":90,"texture":"#texture"},"up":{"uv":[13,7.5,14,8.5],"rotation":270,"texture":"#texture"},"north":{"uv":[7.5,3,8.5,4.5],"texture":"#texture"},"south":{"uv":[7.5,3,8.5,4.5],"texture":"#texture"},"west":{"uv":[2,3,3,4.5],"texture":"#texture"},"east":{"uv":[13,3,14,4.5],"texture":"#texture"}}},{"from":[7.5,4.5,1],"to":[8.5,11.5,2],"faces":{"down":{"uv":[2,8.5,1,7.5],"rotation":90,"texture":"#texture"},"up":{"uv":[14,7.5,15,8.5],"rotation":270,"texture":"#texture"},"north":{"uv":[7.5,4.5,8.5,11.5],"texture":"#texture"},"south":{"uv":[7.5,4.5,8.5,11.5],"texture":"#texture"},"west":{"uv":[1,4.5,2,11.5],"texture":"#texture"},"east":{"uv":[14,4.5,15,11.5],"texture":"#texture"}}},{"from":[7.5,3,13],"to":[8.5,4.5,14],"faces":{"down":{"uv":[14,8.5,13,7.5],"rotation":90,"texture":"#texture"},"up":{"uv":[2,7.5,3,8.5],"rotation":270,"texture":"#texture"},"north":{"uv":[7.5,11.5,8.5,13],"texture":"#texture"},"south":{"uv":[7.5,11.5,8.5,13],"texture":"#texture"},"west":{"uv":[13,11.5,14,13],"texture":"#texture"},"east":{"uv":[2,11.5,3,13],"texture":"#texture"}}},{"from":[7.5,2,11.5],"to":[8.5,3,13],"faces":{"down":{"uv":[13,8.5,11.5,7.5],"rotation":90,"texture":"#texture"},"up":{"uv":[3,7.5,4.5,8.5],"rotation":270,"texture":"#texture"},"north":{"uv":[7.5,13,8.5,14],"texture":"#texture"},"south":{"uv":[7.5,13,8.5,14],"texture":"#texture"},"west":{"uv":[11.5,13,13,14],"texture":"#texture"},"east":{"uv":[3,13,4.5,14],"texture":"#texture"}}},{"from":[7.5,1,4.5],"to":[8.5,2,11.5],"faces":{"down":{"uv":[11.5,8.5,4.5,7.5],"rotation":90,"texture":"#texture"},"up":{"uv":[4.5,7.5,11.5,8.5],"rotation":270,"texture":"#texture"},"north":{"uv":[7.5,14,8.5,15],"texture":"#texture"},"south":{"uv":[7.5,14,8.5,15],"texture":"#texture"},"west":{"uv":[4.5,14,11.5,15],"texture":"#texture"},"east":{"uv":[4.5,14,11.5,15],"texture":"#texture"}}},{"from":[7.5,2,3],"to":[8.5,3,4.5],"faces":{"down":{"uv":[4.5,8.5,3,7.5],"rotation":90,"texture":"#texture"},"up":{"uv":[11.5,7.5,13,8.5],"rotation":270,"texture":"#texture"},"north":{"uv":[7.5,13,8.5,14],"texture":"#texture"},"south":{"uv":[7.5,13,8.5,14],"texture":"#texture"},"west":{"uv":[3,13,4.5,14],"texture":"#texture"},"east":{"uv":[11.5,13,13,14],"texture":"#texture"}}},{"from":[7.5,3,2],"to":[8.5,4.5,3],"faces":{"down":{"uv":[3,8.5,2,7.5],"rotation":90,"texture":"#texture"},"up":{"uv":[13,7.5,14,8.5],"rotation":270,"texture":"#texture"},"north":{"uv":[7.5,11.5,8.5,13],"texture":"#texture"},"south":{"uv":[7.5,11.5,8.5,13],"texture":"#texture"},"west":{"uv":[2,11.5,3,13],"texture":"#texture"},"east":{"uv":[13,11.5,14,13],"texture":"#texture"}}},{"from":[7.5,7,6.5],"to":[8.5,9,12.5],"faces":{"down":{"uv":[13,8.5,7,7.5],"rotation":90,"texture":"#blue"},"up":{"uv":[3,7.5,9,8.5],"rotation":270,"texture":"#blue"},"north":{"uv":[7.5,7,8.5,9],"texture":"#blue"},"south":{"uv":[7.5,7,8.5,9],"texture":"#blue"},"west":{"uv":[7,7,13,9],"texture":"#blue"},"east":{"uv":[3,7,9,9],"texture":"#blue"}}},{"from":[7.5,7.5,7.5],"to":[8.5,12.5,10],"rotation":{"origin":[7.5,12.5,7.5],"axis":"x","angle":45},"faces":{"down":{"uv":[16,5,16,4],"rotation":90,"texture":"#blue"},"up":{"uv":[0,4,0,5],"rotation":270,"texture":"#blue"},"north":{"uv":[11,7,12,11],"texture":"#blue"},"south":{"uv":[4,7,5,11],"texture":"#blue"},"west":{"uv":[16,7,16,11],"texture":"#blue"},"east":{"uv":[0,7,0,11],"texture":"#blue"}}},{"from":[7.5,2,4],"to":[8.5,7,6.5],"rotation":{"origin":[7.5,7,4],"axis":"x","angle":-45},"faces":{"down":{"uv":[16,5,16,4],"rotation":90,"texture":"#blue"},"up":{"uv":[0,4,0,5],"rotation":270,"texture":"#blue"},"north":{"uv":[11,3,12,7],"texture":"#blue"},"south":{"uv":[4,3,5,7],"texture":"#blue"},"west":{"uv":[16,3,16,7],"texture":"#blue"},"east":{"uv":[0,3,0,7],"texture":"#blue"}}},{"from":[7.5,6,3],"to":[8.5,8,5],"rotation":{"origin":[7.5,8,3],"axis":"x","angle":-45},"faces":{"down":{"uv":[16,5,16,4],"rotation":90,"texture":"#blue"},"up":{"uv":[0,4,0,5],"rotation":270,"texture":"#blue"},"north":{"uv":[11,0,12,2],"texture":"#blue"},"south":{"uv":[4,0,5,2],"texture":"#blue"},"west":{"uv":[16,0,16,2],"texture":"#blue"},"east":{"uv":[0,0,0,2],"texture":"#blue"}}}]}