{"textures":{"particle":"custom/red","texture":"custom/red","picture":"custom/makersbomb","blue wool":"custom/blue"},"elements":[{"from":[7,0,9],"to":[9,1,11],"faces":{"down":{"uv":[9,11,7,9],"texture":"#blue wool"},"up":{"uv":[7,9,9,11],"texture":"#blue wool"},"north":{"uv":[7,15,9,16],"texture":"#blue wool"},"south":{"uv":[7,15,9,16],"texture":"#blue wool"},"west":{"uv":[9,15,11,16],"texture":"#blue wool"},"east":{"uv":[5,15,7,16],"texture":"#blue wool"}}},{"from":[7.75,1,9.75],"to":[8.25,5.5,10.25],"faces":{"down":{"uv":[8.25,10.25,7.75,9.75],"texture":"#texture"},"up":{"uv":[7.75,9.75,8.25,10.25],"texture":"#texture"},"north":{"uv":[7.75,10.5,8.25,15],"texture":"#texture"},"south":{"uv":[7.75,10.5,8.25,15],"texture":"#texture"},"west":{"uv":[9.75,10.5,10.25,15],"texture":"#texture"},"east":{"uv":[5.75,10.5,6.25,15],"texture":"#texture"}}},{"from":[7.75,5.5,6.5],"to":[7.8125,9,11.5],"faces":{"down":{"uv":[7.75,6.5,8.25,11.5],"texture":"#picture"},"up":{"uv":[7.75,6.5,8.25,11.5],"texture":"#picture"},"north":{"uv":[7.75,7,8.25,10.5],"texture":"#picture"},"south":{"uv":[7.75,7,8.25,10.5],"texture":"#picture"},"west":{"uv":[1.5,4,14.5,14.5],"texture":"#picture"},"east":{"uv":[14.5,0,16,0.5],"texture":"#picture"}}},{"from":[7.25,5.25,9.75],"to":[7.75,6.25,10.25],"faces":{"down":{"uv":[8.75,10.25,8.25,9.75],"texture":"#texture"},"up":{"uv":[7.25,9.75,7.75,10.25],"texture":"#texture"},"north":{"uv":[8.25,9.75,8.75,10.75],"texture":"#texture"},"south":{"uv":[7.25,9.75,7.75,10.75],"texture":"#texture"},"west":{"uv":[9.75,9.75,10.25,10.75],"texture":"#texture"},"east":{"uv":[5.75,9.75,6.25,10.75],"texture":"#texture"}}},{"from":[7.8125,5.5,9.75],"to":[8.3125,6.5,10.25],"faces":{"down":{"uv":[8.1875,10.25,7.6875,9.75],"texture":"#texture"},"up":{"uv":[7.8125,9.75,8.3125,10.25],"texture":"#texture"},"north":{"uv":[7.6875,9.5,8.1875,10.5],"texture":"#texture"},"south":{"uv":[7.8125,9.5,8.3125,10.5],"texture":"#texture"},"west":{"uv":[9.75,9.5,10.25,10.5],"texture":"#texture"},"east":{"uv":[5.75,9.5,6.25,10.5],"texture":"#texture"}}}]}