{"textures":{"particle":"custom/red","texture":"custom/red","gray clay":"custom/gray","blue wool":"custom/blue","green clay":"custom/green","selfie5":"custom/selfie5"},"elements":[{"from":[8.5,0,1.25],"to":[9,6.25,5.75],"rotation":{"origin":[8.5,6.25,1.25],"axis":"z","angle":22.5},"faces":{"down":{"uv":[9,1,9.5,5.5],"texture":"#selfie5","cullface":"down"},"up":{"uv":[9,1,9.5,5.5],"texture":"#selfie5"},"west":{"uv":[2,9.5,4.5,13.5],"texture":"#selfie5"},"east":{"uv":[10,0.5,14.5,6.5],"texture":"#selfie5"}}},{"from":[8.5,0,5.75],"to":[9,6.25,6.25],"rotation":{"origin":[8.5,6.25,5.75],"axis":"z","angle":22.5},"faces":{"down":{"uv":[12,3.5,11,2.5],"texture":"#texture","cullface":"down"},"up":{"uv":[4,2.5,5,3.5],"texture":"#texture"},"south":{"uv":[4,3.5,5,16],"texture":"#texture"},"west":{"uv":[2.5,3.5,3.5,16],"texture":"#texture"},"east":{"uv":[12.5,3.5,13.5,16],"texture":"#texture"}}},{"from":[8.5,0,0.75],"to":[9,6.25,1.25],"rotation":{"origin":[8.5,6.25,0.75],"axis":"z","angle":22.5},"faces":{"down":{"uv":[12,3.5,11,2.5],"texture":"#texture","cullface":"down"},"up":{"uv":[4,2.5,5,3.5],"texture":"#texture"},"north":{"uv":[11,3.5,12,16],"texture":"#texture"},"west":{"uv":[2.5,3.5,3.5,16],"texture":"#texture"},"east":{"uv":[12.5,3.5,13.5,16],"texture":"#texture"}}},{"from":[8.3125,6.1875,0.75],"to":[8.8125,6.6875,6.25],"rotation":{"origin":[8.3125,6.6875,0.75],"axis":"z","angle":22.5},"faces":{"down":{"uv":[10,13.5,9,2.5],"texture":"#texture"},"up":{"uv":[6,2.5,7,13.5],"texture":"#texture"},"north":{"uv":[9,2.5,10,3.5],"texture":"#texture"},"south":{"uv":[6,2.5,7,3.5],"texture":"#texture"},"west":{"uv":[2.5,2.5,13.5,3.5],"texture":"#texture"},"east":{"uv":[2.5,2.5,13.5,3.5],"texture":"#texture"}}},{"from":[10.875,0,0.75],"to":[11.375,0.5,6.25],"rotation":{"origin":[10.875,0.5,0.75],"axis":"z","angle":22.5},"faces":{"down":{"uv":[11,12.5,10,3.5],"texture":"#texture","cullface":"down"},"up":{"uv":[5,3.5,6,12.5],"texture":"#texture"},"north":{"uv":[10,16,11,16],"texture":"#texture"},"south":{"uv":[5,16,6,16],"texture":"#texture"},"west":{"uv":[3.5,16,12.5,16],"texture":"#texture"},"east":{"uv":[3.5,16,12.5,16],"texture":"#texture"}}},{"from":[8.75,0.0625,3.25],"to":[9.5,5.3125,3.75],"rotation":{"origin":[8.75,5.3125,3.25],"axis":"z","angle":-22.5},"faces":{"down":{"uv":[11,8.5,9.5,7.5],"texture":"#gray clay"},"up":{"uv":[5,7.5,6.5,8.5],"texture":"#gray clay"},"north":{"uv":[9.5,6,11,16],"texture":"#gray clay"},"south":{"uv":[5,6,6.5,16],"texture":"#gray clay"},"west":{"uv":[7.5,6,8.5,16],"texture":"#gray clay"},"east":{"uv":[7.5,6,8.5,16],"texture":"#gray clay"}}},{"from":[6.5625,0,2.5],"to":[7.8125,0.5,4.5],"faces":{"down":{"uv":[9.4375,4.5,8.1875,2.5],"texture":"#gray clay","cullface":"down"},"up":{"uv":[6.5625,2.5,7.8125,4.5],"texture":"#gray clay"},"north":{"uv":[8.1875,15.5,9.4375,16],"texture":"#gray clay"},"south":{"uv":[6.5625,15.5,7.8125,16],"texture":"#gray clay"},"west":{"uv":[2.5,15.5,4.5,16],"texture":"#gray clay"},"east":{"uv":[11.5,15.5,13.5,16],"texture":"#gray clay"}}},{"from":[11.5,0,10.25],"to":[12,6.25,14.75],"rotation":{"origin":[11.5,6.25,10.25],"axis":"z","angle":22.5},"faces":{"down":{"uv":[8.5,8,9,12.5],"texture":"#selfie5","cullface":"down"},"up":{"uv":[8,8,8.5,12.5],"texture":"#selfie5"},"west":{"uv":[2,9.5,4.5,13.5],"texture":"#selfie5"},"east":{"uv":[1,0,7,7.5],"texture":"#selfie5"}}},{"from":[11.5,0,14.75],"to":[12,6.25,15.25],"rotation":{"origin":[11.5,6.25,14.75],"axis":"z","angle":22.5},"faces":{"down":{"uv":[12,3.5,11,2.5],"texture":"#blue wool","cullface":"down"},"up":{"uv":[4,2.5,5,3.5],"texture":"#blue wool"},"south":{"uv":[4,3.5,5,16],"texture":"#blue wool"},"west":{"uv":[2.5,3.5,3.5,16],"texture":"#blue wool"},"east":{"uv":[12.5,3.5,13.5,16],"texture":"#blue wool"}}},{"from":[11.5,0,9.75],"to":[12,6.25,10.25],"rotation":{"origin":[11.5,6.25,9.75],"axis":"z","angle":22.5},"faces":{"down":{"uv":[12,3.5,11,2.5],"texture":"#blue wool","cullface":"down"},"up":{"uv":[4,2.5,5,3.5],"texture":"#blue wool"},"north":{"uv":[11,3.5,12,16],"texture":"#blue wool"},"west":{"uv":[2.5,3.5,3.5,16],"texture":"#blue wool"},"east":{"uv":[12.5,3.5,13.5,16],"texture":"#blue wool"}}},{"from":[11.3125,6.1875,9.75],"to":[11.8125,6.6875,15.25],"rotation":{"origin":[11.3125,6.6875,9.75],"axis":"z","angle":22.5},"faces":{"down":{"uv":[10,13.5,9,2.5],"texture":"#blue wool"},"up":{"uv":[6,2.5,7,13.5],"texture":"#blue wool"},"north":{"uv":[9,2.5,10,3.5],"texture":"#blue wool"},"south":{"uv":[6,2.5,7,3.5],"texture":"#blue wool"},"west":{"uv":[2.5,2.5,13.5,3.5],"texture":"#blue wool"},"east":{"uv":[2.5,2.5,13.5,3.5],"texture":"#blue wool"}}},{"from":[13.875,0,9.75],"to":[14.375,0.5,15.25],"rotation":{"origin":[13.875,0.5,9.75],"axis":"z","angle":22.5},"faces":{"down":{"uv":[11,12.5,10,3.5],"texture":"#blue wool","cullface":"down"},"up":{"uv":[5,3.5,6,12.5],"texture":"#blue wool"},"north":{"uv":[10,16,11,16],"texture":"#blue wool"},"south":{"uv":[5,16,6,16],"texture":"#blue wool"},"west":{"uv":[3.5,16,12.5,16],"texture":"#blue wool"},"east":{"uv":[3.5,16,12.5,16],"texture":"#blue wool"}}},{"from":[11.75,0.0625,12.25],"to":[12.5,5.3125,12.75],"rotation":{"origin":[11.75,5.3125,12.25],"axis":"z","angle":-22.5},"faces":{"down":{"uv":[11,8.5,9.5,7.5],"texture":"#gray clay"},"up":{"uv":[5,7.5,6.5,8.5],"texture":"#gray clay"},"north":{"uv":[9.5,6,11,16],"texture":"#gray clay"},"south":{"uv":[5,6,6.5,16],"texture":"#gray clay"},"west":{"uv":[7.5,6,8.5,16],"texture":"#gray clay"},"east":{"uv":[7.5,6,8.5,16],"texture":"#gray clay"}}},{"from":[9.5625,0,11.5],"to":[10.8125,0.5,13.5],"faces":{"down":{"uv":[6.4375,13.5,5.1875,11.5],"texture":"#gray clay","cullface":"down"},"up":{"uv":[9.5625,11.5,10.8125,13.5],"texture":"#gray clay"},"north":{"uv":[5.1875,15.5,6.4375,16],"texture":"#gray clay"},"south":{"uv":[9.5625,15.5,10.8125,16],"texture":"#gray clay"},"west":{"uv":[11.5,15.5,13.5,16],"texture":"#gray clay"},"east":{"uv":[2.5,15.5,4.5,16],"texture":"#gray clay"}}},{"from":[3.5,0,5.25],"to":[4,6.25,9.75],"rotation":{"origin":[3.5,6.25,5.25],"axis":"z","angle":22.5},"faces":{"down":{"uv":[8.5,8,9,12.5],"texture":"#selfie5","cullface":"down"},"up":{"uv":[8,8.5,8.5,13],"texture":"#selfie5"},"west":{"uv":[3,9.5,4.5,14],"texture":"#selfie5"},"east":{"uv":[9.5,8,14.5,15],"texture":"#selfie5"}}},{"from":[3.5,0,9.75],"to":[4,6.25,10.25],"rotation":{"origin":[3.5,6.25,9.75],"axis":"z","angle":22.5},"faces":{"down":{"uv":[12,3.5,11,2.5],"texture":"#green clay","cullface":"down"},"up":{"uv":[4,2.5,5,3.5],"texture":"#green clay"},"south":{"uv":[4,3.5,5,16],"texture":"#green clay"},"west":{"uv":[2.5,3.5,3.5,16],"texture":"#green clay"},"east":{"uv":[12.5,3.5,13.5,16],"texture":"#green clay"}}},{"from":[3.5,0,4.75],"to":[4,6.25,5.25],"rotation":{"origin":[3.5,6.25,4.75],"axis":"z","angle":22.5},"faces":{"down":{"uv":[12,3.5,11,2.5],"texture":"#green clay","cullface":"down"},"up":{"uv":[4,2.5,5,3.5],"texture":"#green clay"},"north":{"uv":[11,3.5,12,16],"texture":"#green clay"},"west":{"uv":[2.5,3.5,3.5,16],"texture":"#green clay"},"east":{"uv":[12.5,3.5,13.5,16],"texture":"#green clay"}}},{"from":[3.3125,6.1875,4.75],"to":[3.8125,6.6875,10.25],"rotation":{"origin":[3.3125,6.6875,4.75],"axis":"z","angle":22.5},"faces":{"down":{"uv":[10,13.5,9,2.5],"texture":"#green clay"},"up":{"uv":[6,2.5,7,13.5],"texture":"#green clay"},"north":{"uv":[9,2.5,10,3.5],"texture":"#green clay"},"south":{"uv":[6,2.5,7,3.5],"texture":"#green clay"},"west":{"uv":[2.5,2.5,13.5,3.5],"texture":"#green clay"},"east":{"uv":[2.5,2.5,13.5,3.5],"texture":"#green clay"}}},{"from":[5.875,0,4.75],"to":[6.375,0.5,10.25],"rotation":{"origin":[5.875,0.5,4.75],"axis":"z","angle":22.5},"faces":{"down":{"uv":[11,12.5,10,3.5],"texture":"#green clay","cullface":"down"},"up":{"uv":[5,3.5,6,12.5],"texture":"#green clay"},"north":{"uv":[10,16,11,16],"texture":"#green clay"},"south":{"uv":[5,16,6,16],"texture":"#green clay"},"west":{"uv":[3.5,16,12.5,16],"texture":"#green clay"},"east":{"uv":[3.5,16,12.5,16],"texture":"#green clay"}}},{"from":[3.75,0.0625,7.25],"to":[4.5,5.3125,7.75],"rotation":{"origin":[3.75,5.3125,7.25],"axis":"z","angle":-22.5},"faces":{"down":{"uv":[11,8.5,9.5,7.5],"texture":"#gray clay"},"up":{"uv":[5,7.5,6.5,8.5],"texture":"#gray clay"},"north":{"uv":[9.5,6,11,16],"texture":"#gray clay"},"south":{"uv":[5,6,6.5,16],"texture":"#gray clay"},"west":{"uv":[7.5,6,8.5,16],"texture":"#gray clay"},"east":{"uv":[7.5,6,8.5,16],"texture":"#gray clay"}}},{"from":[1.5625,0,6.5],"to":[2.8125,0.5,8.5],"faces":{"down":{"uv":[14.4375,8.5,13.1875,6.5],"texture":"#gray clay","cullface":"down"},"up":{"uv":[1.5625,6.5,2.8125,8.5],"texture":"#gray clay"},"north":{"uv":[13.1875,15.5,14.4375,16],"texture":"#gray clay"},"south":{"uv":[1.5625,15.5,2.8125,16],"texture":"#gray clay"},"west":{"uv":[6.5,15.5,8.5,16],"texture":"#gray clay"},"east":{"uv":[7.5,15.5,9.5,16],"texture":"#gray clay"}}}]}