{"ambientocclusion":false,"textures":{"particle":"custom/peepee","texture":"custom/peepee"},"elements":[{"from":[5.5,0.0375,8.5],"to":[10,0.1,13.5],"faces":{"down":{"uv":[10.5,13.5,6,8.5],"texture":"#texture"},"up":{"uv":[5.5,8.5,10,13.5],"texture":"#texture"},"north":{"uv":[6,15.9,10.5,15.9625],"texture":"#texture"},"south":{"uv":[5.5,15.9,10,15.9625],"texture":"#texture"},"west":{"uv":[8.5,15.9,13.5,15.9625],"texture":"#texture"},"east":{"uv":[2.5,15.9,7.5,15.9625],"texture":"#texture"}}},{"from":[10,0.0375,8],"to":[10.5,0.1,11.5],"faces":{"down":{"uv":[6,11.5,5.5,8],"texture":"#texture"},"up":{"uv":[10,8,10.5,11.5],"texture":"#texture"},"north":{"uv":[5.5,15.9,6,15.9625],"texture":"#texture"},"south":{"uv":[10,15.9,10.5,15.9625],"texture":"#texture"},"west":{"uv":[8,15.9,11.5,15.9625],"texture":"#texture"},"east":{"uv":[4.5,15.9,8,15.9625],"texture":"#texture"}}},{"from":[10.5,0.0375,8],"to":[11.5,0.1,10],"faces":{"down":{"uv":[5.5,10,4.5,8],"texture":"#texture"},"up":{"uv":[10.5,8,11.5,10],"texture":"#texture"},"north":{"uv":[4.5,15.9,5.5,15.9625],"texture":"#texture"},"south":{"uv":[10.5,15.9,11.5,15.9625],"texture":"#texture"},"west":{"uv":[8,15.9,10,15.9625],"texture":"#texture"},"east":{"uv":[6,15.9,8,15.9625],"texture":"#texture"}}},{"from":[5,0.0375,7.5],"to":[6.5,0.1,8.5],"faces":{"down":{"uv":[11,8.5,9.5,7.5],"texture":"#texture"},"up":{"uv":[5,7.5,6.5,8.5],"texture":"#texture"},"north":{"uv":[9.5,15.9,11,15.9625],"texture":"#texture"},"south":{"uv":[5,15.9,6.5,15.9625],"texture":"#texture"},"west":{"uv":[7.5,15.9,8.5,15.9625],"texture":"#texture"},"east":{"uv":[7.5,15.9,8.5,15.9625],"texture":"#texture"}}},{"from":[5,0.0375,8.5],"to":[5.5,0.1,11.5],"faces":{"down":{"uv":[11,11.5,10.5,8.5],"texture":"#texture"},"up":{"uv":[5,8.5,5.5,11.5],"texture":"#texture"},"north":{"uv":[10.5,15.9,11,15.9625],"texture":"#texture"},"south":{"uv":[5,15.9,5.5,15.9625],"texture":"#texture"},"west":{"uv":[8.5,15.9,11.5,15.9625],"texture":"#texture"},"east":{"uv":[4.5,15.9,7.5,15.9625],"texture":"#texture"}}},{"from":[6,0.0375,13.5],"to":[8.5,0.1,14.5],"faces":{"down":{"uv":[10,14.5,7.5,13.5],"texture":"#texture"},"up":{"uv":[6,13.5,8.5,14.5],"texture":"#texture"},"north":{"uv":[7.5,15.9,10,15.9625],"texture":"#texture"},"south":{"uv":[6,15.9,8.5,15.9625],"texture":"#texture"},"west":{"uv":[13.5,15.9,14.5,15.9625],"texture":"#texture"},"east":{"uv":[1.5,15.9,2.5,15.9625],"texture":"#texture"}}},{"from":[8.5,0.0375,13.5],"to":[9.5,0.1,14],"faces":{"down":{"uv":[7.5,14,6.5,13.5],"texture":"#texture"},"up":{"uv":[8.5,13.5,9.5,14],"texture":"#texture"},"north":{"uv":[6.5,15.9,7.5,15.9625],"texture":"#texture"},"south":{"uv":[8.5,15.9,9.5,15.9625],"texture":"#texture"},"west":{"uv":[13.5,15.9,14,15.9625],"texture":"#texture"},"east":{"uv":[2,15.9,2.5,15.9625],"texture":"#texture"}}},{"from":[4.5,0.0375,9],"to":[5,0.1,10.5],"faces":{"down":{"uv":[11.5,10.5,11,9],"texture":"#texture"},"up":{"uv":[4.5,9,5,10.5],"texture":"#texture"},"north":{"uv":[11,15.9,11.5,15.9625],"texture":"#texture"},"south":{"uv":[4.5,15.9,5,15.9625],"texture":"#texture"},"west":{"uv":[9,15.9,10.5,15.9625],"texture":"#texture"},"east":{"uv":[5.5,15.9,7,15.9625],"texture":"#texture"}}},{"from":[6.5,0.0375,6.5],"to":[8.5,0.1,8.5],"faces":{"down":{"uv":[9.5,8.5,7.5,6.5],"texture":"#texture"},"up":{"uv":[6.5,6.5,8.5,8.5],"texture":"#texture"},"north":{"uv":[7.5,15.9,9.5,15.9625],"texture":"#texture"},"south":{"uv":[6.5,15.9,8.5,15.9625],"texture":"#texture"},"west":{"uv":[6.5,15.9,8.5,15.9625],"texture":"#texture"},"east":{"uv":[7.5,15.9,9.5,15.9625],"texture":"#texture"}}},{"from":[6,0.0375,7],"to":[6.5,0.1,7.5],"faces":{"down":{"uv":[10,7.5,9.5,7],"texture":"#texture"},"up":{"uv":[6,7,6.5,7.5],"texture":"#texture"},"north":{"uv":[9.5,15.9,10,15.9625],"texture":"#texture"},"south":{"uv":[6,15.9,6.5,15.9625],"texture":"#texture"},"west":{"uv":[7,15.9,7.5,15.9625],"texture":"#texture"},"east":{"uv":[8.5,15.9,9,15.9625],"texture":"#texture"}}},{"from":[7.5,0.0375,6],"to":[8.5,0.1,6.5],"faces":{"down":{"uv":[8.5,6.5,7.5,6],"texture":"#texture"},"up":{"uv":[7.5,6,8.5,6.5],"texture":"#texture"},"north":{"uv":[7.5,15.9,8.5,15.9625],"texture":"#texture"},"south":{"uv":[7.5,15.9,8.5,15.9625],"texture":"#texture"},"west":{"uv":[6,15.9,6.5,15.9625],"texture":"#texture"},"east":{"uv":[9.5,15.9,10,15.9625],"texture":"#texture"}}},{"from":[8.5,0.0375,5.5],"to":[9.5,0.1,8.5],"faces":{"down":{"uv":[7.5,8.5,6.5,5.5],"texture":"#texture"},"up":{"uv":[8.5,5.5,9.5,8.5],"texture":"#texture"},"north":{"uv":[6.5,15.9,7.5,15.9625],"texture":"#texture"},"south":{"uv":[8.5,15.9,9.5,15.9625],"texture":"#texture"},"west":{"uv":[5.5,15.9,8.5,15.9625],"texture":"#texture"},"east":{"uv":[7.5,15.9,10.5,15.9625],"texture":"#texture"}}},{"from":[9.5,0.0375,6.5],"to":[10,0.1,8.5],"faces":{"down":{"uv":[6.5,8.5,6,6.5],"texture":"#texture"},"up":{"uv":[9.5,6.5,10,8.5],"texture":"#texture"},"north":{"uv":[6,15.9,6.5,15.9625],"texture":"#texture"},"south":{"uv":[9.5,15.9,10,15.9625],"texture":"#texture"},"west":{"uv":[6.5,15.9,8.5,15.9625],"texture":"#texture"},"east":{"uv":[7.5,15.9,9.5,15.9625],"texture":"#texture"}}},{"from":[11.5,0.0375,8.5],"to":[12,0.1,9],"faces":{"down":{"uv":[4.5,9,4,8.5],"texture":"#texture"},"up":{"uv":[11.5,8.5,12,9],"texture":"#texture"},"north":{"uv":[4,15.9,4.5,15.9625],"texture":"#texture"},"south":{"uv":[11.5,15.9,12,15.9625],"texture":"#texture"},"west":{"uv":[8.5,15.9,9,15.9625],"texture":"#texture"},"east":{"uv":[7,15.9,7.5,15.9625],"texture":"#texture"}}},{"from":[6.5,0.0375,14.5],"to":[8,0.1,15],"faces":{"down":{"uv":[9.5,15,8,14.5],"texture":"#texture"},"up":{"uv":[6.5,14.5,8,15],"texture":"#texture"},"north":{"uv":[8,15.9,9.5,15.9625],"texture":"#texture"},"south":{"uv":[6.5,15.9,8,15.9625],"texture":"#texture"},"west":{"uv":[14.5,15.9,15,15.9625],"texture":"#texture"},"east":{"uv":[1,15.9,1.5,15.9625],"texture":"#texture"}}},{"from":[4.5,0.0375,8.5],"to":[5,0.1,9],"faces":{"down":{"uv":[11.5,9,11,8.5],"texture":"#texture"},"up":{"uv":[4.5,8.5,5,9],"texture":"#texture"},"north":{"uv":[11,15.9,11.5,15.9625],"texture":"#texture"},"south":{"uv":[4.5,15.9,5,15.9625],"texture":"#texture"},"west":{"uv":[8.5,15.9,9,15.9625],"texture":"#texture"},"east":{"uv":[7,15.9,7.5,15.9625],"texture":"#texture"}}},{"from":[5,0.0375,11.5],"to":[5.5,0.1,13],"faces":{"down":{"uv":[11,13,10.5,11.5],"texture":"#texture"},"up":{"uv":[5,11.5,5.5,13],"texture":"#texture"},"north":{"uv":[10.5,15.9,11,15.9625],"texture":"#texture"},"south":{"uv":[5,15.9,5.5,15.9625],"texture":"#texture"},"west":{"uv":[11.5,15.9,13,15.9625],"texture":"#texture"},"east":{"uv":[3,15.9,4.5,15.9625],"texture":"#texture"}}},{"from":[5.5,0.0375,10.5],"to":[6,0.1,12],"faces":{"down":{"uv":[10.5,12,10,10.5],"texture":"#texture"},"up":{"uv":[5.5,10.5,6,12],"texture":"#texture"},"north":{"uv":[10,15.9,10.5,15.9625],"texture":"#texture"},"south":{"uv":[5.5,15.9,6,15.9625],"texture":"#texture"},"west":{"uv":[10.5,15.9,12,15.9625],"texture":"#texture"},"east":{"uv":[4,15.9,5.5,15.9625],"texture":"#texture"}}},{"from":[4.5,0.0375,9.5],"to":[5.5,0.1,11],"faces":{"down":{"uv":[11.5,11,10.5,9.5],"texture":"#texture"},"up":{"uv":[4.5,9.5,5.5,11],"texture":"#texture"},"north":{"uv":[10.5,15.9,11.5,15.9625],"texture":"#texture"},"south":{"uv":[4.5,15.9,5.5,15.9625],"texture":"#texture"},"west":{"uv":[9.5,15.9,11,15.9625],"texture":"#texture"},"east":{"uv":[5,15.9,6.5,15.9625],"texture":"#texture"}}},{"from":[10.5,0.0375,10],"to":[11,0.1,11],"faces":{"down":{"uv":[5.5,11,5,10],"texture":"#texture"},"up":{"uv":[10.5,10,11,11],"texture":"#texture"},"north":{"uv":[5,15.9,5.5,15.9625],"texture":"#texture"},"south":{"uv":[10.5,15.9,11,15.9625],"texture":"#texture"},"west":{"uv":[10,15.9,11,15.9625],"texture":"#texture"},"east":{"uv":[5,15.9,6,15.9625],"texture":"#texture"}}},{"from":[10,0.0375,11.5],"to":[10.5,0.1,13],"faces":{"down":{"uv":[6,13,5.5,11.5],"texture":"#texture"},"up":{"uv":[10,11.5,10.5,13],"texture":"#texture"},"north":{"uv":[5.5,15.9,6,15.9625],"texture":"#texture"},"south":{"uv":[10,15.9,10.5,15.9625],"texture":"#texture"},"west":{"uv":[11.5,15.9,13,15.9625],"texture":"#texture"},"east":{"uv":[3,15.9,4.5,15.9625],"texture":"#texture"}}},{"from":[2,0.0375,3.5],"to":[3,0.1,5],"faces":{"down":{"uv":[14,5,13,3.5],"texture":"#texture"},"up":{"uv":[2,3.5,3,5],"texture":"#texture"},"north":{"uv":[13,15.9,14,15.9625],"texture":"#texture"},"south":{"uv":[2,15.9,3,15.9625],"texture":"#texture"},"west":{"uv":[3.5,15.9,5,15.9625],"texture":"#texture"},"east":{"uv":[11,15.9,12.5,15.9625],"texture":"#texture"}}},{"from":[3,0.0375,4],"to":[3.5,0.1,5],"faces":{"down":{"uv":[13,5,12.5,4],"texture":"#texture"},"up":{"uv":[3,4,3.5,5],"texture":"#texture"},"north":{"uv":[12.5,15.9,13,15.9625],"texture":"#texture"},"south":{"uv":[3,15.9,3.5,15.9625],"texture":"#texture"},"west":{"uv":[4,15.9,5,15.9625],"texture":"#texture"},"east":{"uv":[11,15.9,12,15.9625],"texture":"#texture"}}},{"from":[1.5,0.0375,4],"to":[2,0.1,6],"faces":{"down":{"uv":[14.5,6,14,4],"texture":"#texture"},"up":{"uv":[1.5,4,2,6],"texture":"#texture"},"north":{"uv":[14,15.9,14.5,15.9625],"texture":"#texture"},"south":{"uv":[1.5,15.9,2,15.9625],"texture":"#texture"},"west":{"uv":[4,15.9,6,15.9625],"texture":"#texture"},"east":{"uv":[10,15.9,12,15.9625],"texture":"#texture"}}},{"from":[2,0.0375,5],"to":[3,0.1,5.5],"faces":{"down":{"uv":[14,5.5,13,5],"texture":"#texture"},"up":{"uv":[2,5,3,5.5],"texture":"#texture"},"north":{"uv":[13,15.9,14,15.9625],"texture":"#texture"},"south":{"uv":[2,15.9,3,15.9625],"texture":"#texture"},"west":{"uv":[5,15.9,5.5,15.9625],"texture":"#texture"},"east":{"uv":[10.5,15.9,11,15.9625],"texture":"#texture"}}},{"from":[10,0.0375,7],"to":[10.5,0.1,8],"faces":{"down":{"uv":[6,8,5.5,7],"texture":"#texture"},"up":{"uv":[10,7,10.5,8],"texture":"#texture"},"north":{"uv":[5.5,15.9,6,15.9625],"texture":"#texture"},"south":{"uv":[10,15.9,10.5,15.9625],"texture":"#texture"},"west":{"uv":[7,15.9,8,15.9625],"texture":"#texture"},"east":{"uv":[8,15.9,9,15.9625],"texture":"#texture"}}}]}