{"textures":{"particle":"custom/photo","texture":"custom/photo"},"elements":[{"from":[4.5,0.0875,5],"to":[9.5,0.1875,12],"rotation":{"origin":[4.5,0.0875,5],"axis":"y","angle":-22.5},"faces":{"down":{"uv":[0,0,5,7],"texture":"#texture"},"up":{"uv":[0,0.5,6,9],"texture":"#texture"},"north":{"uv":[4.5,15.8125,9.5,15.875],"texture":"#texture"},"south":{"uv":[4.5,15.8125,9.5,15.875],"texture":"#texture"},"west":{"uv":[5,15.8125,12,15.875],"texture":"#texture"},"east":{"uv":[5,15.8125,12,15.875],"texture":"#texture"}}}]}