{"textures":{"particle":"custom/brown","texture":"custom/brown","dirty white":"custom/dirty_white"},"elements":[{"from":[9,0,3],"to":[12,3,4],"faces":{"down":{"uv":[0,15,3,16],"texture":"#dirty white"},"up":{"uv":[0,15,3,16],"rotation":180,"texture":"#dirty white"},"north":{"uv":[4.5,14.5,1.5,11.5],"rotation":180,"texture":"#dirty white"},"south":{"uv":[13,12.5,16,15.5],"texture":"#dirty white"},"west":{"uv":[13,15,16,16],"rotation":90,"texture":"#dirty white"},"east":{"uv":[12,15,15,16],"rotation":270,"texture":"#dirty white"}}},{"from":[9,0,4],"to":[9.5,3,8],"faces":{"down":{"uv":[6,11,6.5,15],"texture":"#dirty white"},"up":{"uv":[9.5,11,10,15],"rotation":180,"texture":"#dirty white"},"north":{"uv":[10,7,9.5,4],"rotation":180,"texture":"#dirty white"},"south":{"uv":[6,4,6.5,7],"texture":"#dirty white"},"west":{"uv":[4,11,7,15],"rotation":90,"texture":"#dirty white"},"east":{"uv":[9,11,12,15],"rotation":270,"texture":"#dirty white"}}},{"from":[11.5,0,4],"to":[12,3,8],"faces":{"down":{"uv":[8.5,11,9,15],"texture":"#dirty white"},"up":{"uv":[7,11,7.5,15],"rotation":180,"texture":"#dirty white"},"north":{"uv":[7.5,7,7,4],"rotation":180,"texture":"#dirty white"},"south":{"uv":[8.5,4,9,7],"texture":"#dirty white"},"west":{"uv":[4,11,7,15],"rotation":90,"texture":"#dirty white"},"east":{"uv":[9,11,12,15],"rotation":270,"texture":"#dirty white"}}},{"from":[9.5,2.5,4],"to":[11.5,3,8],"faces":{"down":{"uv":[6.5,11,8.5,15],"texture":"#dirty white"},"up":{"uv":[7.5,11,9.5,15],"rotation":180,"texture":"#dirty white"},"north":{"uv":[9.5,4.5,7.5,4],"rotation":180,"texture":"#dirty white"},"south":{"uv":[6.5,4,8.5,4.5],"texture":"#dirty white"},"west":{"uv":[4,11,4.5,15],"rotation":90,"texture":"#dirty white"},"east":{"uv":[11.5,11,12,15],"rotation":270,"texture":"#dirty white"}}},{"from":[9.5,0,4],"to":[11.5,0.5,8],"faces":{"down":{"uv":[6.5,11,8.5,15],"texture":"#dirty white"},"up":{"uv":[7.5,11,9.5,15],"rotation":180,"texture":"#dirty white"},"north":{"uv":[9.5,7,7.5,6.5],"rotation":180,"texture":"#dirty white"},"south":{"uv":[6.5,6.5,8.5,7],"texture":"#dirty white"},"west":{"uv":[6.5,11,7,15],"rotation":90,"texture":"#dirty white"},"east":{"uv":[9,11,9.5,15],"rotation":270,"texture":"#dirty white"}}},{"from":[5.5,0.0375,8.5],"to":[10,0.1,13.5],"faces":{"down":{"uv":[10.5,13.5,6,8.5],"texture":"#texture"},"up":{"uv":[5.5,8.5,10,13.5],"texture":"#texture"},"north":{"uv":[6,15.9,10.5,15.9625],"texture":"#texture"},"south":{"uv":[5.5,15.9,10,15.9625],"texture":"#texture"},"west":{"uv":[8.5,15.9,13.5,15.9625],"texture":"#texture"},"east":{"uv":[2.5,15.9,7.5,15.9625],"texture":"#texture"}}},{"from":[10,0.0375,8],"to":[10.5,0.1,11.5],"faces":{"down":{"uv":[6,11.5,5.5,8],"texture":"#texture"},"up":{"uv":[10,8,10.5,11.5],"texture":"#texture"},"north":{"uv":[5.5,15.9,6,15.9625],"texture":"#texture"},"south":{"uv":[10,15.9,10.5,15.9625],"texture":"#texture"},"west":{"uv":[8,15.9,11.5,15.9625],"texture":"#texture"},"east":{"uv":[4.5,15.9,8,15.9625],"texture":"#texture"}}},{"from":[10.5,0.0375,8],"to":[11.5,0.1,10],"faces":{"down":{"uv":[5.5,10,4.5,8],"texture":"#texture"},"up":{"uv":[10.5,8,11.5,10],"texture":"#texture"},"north":{"uv":[4.5,15.9,5.5,15.9625],"texture":"#texture"},"south":{"uv":[10.5,15.9,11.5,15.9625],"texture":"#texture"},"west":{"uv":[8,15.9,10,15.9625],"texture":"#texture"},"east":{"uv":[6,15.9,8,15.9625],"texture":"#texture"}}},{"from":[5,0.0375,7.5],"to":[6.5,0.1,8.5],"faces":{"down":{"uv":[11,8.5,9.5,7.5],"texture":"#texture"},"up":{"uv":[5,7.5,6.5,8.5],"texture":"#texture"},"north":{"uv":[9.5,15.9,11,15.9625],"texture":"#texture"},"south":{"uv":[5,15.9,6.5,15.9625],"texture":"#texture"},"west":{"uv":[7.5,15.9,8.5,15.9625],"texture":"#texture"},"east":{"uv":[7.5,15.9,8.5,15.9625],"texture":"#texture"}}},{"from":[5,0.0375,8.5],"to":[5.5,0.1,11.5],"faces":{"down":{"uv":[11,11.5,10.5,8.5],"texture":"#texture"},"up":{"uv":[5,8.5,5.5,11.5],"texture":"#texture"},"north":{"uv":[10.5,15.9,11,15.9625],"texture":"#texture"},"south":{"uv":[5,15.9,5.5,15.9625],"texture":"#texture"},"west":{"uv":[8.5,15.9,11.5,15.9625],"texture":"#texture"},"east":{"uv":[4.5,15.9,7.5,15.9625],"texture":"#texture"}}},{"from":[6,0.0375,13.5],"to":[8.5,0.1,14.5],"faces":{"down":{"uv":[10,14.5,7.5,13.5],"texture":"#texture"},"up":{"uv":[6,13.5,8.5,14.5],"texture":"#texture"},"north":{"uv":[7.5,15.9,10,15.9625],"texture":"#texture"},"south":{"uv":[6,15.9,8.5,15.9625],"texture":"#texture"},"west":{"uv":[13.5,15.9,14.5,15.9625],"texture":"#texture"},"east":{"uv":[1.5,15.9,2.5,15.9625],"texture":"#texture"}}},{"from":[8.5,0.0375,13.5],"to":[9.5,0.1,14],"faces":{"down":{"uv":[7.5,14,6.5,13.5],"texture":"#texture"},"up":{"uv":[8.5,13.5,9.5,14],"texture":"#texture"},"north":{"uv":[6.5,15.9,7.5,15.9625],"texture":"#texture"},"south":{"uv":[8.5,15.9,9.5,15.9625],"texture":"#texture"},"west":{"uv":[13.5,15.9,14,15.9625],"texture":"#texture"},"east":{"uv":[2,15.9,2.5,15.9625],"texture":"#texture"}}},{"from":[4.5,0.0375,9],"to":[5,0.1,10.5],"faces":{"down":{"uv":[11.5,10.5,11,9],"texture":"#texture"},"up":{"uv":[4.5,9,5,10.5],"texture":"#texture"},"north":{"uv":[11,15.9,11.5,15.9625],"texture":"#texture"},"south":{"uv":[4.5,15.9,5,15.9625],"texture":"#texture"},"west":{"uv":[9,15.9,10.5,15.9625],"texture":"#texture"},"east":{"uv":[5.5,15.9,7,15.9625],"texture":"#texture"}}},{"from":[10.5,0.5,4],"to":[11.5,0.5625,8.5],"faces":{"down":{"uv":[5.5,8.5,4.5,4],"texture":"#texture"},"up":{"uv":[10.5,4,11.5,8.5],"texture":"#texture"},"north":{"uv":[4.5,15.4375,5.5,15.5],"texture":"#texture"},"south":{"uv":[10.5,15.4375,11.5,15.5],"texture":"#texture"},"west":{"uv":[4,15.4375,8.5,15.5],"texture":"#texture"},"east":{"uv":[7.5,15.4375,12,15.5],"texture":"#texture"}}},{"from":[9.5,0.5,4],"to":[10.5,0.5625,5.5],"faces":{"down":{"uv":[6.5,5.5,5.5,4],"texture":"#texture"},"up":{"uv":[9.5,4,10.5,5.5],"texture":"#texture"},"north":{"uv":[5.5,15.4375,6.5,15.5],"texture":"#texture"},"south":{"uv":[9.5,15.4375,10.5,15.5],"texture":"#texture"},"west":{"uv":[4,15.4375,5.5,15.5],"texture":"#texture"},"east":{"uv":[10.5,15.4375,12,15.5],"texture":"#texture"}}},{"from":[10.5,0,8],"to":[11.5,0.5,8.5],"faces":{"down":{"uv":[5.5,8.5,4.5,8],"texture":"#texture"},"up":{"uv":[10.5,8,11.5,8.5],"texture":"#texture"},"north":{"uv":[4.5,15.5,5.5,16],"texture":"#texture"},"south":{"uv":[10.5,15.5,11.5,16],"texture":"#texture"},"west":{"uv":[8,15.5,8.5,16],"texture":"#texture"},"east":{"uv":[7.5,15.5,8,16],"texture":"#texture"}}}]}