{"textures":{"particle":"custom/green","texture":"custom/green","gray clay":"custom/gray","jbip":"custom/jbip"},"elements":[{"from":[5.5,0,9.5],"to":[10,6.25,10],"rotation":{"origin":[5.5,6.25,9.5],"axis":"x","angle":22.5},"faces":{"down":{"uv":[11.5,1.5,16,2],"texture":"#jbip","cullface":"down"},"up":{"uv":[3.5,14,8,14.5],"texture":"#jbip"},"north":{"uv":[1.5,1.5,6,7.75],"texture":"#jbip"},"south":{"uv":[11.5,5,16,11.25],"texture":"#jbip"}}},{"from":[10,0,9.5],"to":[10.5,6.25,10],"rotation":{"origin":[10,6.25,9.5],"axis":"x","angle":22.5},"faces":{"down":{"uv":[12,3.5,11,2.5],"rotation":90,"texture":"#texture","cullface":"down"},"up":{"uv":[4,2.5,5,3.5],"rotation":270,"texture":"#texture"},"north":{"uv":[12.5,3.5,13.5,16],"texture":"#texture"},"south":{"uv":[2.5,3.5,3.5,16],"texture":"#texture"},"east":{"uv":[4,3.5,5,16],"texture":"#texture"}}},{"from":[5,0,9.5],"to":[5.5,6.25,10],"rotation":{"origin":[5,6.25,9.5],"axis":"x","angle":22.5},"faces":{"down":{"uv":[12,3.5,11,2.5],"rotation":90,"texture":"#texture","cullface":"down"},"up":{"uv":[4,2.5,5,3.5],"rotation":270,"texture":"#texture"},"north":{"uv":[12.5,3.5,13.5,16],"texture":"#texture"},"south":{"uv":[2.5,3.5,3.5,16],"texture":"#texture"},"west":{"uv":[11,3.5,12,16],"texture":"#texture"}}},{"from":[5,6.1875,9.6875],"to":[10.5,6.6875,10.1875],"rotation":{"origin":[5,6.6875,9.6875],"axis":"x","angle":22.5},"faces":{"down":{"uv":[10,13.5,9,2.5],"rotation":90,"texture":"#texture"},"up":{"uv":[6,2.5,7,13.5],"rotation":270,"texture":"#texture"},"north":{"uv":[2.5,2.5,13.5,3.5],"texture":"#texture"},"south":{"uv":[2.5,2.5,13.5,3.5],"texture":"#texture"},"west":{"uv":[9,2.5,10,3.5],"texture":"#texture"},"east":{"uv":[6,2.5,7,3.5],"texture":"#texture"}}},{"from":[5,0,7.125],"to":[10.5,0.5,7.625],"rotation":{"origin":[5,0.5,7.125],"axis":"x","angle":22.5},"faces":{"down":{"uv":[11,12.5,10,3.5],"rotation":90,"texture":"#texture","cullface":"down"},"up":{"uv":[5,3.5,6,12.5],"rotation":270,"texture":"#texture"},"north":{"uv":[3.5,16,12.5,16],"texture":"#texture"},"south":{"uv":[3.5,16,12.5,16],"texture":"#texture"},"west":{"uv":[10,16,11,16],"texture":"#texture"},"east":{"uv":[5,16,6,16],"texture":"#texture"}}},{"from":[7.5,-0.375,8.9375],"to":[8,4.875,9.6875],"rotation":{"origin":[7.5,4.875,8.9375],"axis":"x","angle":-22.5},"faces":{"down":{"uv":[11,8.5,9.5,7.5],"rotation":90,"texture":"#gray clay"},"up":{"uv":[5,7.5,6.5,8.5],"rotation":270,"texture":"#gray clay"},"north":{"uv":[7.5,6,8.5,16],"texture":"#gray clay"},"south":{"uv":[7.5,6,8.5,16],"texture":"#gray clay"},"west":{"uv":[9.5,6,11,16],"texture":"#gray clay"},"east":{"uv":[5,6,6.5,16],"texture":"#gray clay"}}},{"from":[6.8125,0,10.75],"to":[8.8125,0.5,12],"faces":{"down":{"uv":[11.9375,8.5,10.6875,6.5],"rotation":90,"texture":"#gray clay","cullface":"down"},"up":{"uv":[4.0625,6.5,5.3125,8.5],"rotation":270,"texture":"#gray clay"},"north":{"uv":[7.5,15.5,9.5,16],"texture":"#gray clay"},"south":{"uv":[6.5,15.5,8.5,16],"texture":"#gray clay"},"west":{"uv":[10.6875,15.5,11.9375,16],"texture":"#gray clay"},"east":{"uv":[4.0625,15.5,5.3125,16],"texture":"#gray clay"}}}]}