{"textures":{"particle":"custom/selfie4","texture":"custom/selfie4"},"elements":[{"from":[10.5,0.0875,9],"to":[15.5,0.1875,16],"rotation":{"origin":[10.5,0.0875,9],"axis":"y","angle":-45},"faces":{"down":{"uv":[5.5,16,0.5,9],"texture":"#texture"},"up":{"uv":[8,9,10,13.5],"texture":"#texture"},"north":{"uv":[0.5,15.8125,5.5,15.875],"texture":"#texture"},"south":{"uv":[10.5,15.8125,15.5,15.875],"texture":"#texture"},"west":{"uv":[9,15.8125,16,15.875],"texture":"#texture"},"east":{"uv":[0,15.8125,7,15.875],"texture":"#texture"}}},{"from":[14.5,0.0875,-1],"to":[19.5,0.1875,6],"rotation":{"origin":[14.5,0.0875,-1],"axis":"y","angle":45},"faces":{"down":{"uv":[1.5,6,0,0],"texture":"#texture"},"up":{"uv":[13,5,15.5,9.5],"texture":"#texture"},"north":{"uv":[0,15.8125,1.5,15.875],"texture":"#texture"},"south":{"uv":[14.5,15.8125,16,15.875],"texture":"#texture"},"west":{"uv":[0,15.8125,6,15.875],"texture":"#texture"},"east":{"uv":[10,15.8125,16,15.875],"texture":"#texture"}}},{"from":[4.5,0.0875,1],"to":[9.5,0.1875,8],"rotation":{"origin":[4.5,0.0875,1],"axis":"y","angle":-22.5},"faces":{"down":{"uv":[8,16,3,9.5],"texture":"#texture"},"up":{"uv":[6,1.5,8,5.5],"texture":"#texture"},"north":{"uv":[6.5,15.8125,11.5,15.875],"texture":"#texture"},"south":{"uv":[4.5,15.8125,9.5,15.875],"texture":"#texture"},"west":{"uv":[1,15.8125,8,15.875],"texture":"#texture"},"east":{"uv":[8,15.8125,15,15.875],"texture":"#texture"}}},{"from":[20,0.0875,7],"to":[25,0.1875,14],"rotation":{"origin":[20,0.0875,7],"axis":"y","angle":22.5},"faces":{"down":{"uv":[0,0,0,15.5],"texture":"#texture"},"up":{"uv":[0,0,2.5,5],"texture":"#texture"},"north":{"uv":[0,0,0,13],"texture":"#texture"},"south":{"uv":[0,0,0,15.5],"texture":"#texture"},"west":{"uv":[0,0,0,16],"texture":"#texture"},"east":{"uv":[0,0,0,16],"texture":"#texture"}}},{"from":[-3.5,0.0875,-5],"to":[1.5,0.1875,2],"faces":{"down":{"uv":[16,2,14.5,0],"texture":"#texture"},"up":{"uv":[11.5,10.5,14,15.5],"texture":"#texture"},"north":{"uv":[14.5,15.8125,16,15.875],"texture":"#texture"},"south":{"uv":[0,15.8125,1.5,15.875],"texture":"#texture"},"west":{"uv":[0,15.8125,2,15.875],"texture":"#texture"},"east":{"uv":[14,15.8125,16,15.875],"texture":"#texture"}}},{"from":[-4.5,0.0875,13],"to":[0.5,0.1875,20],"rotation":{"origin":[-4.5,0.0875,13],"axis":"y","angle":-22.5},"faces":{"down":{"uv":[16,16,15.5,13],"texture":"#texture"},"up":{"uv":[10,3,12.5,8],"texture":"#texture"},"north":{"uv":[15.5,15.8125,16,15.875],"texture":"#texture"},"south":{"uv":[0,15.8125,0.5,15.875],"texture":"#texture"},"west":{"uv":[13,15.8125,16,15.875],"texture":"#texture"},"east":{"uv":[0,15.8125,3,15.875],"texture":"#texture"}}},{"from":[12.5,0.0875,15],"to":[17.5,0.1875,22],"rotation":{"origin":[12.5,0.0875,15],"axis":"y","angle":45},"faces":{"down":{"uv":[3.5,16,0,15],"texture":"#texture"},"up":{"uv":[4,7,6.5,11.5],"texture":"#texture"},"north":{"uv":[0,15.8125,3.5,15.875],"texture":"#texture"},"south":{"uv":[12.5,15.8125,16,15.875],"texture":"#texture"},"west":{"uv":[15,15.8125,16,15.875],"texture":"#texture"},"east":{"uv":[0,15.8125,1,15.875],"texture":"#texture"}}},{"from":[-8,0.0875,5],"to":[-3,0.1875,12],"rotation":{"origin":[-8,0.0875,5],"axis":"y","angle":22.5},"faces":{"down":{"uv":[0,0,0,15],"texture":"#texture"},"up":{"uv":[0.5,5.5,3,10],"texture":"#texture"},"north":{"uv":[0,0,0,14.5],"texture":"#texture"},"south":{"uv":[0,0,0,16],"texture":"#texture"},"west":{"uv":[0,0,0,16],"texture":"#texture"},"east":{"uv":[0,0,0,16],"texture":"#texture"}}}]}