{"textures":{"particle":"custom/dark_iron","log_big_oak":"blocks/log_big_oak","cable":"custom/cable","texture":"custom/dark_iron","screen7":"custom/screen7"},"elements":[{"from":[6,0,3],"to":[14,2,14],"faces":{"down":{"uv":[5.5,8,4.5,4.5],"rotation":180,"texture":"#log_big_oak"},"up":{"uv":[4,3.5,5,6],"rotation":180,"texture":"#log_big_oak"},"north":{"uv":[2.5,9,10.5,11],"texture":"#log_big_oak"},"south":{"uv":[2.5,7,10.5,9],"texture":"#log_big_oak"},"west":{"uv":[3,14,13.5,14.5],"texture":"#log_big_oak"},"east":{"uv":[2,14,13,14.5],"texture":"#log_big_oak"}}},{"from":[7.5,0,14],"to":[8.5,1,16],"faces":{"down":{"uv":[8.5,2,7.5,0],"rotation":180,"texture":"#cable"},"up":{"uv":[7.5,0,8.5,2],"rotation":180,"texture":"#cable"},"north":{"uv":[7.5,15,8.5,16],"texture":"#cable"},"south":{"uv":[7.5,15,8.5,16],"texture":"#cable"},"west":{"uv":[14,15,16,16],"texture":"#cable"},"east":{"uv":[0,15,2,16],"texture":"#cable"}}},{"from":[9,0.5,-1],"to":[10.5,1,3],"faces":{"down":{"uv":[10.5,16,9,13],"rotation":180,"texture":"#texture"},"up":{"uv":[5.5,13,7,16],"rotation":180,"texture":"#texture"},"north":{"uv":[5.5,15,7,15.5],"texture":"#texture"},"south":{"uv":[9,15,10.5,15.5],"texture":"#texture"},"west":{"uv":[0,15,3,15.5],"texture":"#texture"},"east":{"uv":[13,15,16,15.5],"texture":"#texture"}}},{"from":[6.5,0.5,-1],"to":[8,1,3],"faces":{"down":{"uv":[8,16,6.5,13],"rotation":180,"texture":"#texture"},"up":{"uv":[8,13,9.5,16],"rotation":180,"texture":"#texture"},"north":{"uv":[8,15,9.5,15.5],"texture":"#texture"},"south":{"uv":[6.5,15,8,15.5],"texture":"#texture"},"west":{"uv":[0,15,3,15.5],"texture":"#texture"},"east":{"uv":[13,15,16,15.5],"texture":"#texture"}}},{"from":[8,0.5,1.5],"to":[9,1,3],"faces":{"down":{"uv":[9,14.5,8,13],"rotation":180,"texture":"#texture"},"up":{"uv":[7,13,8,14.5],"rotation":180,"texture":"#texture"},"north":{"uv":[7,15,8,15.5],"texture":"#texture"},"south":{"uv":[8,15,9,15.5],"texture":"#texture"},"west":{"uv":[1.5,15,3,15.5],"texture":"#texture"},"east":{"uv":[13,15,14.5,15.5],"texture":"#texture"}}},{"from":[8,0.5,-1],"to":[9,1,0.5],"faces":{"down":{"uv":[9,16,8,15.5],"rotation":180,"texture":"#texture"},"up":{"uv":[7,15.5,8,16],"rotation":180,"texture":"#texture"},"north":{"uv":[7,15,8,15.5],"texture":"#texture"},"south":{"uv":[8,15,9,15.5],"texture":"#texture"},"west":{"uv":[0,15,0.5,15.5],"texture":"#texture"},"east":{"uv":[15.5,15,16,15.5],"texture":"#texture"}}},{"from":[6.5,1,2.5],"to":[10.5,1.5,3],"faces":{"down":{"uv":[10.5,13.5,6.5,13],"rotation":180,"texture":"#cable"},"up":{"uv":[5.5,13,9.5,13.5],"rotation":180,"texture":"#cable"},"north":{"uv":[5.5,14.5,9.5,15],"texture":"#cable"},"south":{"uv":[6.5,14.5,10.5,15],"texture":"#cable"},"west":{"uv":[2.5,14.5,3,15],"texture":"#cable"},"east":{"uv":[13,14.5,13.5,15],"texture":"#cable"}}},{"from":[11.5,1,2.5],"to":[13,1.5,3],"faces":{"down":{"uv":[15,16,13.5,15.5],"rotation":180,"texture":"#log_big_oak"},"up":{"uv":[3,15.5,4.5,16],"rotation":180,"texture":"#log_big_oak"},"north":{"uv":[3.5,15.5,5,16],"texture":"#log_big_oak"},"south":{"uv":[10,15.5,11.5,16],"texture":"#log_big_oak"},"west":{"uv":[1.5,15.5,2,16],"texture":"#log_big_oak"},"east":{"uv":[13,15.5,13.5,16],"texture":"#log_big_oak"}}},{"from":[7,1.875,7.3125],"to":[13,3.875,8.3125],"rotation":{"origin":[7,3.875,7.3125],"axis":"x","angle":22.5},"faces":{"down":{"uv":[13,10,7,9],"rotation":180,"texture":"#screen7"},"up":{"uv":[3,9,9,10],"rotation":180,"texture":"#screen7"},"north":{"uv":[1,2.5,14,5.5],"texture":"#screen7"},"south":{"uv":[1,2.5,14,5.5],"texture":"#screen7"},"west":{"uv":[6,12,7,14],"texture":"#screen7"},"east":{"uv":[9,12,10,14],"texture":"#screen7"}}},{"from":[8,1.3125,7.5625],"to":[12,3.3125,8.0625],"rotation":{"origin":[8,3.3125,7.5625],"axis":"x","angle":-22.5},"faces":{"down":{"uv":[12,8.5,8,8],"rotation":180,"texture":"#texture"},"up":{"uv":[4,8,8,8.5],"rotation":180,"texture":"#texture"},"north":{"uv":[4,12.5,8,14.5],"texture":"#texture"},"south":{"uv":[8,12.5,12,14.5],"texture":"#texture"},"west":{"uv":[7.5,12.5,8,14.5],"texture":"#texture"},"east":{"uv":[8,12.5,8.5,14.5],"texture":"#texture"}}}]}