{"textures":{"particle":"custom/paper2","texture":"custom/paper2","post it":"custom/post_it"},"elements":[{"from":[1.5,3,6],"to":[14.5,3.5,15.5],"faces":{"down":{"uv":[14.5,11.5,1.5,2],"texture":"#texture"},"up":{"uv":[3,6.5,16,16],"texture":"#texture"},"north":{"uv":[1.5,14.5,14.5,15],"texture":"#texture"},"south":{"uv":[1.5,14.5,14.5,15],"texture":"#texture"},"west":{"uv":[2,14.5,11.5,15],"texture":"#texture"},"east":{"uv":[4.5,14.5,14,15],"texture":"#texture"}}},{"from":[1.5,3.5,4.875],"to":[14.5,4,14.375],"faces":{"down":{"uv":[14.5,14.375,1.5,4.875],"texture":"#texture"},"up":{"uv":[0,0,13,9.5],"texture":"#texture"},"north":{"uv":[1.5,12,14.5,12.5],"texture":"#texture"},"south":{"uv":[1.5,12,14.5,12.5],"texture":"#texture"},"west":{"uv":[4.875,12,14.375,12.5],"texture":"#texture"},"east":{"uv":[1.625,12,11.125,12.5],"texture":"#texture"}}},{"from":[1.5,2,6],"to":[14.5,2.5,15.5],"faces":{"down":{"uv":[14.5,15.5,1.5,6],"texture":"#texture"},"up":{"uv":[1.5,6,14.5,15.5],"texture":"#texture"},"north":{"uv":[1.5,13.5,14.5,14],"texture":"#texture"},"south":{"uv":[1.5,13.5,14.5,14],"texture":"#texture"},"west":{"uv":[6,13.5,15.5,14],"texture":"#texture"},"east":{"uv":[0.5,13.5,10,14],"texture":"#texture"}}},{"from":[1.5,1,5.5],"to":[14.5,1.5,15],"faces":{"down":{"uv":[14.5,11.5,1.5,2],"texture":"#texture"},"up":{"uv":[1.5,2,14.5,11.5],"texture":"#texture"},"north":{"uv":[1.5,14.5,14.5,15],"texture":"#texture"},"south":{"uv":[1.5,14.5,14.5,15],"texture":"#texture"},"west":{"uv":[2,14.5,11.5,15],"texture":"#texture"},"east":{"uv":[4.5,14.5,14,15],"texture":"#texture"}}},{"from":[1.5,1.5,5.375],"to":[14.5,2,14.875],"faces":{"down":{"uv":[14.5,14.875,1.5,5.375],"texture":"#texture"},"up":{"uv":[1.5,5.375,14.5,14.875],"texture":"#texture"},"north":{"uv":[1.5,14,14.5,14.5],"texture":"#texture"},"south":{"uv":[1.5,14,14.5,14.5],"texture":"#texture"},"west":{"uv":[5.375,14,14.875,14.5],"texture":"#texture"},"east":{"uv":[1.125,14,10.625,14.5],"texture":"#texture"}}},{"from":[1.5,0,6],"to":[14.5,0.5,15.5],"faces":{"down":{"uv":[14.5,15.5,1.5,6],"texture":"#texture"},"up":{"uv":[1.5,6,14.5,15.5],"texture":"#texture"},"north":{"uv":[1.5,15.5,14.5,16],"texture":"#texture"},"south":{"uv":[1.5,15.5,14.5,16],"texture":"#texture"},"west":{"uv":[6,15.5,15.5,16],"texture":"#texture"},"east":{"uv":[0.5,15.5,10,16],"texture":"#texture"}}},{"from":[1.5,0.5,7],"to":[14.5,1,16.5],"faces":{"down":{"uv":[14.5,16,1.5,7],"texture":"#texture"},"up":{"uv":[1.5,7,14.5,16],"texture":"#texture"},"north":{"uv":[1.5,15,14.5,15.5],"texture":"#texture"},"south":{"uv":[1.5,15,14.5,15.5],"texture":"#texture"},"west":{"uv":[7,15,16,15.5],"texture":"#texture"},"east":{"uv":[0,15,9,15.5],"texture":"#texture"}}},{"from":[1.5,2.5,4.5],"to":[14.5,3,14],"faces":{"down":{"uv":[14.5,14,1.5,4.5],"texture":"#texture"},"up":{"uv":[1.5,4.5,14.5,14],"texture":"#texture"},"north":{"uv":[1.5,13,14.5,13.5],"texture":"#texture"},"south":{"uv":[1.5,13,14.5,13.5],"texture":"#texture"},"west":{"uv":[4.5,13,14,13.5],"texture":"#texture"},"east":{"uv":[2,13,11.5,13.5],"texture":"#texture"}}},{"from":[1.5,7,6],"to":[14.5,7.5,15.5],"faces":{"down":{"uv":[14.5,11.5,1.5,2],"texture":"#texture"},"up":{"uv":[3,6.5,16,16],"texture":"#texture"},"north":{"uv":[1.5,14.5,14.5,15],"texture":"#texture"},"south":{"uv":[1.5,14.5,14.5,15],"texture":"#texture"},"west":{"uv":[2,14.5,11.5,15],"texture":"#texture"},"east":{"uv":[4.5,14.5,14,15],"texture":"#texture"}}},{"from":[1.5,7.5,4.875],"to":[14.5,8,14.375],"faces":{"down":{"uv":[14.5,14.375,1.5,4.875],"texture":"#texture"},"up":{"uv":[0,0,13,9.5],"texture":"#texture"},"north":{"uv":[1.5,12,14.5,12.5],"texture":"#texture"},"south":{"uv":[1.5,12,14.5,12.5],"texture":"#texture"},"west":{"uv":[4.875,12,14.375,12.5],"texture":"#texture"},"east":{"uv":[1.625,12,11.125,12.5],"texture":"#texture"}}},{"from":[1.5,6,4.5],"to":[14.5,6.5,14],"faces":{"down":{"uv":[14.5,14,1.5,4.5],"texture":"#texture"},"up":{"uv":[1.5,4.5,14.5,14],"texture":"#texture"},"north":{"uv":[1.5,9.5,14.5,10],"texture":"#texture"},"south":{"uv":[1.5,9.5,14.5,10],"texture":"#texture"},"west":{"uv":[4.5,9.5,14,10],"texture":"#texture"},"east":{"uv":[2,9.5,11.5,10],"texture":"#texture"}}},{"from":[1.5,5,5.5],"to":[14.5,5.5,15],"faces":{"down":{"uv":[14.5,11.5,1.5,2],"texture":"#texture"},"up":{"uv":[1.5,2,14.5,11.5],"texture":"#texture"},"north":{"uv":[1.5,14.5,14.5,15],"texture":"#texture"},"south":{"uv":[1.5,14.5,14.5,15],"texture":"#texture"},"west":{"uv":[2,14.5,11.5,15],"texture":"#texture"},"east":{"uv":[4.5,14.5,14,15],"texture":"#texture"}}},{"from":[1.5,6.5,3.375],"to":[14.5,7,12.875],"faces":{"down":{"uv":[14.5,12.875,1.5,3.375],"texture":"#texture"},"up":{"uv":[1.5,3.375,14.5,12.875],"texture":"#texture"},"north":{"uv":[1.5,9,14.5,9.5],"texture":"#texture"},"south":{"uv":[1.5,9,14.5,9.5],"texture":"#texture"},"west":{"uv":[3.375,9,12.875,9.5],"texture":"#texture"},"east":{"uv":[3.125,9,12.625,9.5],"texture":"#texture"}}},{"from":[1.5,4,5.5],"to":[14.5,4.5,15],"faces":{"down":{"uv":[14.5,15,1.5,5.5],"texture":"#texture"},"up":{"uv":[1.5,5.5,14.5,15],"texture":"#texture"},"north":{"uv":[1.5,11.5,14.5,12],"texture":"#texture"},"south":{"uv":[1.5,11.5,14.5,12],"texture":"#texture"},"west":{"uv":[5.5,11.5,15,12],"texture":"#texture"},"east":{"uv":[1,11.5,10.5,12],"texture":"#texture"}}},{"from":[1.5,4.5,6],"to":[14.5,5,15.5],"faces":{"down":{"uv":[14.5,15.5,1.5,6],"texture":"#texture"},"up":{"uv":[1.5,6,14.5,15.5],"texture":"#texture"},"north":{"uv":[1.5,11,14.5,11.5],"texture":"#texture"},"south":{"uv":[1.5,11,14.5,11.5],"texture":"#texture"},"west":{"uv":[6,11,15.5,11.5],"texture":"#texture"},"east":{"uv":[0.5,11,10,11.5],"texture":"#texture"}}},{"from":[1.5,5.5,5.5],"to":[14.5,6,15],"faces":{"down":{"uv":[14.5,15,1.5,5.5],"texture":"#texture"},"up":{"uv":[1.5,5.5,14.5,15],"texture":"#texture"},"north":{"uv":[1.5,10,14.5,10.5],"texture":"#texture"},"south":{"uv":[1.5,10,14.5,10.5],"texture":"#texture"},"west":{"uv":[5.5,10,15,10.5],"texture":"#texture"},"east":{"uv":[1,10,10.5,10.5],"texture":"#texture"}}},{"from":[1.5,11,6],"to":[14.5,11.5,15.5],"faces":{"down":{"uv":[14.5,11.5,1.5,2],"texture":"#texture"},"up":{"uv":[3,6.5,16,16],"texture":"#texture"},"north":{"uv":[1.5,14.5,14.5,15],"texture":"#texture"},"south":{"uv":[1.5,14.5,14.5,15],"texture":"#texture"},"west":{"uv":[2,14.5,11.5,15],"texture":"#texture"},"east":{"uv":[4.5,14.5,14,15],"texture":"#texture"}}},{"from":[1.5,11.5,4.875],"to":[14.5,12,14.375],"faces":{"down":{"uv":[14.5,14.375,1.5,4.875],"texture":"#texture"},"up":{"uv":[0,0,13,9.5],"texture":"#texture"},"north":{"uv":[1.5,12,14.5,12.5],"texture":"#texture"},"south":{"uv":[1.5,12,14.5,12.5],"texture":"#texture"},"west":{"uv":[4.875,12,14.375,12.5],"texture":"#texture"},"east":{"uv":[1.625,12,11.125,12.5],"texture":"#texture"}}},{"from":[1.5,10,6],"to":[14.5,10.5,15.5],"faces":{"down":{"uv":[14.5,15.5,1.5,6],"texture":"#texture"},"up":{"uv":[1.5,6,14.5,15.5],"texture":"#texture"},"north":{"uv":[1.5,5.5,14.5,6],"texture":"#texture"},"south":{"uv":[1.5,5.5,14.5,6],"texture":"#texture"},"west":{"uv":[6,5.5,15.5,6],"texture":"#texture"},"east":{"uv":[0.5,5.5,10,6],"texture":"#texture"}}},{"from":[1.5,9,5.5],"to":[14.5,9.5,15],"faces":{"down":{"uv":[14.5,11.5,1.5,2],"texture":"#texture"},"up":{"uv":[1.5,2,14.5,11.5],"texture":"#texture"},"north":{"uv":[1.5,14.5,14.5,15],"texture":"#texture"},"south":{"uv":[1.5,14.5,14.5,15],"texture":"#texture"},"west":{"uv":[2,14.5,11.5,15],"texture":"#texture"},"east":{"uv":[4.5,14.5,14,15],"texture":"#texture"}}},{"from":[1.5,9.5,5.375],"to":[14.5,10,14.875],"faces":{"down":{"uv":[14.5,14.875,1.5,5.375],"texture":"#texture"},"up":{"uv":[1.5,5.375,14.5,14.875],"texture":"#texture"},"north":{"uv":[1.5,6,14.5,6.5],"texture":"#texture"},"south":{"uv":[1.5,6,14.5,6.5],"texture":"#texture"},"west":{"uv":[5.375,6,14.875,6.5],"texture":"#texture"},"east":{"uv":[1.125,6,10.625,6.5],"texture":"#texture"}}},{"from":[1.5,8,6],"to":[14.5,8.5,15.5],"faces":{"down":{"uv":[14.5,15.5,1.5,6],"texture":"#texture"},"up":{"uv":[1.5,6,14.5,15.5],"texture":"#texture"},"north":{"uv":[1.5,7.5,14.5,8],"texture":"#texture"},"south":{"uv":[1.5,7.5,14.5,8],"texture":"#texture"},"west":{"uv":[6,7.5,15.5,8],"texture":"#texture"},"east":{"uv":[0.5,7.5,10,8],"texture":"#texture"}}},{"from":[1.5,8.5,7],"to":[14.5,9,16.5],"faces":{"down":{"uv":[14.5,16,1.5,7],"texture":"#texture"},"up":{"uv":[1.5,7,14.5,16],"texture":"#texture"},"north":{"uv":[1.5,7,14.5,7.5],"texture":"#texture"},"south":{"uv":[1.5,7,14.5,7.5],"texture":"#texture"},"west":{"uv":[7,7,16,7.5],"texture":"#texture"},"east":{"uv":[0,7,9,7.5],"texture":"#texture"}}},{"from":[1.5,10.5,4.5],"to":[14.5,11,14],"faces":{"down":{"uv":[14.5,14,1.5,4.5],"texture":"#texture"},"up":{"uv":[1.5,4.5,14.5,14],"texture":"#texture"},"north":{"uv":[1.5,5,14.5,5.5],"texture":"#texture"},"south":{"uv":[1.5,5,14.5,5.5],"texture":"#texture"},"west":{"uv":[4.5,5,14,5.5],"texture":"#texture"},"east":{"uv":[2,5,11.5,5.5],"texture":"#texture"}}},{"from":[1.5,15,6],"to":[14.5,15.5,15.5],"faces":{"down":{"uv":[14.5,11.5,1.5,2],"texture":"#texture"},"up":{"uv":[3,6.5,16,16],"texture":"#texture"},"north":{"uv":[1.5,14.5,14.5,15],"texture":"#texture"},"south":{"uv":[1.5,14.5,14.5,15],"texture":"#texture"},"west":{"uv":[2,14.5,11.5,15],"texture":"#texture"},"east":{"uv":[4.5,14.5,14,15],"texture":"#texture"}}},{"from":[1.5,15.5,4.875],"to":[14.5,16,14.375],"faces":{"down":{"uv":[14.5,14.375,1.5,4.875],"texture":"#texture"},"up":{"uv":[0,0,13,9.5],"texture":"#texture"},"north":{"uv":[1.5,12,14.5,12.5],"texture":"#texture"},"south":{"uv":[1.5,12,14.5,12.5],"texture":"#texture"},"west":{"uv":[4.875,12,14.375,12.5],"texture":"#texture"},"east":{"uv":[1.625,12,11.125,12.5],"texture":"#texture"}}},{"from":[1.5,14,4.5],"to":[14.5,14.5,14],"faces":{"down":{"uv":[14.5,14,1.5,4.5],"texture":"#texture"},"up":{"uv":[1.5,4.5,14.5,14],"texture":"#texture"},"north":{"uv":[1.5,1.5,14.5,2],"texture":"#texture"},"south":{"uv":[1.5,1.5,14.5,2],"texture":"#texture"},"west":{"uv":[4.5,1.5,14,2],"texture":"#texture"},"east":{"uv":[2,1.5,11.5,2],"texture":"#texture"}}},{"from":[1.5,13,5.5],"to":[14.5,13.5,15],"faces":{"down":{"uv":[14.5,11.5,1.5,2],"texture":"#texture"},"up":{"uv":[1.5,2,14.5,11.5],"texture":"#texture"},"north":{"uv":[1.5,14.5,14.5,15],"texture":"#texture"},"south":{"uv":[1.5,14.5,14.5,15],"texture":"#texture"},"west":{"uv":[2,14.5,11.5,15],"texture":"#texture"},"east":{"uv":[4.5,14.5,14,15],"texture":"#texture"}}},{"from":[1.5,13.5,3.375],"to":[14.5,14,12.875],"faces":{"down":{"uv":[14.5,12.875,1.5,3.375],"texture":"#texture"},"up":{"uv":[1.5,3.375,14.5,12.875],"texture":"#texture"},"north":{"uv":[1.5,2,14.5,2.5],"texture":"#texture"},"south":{"uv":[1.5,2,14.5,2.5],"texture":"#texture"},"west":{"uv":[3.375,2,12.875,2.5],"texture":"#texture"},"east":{"uv":[3.125,2,12.625,2.5],"texture":"#texture"}}},{"from":[1.5,12,6],"to":[14.5,12.5,15.5],"faces":{"down":{"uv":[14.5,15.5,1.5,6],"texture":"#texture"},"up":{"uv":[1.5,6,14.5,15.5],"texture":"#texture"},"north":{"uv":[1.5,3.5,14.5,4],"texture":"#texture"},"south":{"uv":[1.5,3.5,14.5,4],"texture":"#texture"},"west":{"uv":[6,3.5,15.5,4],"texture":"#texture"},"east":{"uv":[0.5,3.5,10,4],"texture":"#texture"}}},{"from":[1.5,12.5,6],"to":[14.5,13,15.5],"faces":{"down":{"uv":[14.5,15.5,1.5,6],"texture":"#texture"},"up":{"uv":[1.5,6,14.5,15.5],"texture":"#texture"},"north":{"uv":[1.5,3,14.5,3.5],"texture":"#texture"},"south":{"uv":[1.5,3,14.5,3.5],"texture":"#texture"},"west":{"uv":[6,3,15.5,3.5],"texture":"#texture"},"east":{"uv":[0.5,3,10,3.5],"texture":"#texture"}}},{"from":[1.5,14.5,5.5],"to":[14.5,15,15],"faces":{"down":{"uv":[14.5,15,1.5,5.5],"texture":"#texture"},"up":{"uv":[1.5,5.5,14.5,15],"texture":"#texture"},"north":{"uv":[1.5,1,14.5,1.5],"texture":"#texture"},"south":{"uv":[1.5,1,14.5,1.5],"texture":"#texture"},"west":{"uv":[5.5,1,15,1.5],"texture":"#texture"},"east":{"uv":[1,1,10.5,1.5],"texture":"#texture"}}},{"from":[1,2.5,8.5],"to":[1.5625,5,11.125],"rotation":{"origin":[1,5,8.5],"axis":"x","angle":-22.5},"faces":{"down":{"uv":[15,12.25,14.4375,9.625],"texture":"#post it"},"up":{"uv":[1,9.625,1.5625,12.25],"texture":"#post it"},"north":{"uv":[14.4375,9,15,11.5],"texture":"#post it"},"south":{"uv":[1,9,1.5625,11.5],"texture":"#post it"},"west":{"uv":[0,0,16,16],"texture":"#post it"},"east":{"uv":[0,0,16,16],"texture":"#post it"}}}]}