{"textures":{"particle":"custom/photo2","texture":"custom/photo2"},"elements":[{"from":[8.5,0.0875,11.5],"to":[13.5,0.1875,18.5],"rotation":{"origin":[8.5,0.0875,11.5],"axis":"y","angle":22.5},"faces":{"down":{"uv":[11.5,11,6.5,4],"texture":"#texture"},"up":{"uv":[9.5,0.5,16,11],"texture":"#texture"},"north":{"uv":[8.5,0,13.5,1],"texture":"#texture"},"south":{"uv":[2.5,0,7.5,1],"texture":"#texture"},"west":{"uv":[1.5,0,8.5,1],"texture":"#texture"},"east":{"uv":[7.5,0,14.5,1],"texture":"#texture"}}}]}