{"textures":{"particle":"custom/selfie3","texture":"custom/selfie3"},"elements":[{"from":[3.5,0.025,10],"to":[8.5,0.125,17],"rotation":{"origin":[3.5,0.025,10],"axis":"y","angle":-45},"faces":{"down":{"uv":[8.5,11.5,3.5,4.5],"texture":"#texture"},"up":{"uv":[7,0,16,16],"texture":"#texture"},"north":{"uv":[9.5,15.5,14.5,16],"texture":"#texture"},"south":{"uv":[1.5,15.5,6.5,16],"texture":"#texture"},"west":{"uv":[3,15.5,10,16],"texture":"#texture"},"east":{"uv":[6,15.5,13,16],"texture":"#texture"}}}]}