{"textures":{"particle":"custom/photo2","texture":"custom/photo2"},"elements":[{"from":[2.44975,0.0875,2],"to":[7.44975,0.1875,9],"rotation":{"origin":[2.44975,0.0875,2],"axis":"y","angle":-45},"faces":{"down":{"uv":[11.5,11,6.5,4],"texture":"#texture"},"up":{"uv":[0,5.5,6,14.5],"texture":"#texture"},"north":{"uv":[8.5,0,13.5,1],"texture":"#texture"},"south":{"uv":[2.5,0,7.5,1],"texture":"#texture"},"west":{"uv":[1.5,0,8.5,1],"texture":"#texture"},"east":{"uv":[7.5,0,14.5,1],"texture":"#texture"}}}]}