{"textures":{"particle":"custom/brown","texture":"custom/brown","green clay":"custom/green","light gray":"custom/gray","glass":"custom/glass_trash","red clay":"custom/red","blue wool":"custom/blue","gray clay":"custom/gray"},"elements":[{"from":[4,0,12],"to":[7,0.5,15],"faces":{"down":{"uv":[12,15,9,12],"texture":"#green clay"},"up":{"uv":[4,12,7,15],"texture":"#green clay"},"north":{"uv":[9,15.5,12,16],"texture":"#green clay"},"south":{"uv":[4,15.5,7,16],"texture":"#green clay"},"west":{"uv":[12,15.5,15,16],"texture":"#green clay"},"east":{"uv":[1,15.5,4,16],"texture":"#green clay"}}},{"from":[4,0.5,12],"to":[7,4.5,12.5],"faces":{"down":{"uv":[12,12.5,9,12],"texture":"#green clay"},"up":{"uv":[4,12,7,12.5],"texture":"#green clay"},"north":{"uv":[9,11.5,12,15.5],"texture":"#green clay"},"south":{"uv":[4,11.5,7,15.5],"texture":"#green clay"},"west":{"uv":[12,11.5,12.5,15.5],"texture":"#green clay"},"east":{"uv":[3.5,11.5,4,15.5],"texture":"#green clay"}}},{"from":[4,0.5,14.5],"to":[7,4.5,15],"faces":{"down":{"uv":[12,15,9,14.5],"texture":"#green clay"},"up":{"uv":[4,14.5,7,15],"texture":"#green clay"},"north":{"uv":[9,11.5,12,15.5],"texture":"#green clay"},"south":{"uv":[4,11.5,7,15.5],"texture":"#green clay"},"west":{"uv":[14.5,11.5,15,15.5],"texture":"#green clay"},"east":{"uv":[1,11.5,1.5,15.5],"texture":"#green clay"}}},{"from":[4,0.5,12.5],"to":[4.5,4.5,14.5],"faces":{"down":{"uv":[12,14.5,11.5,12.5],"texture":"#green clay"},"up":{"uv":[4,12.5,4.5,14.5],"texture":"#green clay"},"north":{"uv":[11.5,11.5,12,15.5],"texture":"#green clay"},"south":{"uv":[4,11.5,4.5,15.5],"texture":"#green clay"},"west":{"uv":[12.5,11.5,14.5,15.5],"texture":"#green clay"},"east":{"uv":[1.5,11.5,3.5,15.5],"texture":"#green clay"}}},{"from":[6.5,0.5,12.5],"to":[7,4.5,14.5],"faces":{"down":{"uv":[9.5,14.5,9,12.5],"texture":"#green clay"},"up":{"uv":[6.5,12.5,7,14.5],"texture":"#green clay"},"north":{"uv":[9,11.5,9.5,15.5],"texture":"#green clay"},"south":{"uv":[6.5,11.5,7,15.5],"texture":"#green clay"},"west":{"uv":[12.5,11.5,14.5,15.5],"texture":"#green clay"},"east":{"uv":[1.5,11.5,3.5,15.5],"texture":"#green clay"}}},{"from":[5,3,11],"to":[6,3.5,12],"faces":{"down":{"uv":[11,12,10,11],"texture":"#green clay"},"up":{"uv":[5,11,6,12],"texture":"#green clay"},"north":{"uv":[10,12.5,11,13],"texture":"#green clay"},"south":{"uv":[5,12.5,6,13],"texture":"#green clay"},"west":{"uv":[11,12.5,12,13],"texture":"#green clay"},"east":{"uv":[4,12.5,5,13],"texture":"#green clay"}}},{"from":[5,1.5,10.5],"to":[6,3.5,11],"faces":{"down":{"uv":[11,11,10,10.5],"texture":"#green clay"},"up":{"uv":[5,10.5,6,11],"texture":"#green clay"},"north":{"uv":[10,12.5,11,14.5],"texture":"#green clay"},"south":{"uv":[5,12.5,6,14.5],"texture":"#green clay"},"west":{"uv":[10.5,12.5,11,14.5],"texture":"#green clay"},"east":{"uv":[5,12.5,5.5,14.5],"texture":"#green clay"}}},{"from":[5,1,11],"to":[6,1.5,12],"faces":{"down":{"uv":[11,12,10,11],"texture":"#green clay"},"up":{"uv":[5,11,6,12],"texture":"#green clay"},"north":{"uv":[10,14.5,11,15],"texture":"#green clay"},"south":{"uv":[5,14.5,6,15],"texture":"#green clay"},"west":{"uv":[11,14.5,12,15],"texture":"#green clay"},"east":{"uv":[4,14.5,5,15],"texture":"#green clay"}}},{"from":[4.5,0.5,12.5],"to":[6.5,4,14.5],"faces":{"down":{"uv":[11.5,14.5,9.5,12.5],"texture":"#texture"},"up":{"uv":[4.5,12.5,6.5,14.5],"texture":"#texture"},"north":{"uv":[9.5,12,11.5,15.5],"texture":"#texture"},"south":{"uv":[4.5,12,6.5,15.5],"texture":"#texture"},"west":{"uv":[12.5,12,14.5,15.5],"texture":"#texture"},"east":{"uv":[1.5,12,3.5,15.5],"texture":"#texture"}}},{"from":[9,0,1],"to":[14,1,9],"faces":{"down":{"uv":[7,9,2,1],"texture":"#light gray"},"up":{"uv":[9,1,14,9],"texture":"#light gray"},"north":{"uv":[2,15,7,16],"texture":"#light gray"},"south":{"uv":[9,15,14,16],"texture":"#light gray"},"west":{"uv":[1,15,9,16],"texture":"#light gray"},"east":{"uv":[7,15,15,16],"texture":"#light gray"}}},{"from":[9,1,1],"to":[14,8,2],"faces":{"down":{"uv":[7,2,2,1],"texture":"#light gray"},"up":{"uv":[9,1,14,2],"texture":"#light gray"},"north":{"uv":[2,8,7,15],"texture":"#light gray"},"south":{"uv":[9,8,14,15],"texture":"#light gray"},"west":{"uv":[1,8,2,15],"texture":"#light gray"},"east":{"uv":[14,8,15,15],"texture":"#light gray"}}},{"from":[9,8,1],"to":[14,10,8],"faces":{"down":{"uv":[7,8,2,1],"texture":"#light gray"},"up":{"uv":[9,1,14,8],"texture":"#light gray"},"north":{"uv":[2,6,7,8],"texture":"#light gray"},"south":{"uv":[9,6,14,8],"texture":"#light gray"},"west":{"uv":[1,6,8,8],"texture":"#light gray"},"east":{"uv":[8,6,15,8],"texture":"#light gray"}}},{"from":[9.5,7.5,4.5],"to":[13.5,8,7.5],"faces":{"down":{"uv":[6.5,7.5,2.5,4.5],"texture":"#light gray"},"up":{"uv":[9.5,4.5,13.5,7.5],"texture":"#light gray"},"north":{"uv":[2.5,8,6.5,8.5],"texture":"#light gray"},"south":{"uv":[9.5,8,13.5,8.5],"texture":"#light gray"},"west":{"uv":[4.5,8,7.5,8.5],"texture":"#light gray"},"east":{"uv":[8.5,8,11.5,8.5],"texture":"#light gray"}}},{"from":[10.75,6.5,5.25],"to":[12.25,7.5,6.75],"faces":{"down":{"uv":[5.25,6.75,3.75,5.25],"texture":"#light gray"},"up":{"uv":[10.75,5.25,12.25,6.75],"texture":"#light gray"},"north":{"uv":[3.75,8.5,5.25,9.5],"texture":"#light gray"},"south":{"uv":[10.75,8.5,12.25,9.5],"texture":"#light gray"},"west":{"uv":[5.25,8.5,6.75,9.5],"texture":"#light gray"},"east":{"uv":[9.25,8.5,10.75,9.5],"texture":"#light gray"}}},{"from":[9.5,1,4.5],"to":[13.5,1.5,8.5],"faces":{"down":{"uv":[6.5,8.5,2.5,4.5],"texture":"#gray clay"},"up":{"uv":[9.5,4.5,13.5,8.5],"texture":"#gray clay"},"north":{"uv":[2.5,14.5,6.5,15],"texture":"#gray clay"},"south":{"uv":[9.5,14.5,13.5,15],"texture":"#gray clay"},"west":{"uv":[4.5,14.5,8.5,15],"texture":"#gray clay"},"east":{"uv":[7.5,14.5,11.5,15],"texture":"#gray clay"}}},{"from":[9.5,1.5,4.5],"to":[13.5,5,8.5],"faces":{"down":{"uv":[6.5,8.5,2.5,4.5],"texture":"#texture"},"up":{"uv":[9.5,4.5,13.5,8.5],"texture":"#texture"},"north":{"uv":[2.5,11,6.5,14.5],"texture":"#texture"},"south":{"uv":[9.5,11,13.5,14.5],"texture":"#texture"},"west":{"uv":[4.5,11,8.5,14.5],"texture":"#texture"},"east":{"uv":[7.5,11,11.5,14.5],"texture":"#texture"}}},{"from":[9.5,5,4.5],"to":[10,6,8.5],"faces":{"down":{"uv":[6.5,8.5,6,4.5],"texture":"#gray clay"},"up":{"uv":[9.5,4.5,10,8.5],"texture":"#gray clay"},"north":{"uv":[6,10,6.5,11],"texture":"#gray clay"},"south":{"uv":[9.5,10,10,11],"texture":"#gray clay"},"west":{"uv":[4.5,10,8.5,11],"texture":"#gray clay"},"east":{"uv":[7.5,10,11.5,11],"texture":"#gray clay"}}},{"from":[13,5,4.5],"to":[13.5,6,8.5],"faces":{"down":{"uv":[3,8.5,2.5,4.5],"texture":"#gray clay"},"up":{"uv":[13,4.5,13.5,8.5],"texture":"#gray clay"},"north":{"uv":[2.5,10,3,11],"texture":"#gray clay"},"south":{"uv":[13,10,13.5,11],"texture":"#gray clay"},"west":{"uv":[4.5,10,8.5,11],"texture":"#gray clay"},"east":{"uv":[7.5,10,11.5,11],"texture":"#gray clay"}}},{"from":[10,5,8],"to":[13,6,8.5],"faces":{"down":{"uv":[6,8.5,3,8],"texture":"#gray clay"},"up":{"uv":[10,8,13,8.5],"texture":"#gray clay"},"north":{"uv":[3,10,6,11],"texture":"#gray clay"},"south":{"uv":[10,10,13,11],"texture":"#gray clay"},"west":{"uv":[8,10,8.5,11],"texture":"#gray clay"},"east":{"uv":[7.5,10,8,11],"texture":"#gray clay"}}},{"from":[10,5,4.5],"to":[13,6,5],"faces":{"down":{"uv":[6,5,3,4.5],"texture":"#gray clay"},"up":{"uv":[10,4.5,13,5],"texture":"#gray clay"},"north":{"uv":[3,10,6,11],"texture":"#gray clay"},"south":{"uv":[10,10,13,11],"texture":"#gray clay"},"west":{"uv":[4.5,10,5,11],"texture":"#gray clay"},"east":{"uv":[11,10,11.5,11],"texture":"#gray clay"}}},{"from":[8.5,5,6],"to":[9.5,6,7],"faces":{"down":{"uv":[7.5,7,6.5,6],"texture":"#gray clay"},"up":{"uv":[8.5,6,9.5,7],"texture":"#gray clay"},"north":{"uv":[6.5,10,7.5,11],"texture":"#gray clay"},"south":{"uv":[8.5,10,9.5,11],"texture":"#gray clay"},"west":{"uv":[6,10,7,11],"texture":"#gray clay"},"east":{"uv":[9,10,10,11],"texture":"#gray clay"}}},{"from":[7,5,6],"to":[8.5,5.5,7],"faces":{"down":{"uv":[9,7,7.5,6],"texture":"#gray clay"},"up":{"uv":[7,6,8.5,7],"texture":"#gray clay"},"north":{"uv":[7.5,10.5,9,11],"texture":"#gray clay"},"south":{"uv":[7,10.5,8.5,11],"texture":"#gray clay"},"west":{"uv":[6,10.5,7,11],"texture":"#gray clay"},"east":{"uv":[9,10.5,10,11],"texture":"#gray clay"}}},{"from":[8,5.5,6],"to":[8.5,6,7],"faces":{"down":{"uv":[8,7,7.5,6],"texture":"#gray clay"},"up":{"uv":[8,6,8.5,7],"texture":"#gray clay"},"north":{"uv":[7.5,10,8,10.5],"texture":"#gray clay"},"south":{"uv":[8,10,8.5,10.5],"texture":"#gray clay"},"west":{"uv":[6,10,7,10.5],"texture":"#gray clay"},"east":{"uv":[9,10,10,10.5],"texture":"#gray clay"}}},{"from":[7,2.5,6],"to":[7.5,5,7],"faces":{"down":{"uv":[9,7,8.5,6],"texture":"#gray clay"},"up":{"uv":[7,6,7.5,7],"texture":"#gray clay"},"north":{"uv":[8.5,11,9,13.5],"texture":"#gray clay"},"south":{"uv":[7,11,7.5,13.5],"texture":"#gray clay"},"west":{"uv":[6,11,7,13.5],"texture":"#gray clay"},"east":{"uv":[9,11,10,13.5],"texture":"#gray clay"}}},{"from":[11.25,5,5.875],"to":[11.75,6.5,6.375],"faces":{"down":{"uv":[4.75,6.375,4.25,5.875],"texture":"#texture"},"up":{"uv":[11.25,5.875,11.75,6.375],"texture":"#texture"},"north":{"uv":[4.25,9.5,4.75,11],"texture":"#texture"},"south":{"uv":[11.25,9.5,11.75,11],"texture":"#texture"},"west":{"uv":[5.875,9.5,6.375,11],"texture":"#texture"},"east":{"uv":[9.625,9.5,10.125,11],"texture":"#texture"}}},{"from":[9,1,3],"to":[14,8,4],"faces":{"down":{"uv":[7,4,2,3],"texture":"#light gray"},"up":{"uv":[9,3,14,4],"texture":"#light gray"},"north":{"uv":[2,8,7,15],"texture":"#light gray"},"south":{"uv":[9,8,14,15],"texture":"#light gray"},"west":{"uv":[3,8,4,15],"texture":"#light gray"},"east":{"uv":[12,8,13,15],"texture":"#light gray"}}},{"from":[9,1,2],"to":[14,4,3],"faces":{"down":{"uv":[7,3,2,2],"texture":"#light gray"},"up":{"uv":[9,2,14,3],"texture":"#light gray"},"north":{"uv":[2,12,7,15],"texture":"#light gray"},"south":{"uv":[9,12,14,15],"texture":"#light gray"},"west":{"uv":[2,12,3,15],"texture":"#light gray"},"east":{"uv":[13,12,14,15],"texture":"#light gray"}}},{"from":[9,7,2],"to":[14,8,3],"faces":{"down":{"uv":[7,3,2,2],"texture":"#light gray"},"up":{"uv":[9,2,14,3],"texture":"#light gray"},"north":{"uv":[2,8,7,9],"texture":"#light gray"},"south":{"uv":[9,8,14,9],"texture":"#light gray"},"west":{"uv":[2,8,3,9],"texture":"#light gray"},"east":{"uv":[13,8,14,9],"texture":"#light gray"}}},{"from":[10,4,2],"to":[14,7,3],"faces":{"down":{"uv":[6,3,2,2],"texture":"#light gray"},"up":{"uv":[10,2,14,3],"texture":"#light gray"},"north":{"uv":[2,9,6,12],"texture":"#light gray"},"south":{"uv":[10,9,14,12],"texture":"#light gray"},"west":{"uv":[2,9,3,12],"texture":"#light gray"},"east":{"uv":[13,9,14,12],"texture":"#light gray"}}},{"from":[9,4,2],"to":[10,7,3],"faces":{"down":{"uv":[7,3,6,2],"texture":"#glass"},"up":{"uv":[9,2,10,3],"texture":"#glass"},"north":{"uv":[6,9,7,12],"texture":"#glass"},"south":{"uv":[9,9,10,12],"texture":"#glass"},"west":{"uv":[2,9,3,12],"texture":"#glass"},"east":{"uv":[13,9,14,12],"texture":"#glass"}}},{"from":[8.5,1.5,2],"to":[9,3,3],"rotation":{"origin":[8.5,3,2],"axis":"z","angle":22.5},"faces":{"down":{"uv":[7.5,3,7,2],"texture":"#red clay"},"up":{"uv":[8.5,2,9,3],"texture":"#red clay"},"north":{"uv":[7,13,7.5,14.5],"texture":"#red clay"},"south":{"uv":[8.5,13,9,14.5],"texture":"#red clay"},"west":{"uv":[2,13,3,14.5],"texture":"#red clay"},"east":{"uv":[13,13,14,14.5],"texture":"#red clay"}}}]}