{"textures":{"particle":"custom/selfie","texture":"custom/selfie","selfie2":"custom/selfie2"},"elements":[{"from":[10.9498,0.025,6],"to":[15.9498,0.125,13],"rotation":{"origin":[10.9498,0.025,6],"axis":"y","angle":-45},"faces":{"down":{"uv":[9.5,10.5,4.5,3.5],"texture":"#texture"},"up":{"uv":[11.5,2,16,9],"texture":"#texture"},"north":{"uv":[0,15.5,5,16],"texture":"#texture"},"south":{"uv":[11,15.5,16,16],"texture":"#texture"},"west":{"uv":[6,15.5,13,16],"texture":"#texture"},"east":{"uv":[3,15.5,10,16],"texture":"#texture"}}},{"from":[1,0.025,3],"to":[6,0.125,10],"rotation":{"origin":[1,0.025,3],"axis":"y","angle":22.5},"faces":{"down":{"uv":[8.5,11.5,3.5,4.5],"texture":"#selfie2"},"up":{"uv":[10.5,7.5,15.5,14.5],"texture":"#selfie2"},"north":{"uv":[9.5,15.5,14.5,16],"texture":"#selfie2"},"south":{"uv":[1.5,15.5,6.5,16],"texture":"#selfie2"},"west":{"uv":[3,15.5,10,16],"texture":"#selfie2"},"east":{"uv":[6,15.5,13,16],"texture":"#selfie2"}}}]}