{"textures":{"particle":"custom/metal","texture":"custom/metal","glass":"custom/glass_trash"},"elements":[{"from":[1,0,1],"to":[15,2.5,15],"faces":{"down":{"uv":[15,15,1,1],"texture":"#texture","cullface":"down"},"up":{"uv":[1,1,15,15],"texture":"#texture"},"north":{"uv":[1,13.5,15,16],"texture":"#texture"},"south":{"uv":[1,13.5,15,16],"texture":"#texture"},"west":{"uv":[1,13.5,15,16],"texture":"#texture"},"east":{"uv":[1,13.5,15,16],"texture":"#texture"}}},{"from":[1,15.5,1],"to":[15,17,3.5],"faces":{"up":{"uv":[1,1,15,3.5],"texture":"#texture","cullface":"up"},"north":{"uv":[1,0,15,0.5],"texture":"#texture","cullface":"up"},"south":{"uv":[1,0,15,0.5],"texture":"#texture","cullface":"up"},"west":{"uv":[1,0,3.5,0.5],"texture":"#texture","cullface":"up"},"east":{"uv":[12.5,0,15,0.5],"texture":"#texture","cullface":"up"}}},{"from":[1,15.5,12.5],"to":[15,17,15],"faces":{"up":{"uv":[1,12.5,15,15],"texture":"#texture","cullface":"up"},"north":{"uv":[1,0,15,0.5],"texture":"#texture","cullface":"up"},"south":{"uv":[1,0,15,0.5],"texture":"#texture","cullface":"up"},"west":{"uv":[12.5,0,15,0.5],"texture":"#texture","cullface":"up"},"east":{"uv":[1,0,3.5,0.5],"texture":"#texture","cullface":"up"}}},{"from":[1,15.5,3.5],"to":[3.5,17,12.5],"faces":{"up":{"uv":[1,3.5,3.5,12.5],"texture":"#texture","cullface":"up"},"west":{"uv":[3.5,0,12.5,0.5],"texture":"#texture","cullface":"up"},"east":{"uv":[3.5,0,12.5,0.5],"texture":"#texture","cullface":"up"}}},{"from":[12.5,15.5,3.5],"to":[15,17,12.5],"faces":{"up":{"uv":[12.5,3.5,15,12.5],"texture":"#texture","cullface":"up"},"west":{"uv":[3.5,0,12.5,0.5],"texture":"#texture","cullface":"up"},"east":{"uv":[3.5,0,12.5,0.5],"texture":"#texture","cullface":"up"}}},{"from":[1,10,5.5],"to":[2,11,6.5],"faces":{"down":{"uv":[15,6.5,14,5.5],"texture":"#glass"},"up":{"uv":[1,5.5,2,6.5],"texture":"#glass"},"north":{"uv":[14,5,15,6],"texture":"#glass"},"south":{"uv":[1,5,2,6],"texture":"#glass"},"west":{"uv":[5.5,5,6.5,6],"texture":"#glass"},"east":{"uv":[9.5,5,10.5,6],"texture":"#glass"}}},{"from":[1,6.5,3.5],"to":[2,7.5,4.5],"faces":{"down":{"uv":[15,4.5,14,3.5],"texture":"#glass"},"up":{"uv":[1,3.5,2,4.5],"texture":"#glass"},"north":{"uv":[14,8.5,15,9.5],"texture":"#glass"},"south":{"uv":[1,8.5,2,9.5],"texture":"#glass"},"west":{"uv":[3.5,8.5,4.5,9.5],"texture":"#glass"},"east":{"uv":[11.5,8.5,12.5,9.5],"texture":"#glass"}}},{"from":[1,5,8.5],"to":[2,6,9.5],"faces":{"down":{"uv":[15,9.5,14,8.5],"texture":"#glass"},"up":{"uv":[1,8.5,2,9.5],"texture":"#glass"},"north":{"uv":[14,10,15,11],"texture":"#glass"},"south":{"uv":[1,10,2,11],"texture":"#glass"},"west":{"uv":[8.5,10,9.5,11],"texture":"#glass"},"east":{"uv":[6.5,10,7.5,11],"texture":"#glass"}}},{"from":[1,9,10],"to":[2,10,11],"faces":{"down":{"uv":[15,11,14,10],"texture":"#glass"},"up":{"uv":[1,10,2,11],"texture":"#glass"},"north":{"uv":[14,6,15,7],"texture":"#glass"},"south":{"uv":[1,6,2,7],"texture":"#glass"},"west":{"uv":[10,6,11,7],"texture":"#glass"},"east":{"uv":[5,6,6,7],"texture":"#glass"}}},{"from":[1,2.5,1],"to":[2,15.5,2],"faces":{"north":{"uv":[14,0.5,15,13.5],"texture":"#texture"},"south":{"uv":[1,0.5,2,13.5],"texture":"#texture"},"west":{"uv":[1,0.5,2,13.5],"texture":"#texture"},"east":{"uv":[14,0.5,15,13.5],"texture":"#texture"}}},{"from":[14,2.5,1],"to":[15,15.5,2],"faces":{"north":{"uv":[1,0.5,2,13.5],"texture":"#texture"},"south":{"uv":[14,0.5,15,13.5],"texture":"#texture"},"west":{"uv":[1,0.5,2,13.5],"texture":"#texture"},"east":{"uv":[14,0.5,15,13.5],"texture":"#texture"}}},{"from":[1,2.5,14],"to":[2,15.5,15],"faces":{"north":{"uv":[14,0.5,15,13.5],"texture":"#texture"},"south":{"uv":[1,0.5,2,13.5],"texture":"#texture"},"west":{"uv":[14,0.5,15,13.5],"texture":"#texture"},"east":{"uv":[1,0.5,2,13.5],"texture":"#texture"}}},{"from":[14,2.5,14],"to":[15,15.5,15],"faces":{"north":{"uv":[1,0.5,2,13.5],"texture":"#texture"},"south":{"uv":[14,0.5,15,13.5],"texture":"#texture"},"west":{"uv":[14,0.5,15,13.5],"texture":"#texture"},"east":{"uv":[1,0.5,2,13.5],"texture":"#texture"}}},{"from":[3,9,1],"to":[4,10,2],"faces":{"down":{"uv":[13,2,12,1],"texture":"#glass"},"up":{"uv":[3,1,4,2],"texture":"#glass"},"north":{"uv":[12,6,13,7],"texture":"#glass"},"south":{"uv":[3,6,4,7],"texture":"#glass"},"west":{"uv":[1,6,2,7],"texture":"#glass"},"east":{"uv":[14,6,15,7],"texture":"#glass"}}},{"from":[7,10,1],"to":[8,11,2],"faces":{"down":{"uv":[9,2,8,1],"texture":"#glass"},"up":{"uv":[7,1,8,2],"texture":"#glass"},"north":{"uv":[8,5,9,6],"texture":"#glass"},"south":{"uv":[7,5,8,6],"texture":"#glass"},"west":{"uv":[1,5,2,6],"texture":"#glass"},"east":{"uv":[14,5,15,6],"texture":"#glass"}}},{"from":[9,5.5,1],"to":[10,6.5,2],"faces":{"down":{"uv":[7,2,6,1],"texture":"#glass"},"up":{"uv":[9,1,10,2],"texture":"#glass"},"north":{"uv":[6,9.5,7,10.5],"texture":"#glass"},"south":{"uv":[9,9.5,10,10.5],"texture":"#glass"},"west":{"uv":[1,9.5,2,10.5],"texture":"#glass"},"east":{"uv":[14,9.5,15,10.5],"texture":"#glass"}}},{"from":[14,8.5,6],"to":[15,9.5,7],"faces":{"down":{"uv":[2,7,1,6],"texture":"#glass"},"up":{"uv":[14,6,15,7],"texture":"#glass"},"north":{"uv":[1,6.5,2,7.5],"texture":"#glass"},"south":{"uv":[14,6.5,15,7.5],"texture":"#glass"},"west":{"uv":[6,6.5,7,7.5],"texture":"#glass"},"east":{"uv":[9,6.5,10,7.5],"texture":"#glass"}}},{"from":[14,3.5,10],"to":[15,4.5,11],"faces":{"down":{"uv":[2,11,1,10],"texture":"#glass"},"up":{"uv":[14,10,15,11],"texture":"#glass"},"north":{"uv":[1,11.5,2,12.5],"texture":"#glass"},"south":{"uv":[14,11.5,15,12.5],"texture":"#glass"},"west":{"uv":[10,11.5,11,12.5],"texture":"#glass"},"east":{"uv":[5,11.5,6,12.5],"texture":"#glass"}}},{"from":[14,5.5,5.5],"to":[15,6.5,6.5],"faces":{"down":{"uv":[2,6.5,1,5.5],"texture":"#glass"},"up":{"uv":[14,5.5,15,6.5],"texture":"#glass"},"north":{"uv":[1,9.5,2,10.5],"texture":"#glass"},"south":{"uv":[14,9.5,15,10.5],"texture":"#glass"},"west":{"uv":[5.5,9.5,6.5,10.5],"texture":"#glass"},"east":{"uv":[9.5,9.5,10.5,10.5],"texture":"#glass"}}},{"from":[14,9.5,9.5],"to":[15,10.5,10.5],"faces":{"down":{"uv":[2,10.5,1,9.5],"texture":"#glass"},"up":{"uv":[14,9.5,15,10.5],"texture":"#glass"},"north":{"uv":[1,5.5,2,6.5],"texture":"#glass"},"south":{"uv":[14,5.5,15,6.5],"texture":"#glass"},"west":{"uv":[9.5,5.5,10.5,6.5],"texture":"#glass"},"east":{"uv":[5.5,5.5,6.5,6.5],"texture":"#glass"}}},{"from":[9,10.5,1],"to":[10,11.5,2],"faces":{"down":{"uv":[7,2,6,1],"texture":"#glass"},"up":{"uv":[9,1,10,2],"texture":"#glass"},"north":{"uv":[6,4.5,7,5.5],"texture":"#glass"},"south":{"uv":[9,4.5,10,5.5],"texture":"#glass"},"west":{"uv":[1,4.5,2,5.5],"texture":"#glass"},"east":{"uv":[14,4.5,15,5.5],"texture":"#glass"}}},{"from":[5,6,14],"to":[6,7,15],"faces":{"down":{"uv":[11,15,10,14],"texture":"#glass"},"up":{"uv":[5,14,6,15],"texture":"#glass"},"north":{"uv":[10,9,11,10],"texture":"#glass"},"south":{"uv":[5,9,6,10],"texture":"#glass"},"west":{"uv":[14,9,15,10],"texture":"#glass"},"east":{"uv":[1,9,2,10],"texture":"#glass"}}},{"from":[10.5,4.5,14],"to":[11.5,5.5,15],"faces":{"down":{"uv":[5.5,15,4.5,14],"texture":"#glass"},"up":{"uv":[10.5,14,11.5,15],"texture":"#glass"},"north":{"uv":[4.5,10.5,5.5,11.5],"texture":"#glass"},"south":{"uv":[10.5,10.5,11.5,11.5],"texture":"#glass"},"west":{"uv":[14,10.5,15,11.5],"texture":"#glass"},"east":{"uv":[1,10.5,2,11.5],"texture":"#glass"}}},{"from":[10.5,13,14],"to":[11.5,14,15],"faces":{"down":{"uv":[5.5,15,4.5,14],"texture":"#glass"},"up":{"uv":[10.5,14,11.5,15],"texture":"#glass"},"north":{"uv":[4.5,2,5.5,3],"texture":"#glass"},"south":{"uv":[10.5,2,11.5,3],"texture":"#glass"},"west":{"uv":[14,2,15,3],"texture":"#glass"},"east":{"uv":[1,2,2,3],"texture":"#glass"}}},{"from":[4,12.5,14],"to":[5,13.5,15],"faces":{"down":{"uv":[12,15,11,14],"texture":"#glass"},"up":{"uv":[4,14,5,15],"texture":"#glass"},"north":{"uv":[11,2.5,12,3.5],"texture":"#glass"},"south":{"uv":[4,2.5,5,3.5],"texture":"#glass"},"west":{"uv":[14,2.5,15,3.5],"texture":"#glass"},"east":{"uv":[1,2.5,2,3.5],"texture":"#glass"}}},{"from":[14,12.5,10],"to":[15,13.5,11],"faces":{"down":{"uv":[2,11,1,10],"texture":"#glass"},"up":{"uv":[14,10,15,11],"texture":"#glass"},"north":{"uv":[1,2.5,2,3.5],"texture":"#glass"},"south":{"uv":[14,2.5,15,3.5],"texture":"#glass"},"west":{"uv":[10,2.5,11,3.5],"texture":"#glass"},"east":{"uv":[5,2.5,6,3.5],"texture":"#glass"}}},{"from":[14,12.5,7],"to":[15,13.5,8],"faces":{"down":{"uv":[2,8,1,7],"texture":"#glass"},"up":{"uv":[14,7,15,8],"texture":"#glass"},"north":{"uv":[1,2.5,2,3.5],"texture":"#glass"},"south":{"uv":[14,2.5,15,3.5],"texture":"#glass"},"west":{"uv":[7,2.5,8,3.5],"texture":"#glass"},"east":{"uv":[8,2.5,9,3.5],"texture":"#glass"}}},{"from":[1,12.5,4],"to":[2,13.5,5],"faces":{"down":{"uv":[15,5,14,4],"texture":"#glass"},"up":{"uv":[1,4,2,5],"texture":"#glass"},"north":{"uv":[14,2.5,15,3.5],"texture":"#glass"},"south":{"uv":[1,2.5,2,3.5],"texture":"#glass"},"west":{"uv":[4,2.5,5,3.5],"texture":"#glass"},"east":{"uv":[11,2.5,12,3.5],"texture":"#glass"}}},{"from":[12,9.5,14],"to":[13,10.5,15],"faces":{"down":{"uv":[4,15,3,14],"texture":"#glass"},"up":{"uv":[12,14,13,15],"texture":"#glass"},"north":{"uv":[3,5.5,4,6.5],"texture":"#glass"},"south":{"uv":[12,5.5,13,6.5],"texture":"#glass"},"west":{"uv":[14,5.5,15,6.5],"texture":"#glass"},"east":{"uv":[1,5.5,2,6.5],"texture":"#glass"}}},{"from":[1,10,7.5],"to":[2,11,8.5],"faces":{"down":{"uv":[15,8.5,14,7.5],"texture":"#glass"},"up":{"uv":[1,7.5,2,8.5],"texture":"#glass"},"north":{"uv":[14,5,15,6],"texture":"#glass"},"south":{"uv":[1,5,2,6],"texture":"#glass"},"west":{"uv":[7.5,5,8.5,6],"texture":"#glass"},"east":{"uv":[7.5,5,8.5,6],"texture":"#glass"}}},{"from":[6.5,12.5,1],"to":[7.5,13.5,2],"faces":{"down":{"uv":[9.5,2,8.5,1],"texture":"#glass"},"up":{"uv":[6.5,1,7.5,2],"texture":"#glass"},"north":{"uv":[8.5,2.5,9.5,3.5],"texture":"#glass"},"south":{"uv":[6.5,2.5,7.5,3.5],"texture":"#glass"},"west":{"uv":[1,2.5,2,3.5],"texture":"#glass"},"east":{"uv":[14,2.5,15,3.5],"texture":"#glass"}}},{"from":[10.5,9.5,1],"to":[11.5,10.5,2],"faces":{"down":{"uv":[5.5,2,4.5,1],"texture":"#glass"},"up":{"uv":[10.5,1,11.5,2],"texture":"#glass"},"north":{"uv":[4.5,5.5,5.5,6.5],"texture":"#glass"},"south":{"uv":[10.5,5.5,11.5,6.5],"texture":"#glass"},"west":{"uv":[1,5.5,2,6.5],"texture":"#glass"},"east":{"uv":[14,5.5,15,6.5],"texture":"#glass"}}}]}