{"textures":{"particle":"custom/dark_iron","texture":"custom/dark_iron","black iron":"custom/iron_top","keyboard":"custom/keyboard"},"elements":[{"from":[7,0.75,2],"to":[10.75,12.75,14],"faces":{"down":{"uv":[12,8,4,5.5],"rotation":270,"texture":"#texture"},"up":{"uv":[4,5.5,12,8],"rotation":90,"texture":"#texture"},"north":{"uv":[5.5,7.5,8,15.5],"texture":"#texture"},"south":{"uv":[8,7.5,10.5,15.5],"texture":"#texture"},"west":{"uv":[4,7.5,12,15.5],"texture":"#texture"},"east":{"uv":[4,7.5,12,15.5],"texture":"#texture"}}},{"from":[5.5,11.25,2],"to":[7,12.75,14],"faces":{"down":{"uv":[12,9,4,8],"rotation":270,"texture":"#texture"},"up":{"uv":[4,8,12,9],"rotation":90,"texture":"#texture"},"north":{"uv":[8,7.5,9,8.5],"texture":"#texture"},"south":{"uv":[7,7.5,8,8.5],"texture":"#texture"},"west":{"uv":[4,7.5,12,8.5],"texture":"#texture"}}},{"from":[5.5,2.25,2],"to":[7,11.25,3.5],"faces":{"north":{"uv":[8,8.5,9,14.5],"texture":"#texture"},"south":{"uv":[7,8.5,8,14.5],"texture":"#texture"},"west":{"uv":[4,8.5,5,14.5],"texture":"#texture"}}},{"from":[5.5,2.25,12.5],"to":[7,11.25,14],"faces":{"north":{"uv":[8,8.5,9,14.5],"texture":"#texture"},"south":{"uv":[7,8.5,8,14.5],"texture":"#texture"},"west":{"uv":[11,8.5,12,14.5],"texture":"#texture"}}},{"from":[5.5,0.75,2],"to":[7,2.25,14],"faces":{"down":{"uv":[12,9,4,8],"rotation":270,"texture":"#texture"},"up":{"uv":[4,8,12,9],"rotation":90,"texture":"#texture"},"north":{"uv":[8,14.5,9,15.5],"texture":"#texture"},"south":{"uv":[7,14.5,8,15.5],"texture":"#texture"},"west":{"uv":[4,14.5,12,15.5],"texture":"#texture"}}},{"from":[6.25,2.25,3.5],"to":[7,11.25,12.5],"faces":{"west":{"uv":[0,0,16,16],"texture":"#screen"}}},{"from":[10.75,0.75,2.5],"to":[15.75,12,13.5],"faces":{"down":{"uv":[11.5,5.5,4.5,1],"rotation":270,"texture":"#texture"},"up":{"uv":[4.5,1,11.5,5.5],"rotation":90,"texture":"#texture"},"north":{"uv":[1,8,5.5,15.5],"texture":"#texture"},"south":{"uv":[10.5,8,15,15.5],"texture":"#texture"},"east":{"uv":[4.5,8,11.5,15.5],"texture":"#texture"}}},{"from":[10,0,3.5],"to":[15.5,0.75,12.5],"faces":{"down":{"uv":[11,6,5,1],"rotation":270,"texture":"#texture","cullface":"down"},"up":{"uv":[5,1,11,6],"rotation":90,"texture":"#texture"},"north":{"uv":[1,15.5,6,16],"texture":"#texture"},"south":{"uv":[10,15.5,15,16],"texture":"#texture"},"west":{"uv":[5,15.5,11,16],"texture":"#texture"},"east":{"uv":[5,15.5,11,16],"texture":"#texture"}}},{"from":[0.5,0,3],"to":[4.8125,0.75,11.9375],"faces":{"down":{"uv":[15,15,6,11],"rotation":270,"texture":"#black iron","cullface":"down"},"up":{"uv":[16,16,0,0],"texture":"#keyboard"},"north":{"uv":[11,15.5,15,16],"texture":"#black iron"},"south":{"uv":[1,15.5,5,16],"texture":"#black iron"},"west":{"uv":[1,15.5,10,16],"texture":"#black iron"},"east":{"uv":[6,15.5,15,16],"texture":"#black iron"}}},{"from":[2,0.0625,13],"to":[4.4375,0.8125,14.5],"faces":{"down":{"uv":[3.5,14.5,1.5,11.5],"rotation":270,"texture":"#texture"},"up":{"uv":[12.5,11.5,14.5,14.5],"rotation":90,"texture":"#texture"},"north":{"uv":[11.5,15,14.5,16],"texture":"#texture"},"south":{"uv":[1.5,15,4.5,16],"texture":"#texture"},"west":{"uv":[12.5,15,14.5,16],"texture":"#texture"},"east":{"uv":[1.5,15,3.5,16],"texture":"#texture"}}},{"from":[3,0.7875,13.5],"to":[4,0.9375,14],"faces":{"up":{"uv":[13.300000190734863,12,13.800000190734863,13],"rotation":90,"texture":"#black iron"},"north":{"uv":[12,14.899999618530273,13,15],"texture":"#black iron"},"south":{"uv":[3,14.899999618530273,4,15],"texture":"#black iron"},"west":{"uv":[13.300000190734863,14.899999618530273,13.800000190734863,15],"texture":"#black iron"},"east":{"uv":[2.2000000476837158,14.899999618530273,2.7000000476837158,15],"texture":"#black iron"}}},{"from":[1,-0.00375,5.5],"to":[8.375,0.09,5.6875],"faces":{"down":{"uv":[9.32,12.86,9.2375,5.36],"rotation":270,"texture":"#black iron","cullface":"down"},"up":{"uv":[6.679999828338623,5.3600001335144043,6.7624998092651367,12.859999656677246],"rotation":90,"texture":"#black iron","cullface":"down"},"north":{"uv":[5.3600001335144043,15.939999580383301,12.859999656677246,16],"texture":"#black iron","cullface":"down"},"south":{"uv":[3.1400001049041748,15.939999580383301,10.640000343322754,16],"texture":"#black iron","cullface":"down"},"west":{"uv":[6.679999828338623,15.939999580383301,6.7624998092651367,16],"texture":"#black iron","cullface":"down"},"east":{"uv":[9.2375001907348633,15.939999580383301,9.3199996948242187,16],"texture":"#black iron","cullface":"down"}}}]}