{"textures":{"particle":"custom/dark_iron","texture":"custom/dark_iron","screen1":"custom/screen3"},"elements":[{"__comment":"Support","from":[6,0,5],"to":[9.5,1,11],"faces":{"down":{"uv":[11,9.5,5,6],"rotation":90,"texture":"#texture","cullface":"down"},"up":{"uv":[5,6,11,9.5],"rotation":270,"texture":"#texture"},"north":{"uv":[6.5,15,10,16],"texture":"#texture"},"south":{"uv":[6,15,9.5,16],"texture":"#texture"},"west":{"uv":[5,15,11,16],"texture":"#texture"},"east":{"uv":[5,15,11,16],"texture":"#texture"}}},{"__comment":"Support","from":[6.5,1,7],"to":[8,3.5,9],"faces":{"up":{"uv":[7,6.5,9,8],"rotation":270,"texture":"#texture"},"north":{"uv":[8,12.5,9.5,15],"texture":"#texture"},"south":{"uv":[6.5,12.5,8,15],"texture":"#texture"},"west":{"uv":[7,12.5,9,15],"texture":"#texture"},"east":{"uv":[7,12.5,9,15],"texture":"#texture"}}},{"__comment":"Support","from":[6,3.5,7],"to":[7.5,4,9],"faces":{"down":{"uv":[9,7.625,7,6.125],"rotation":90,"texture":"#texture"},"up":{"uv":[7,6.125,9,7.625],"rotation":270,"texture":"#texture"},"north":{"uv":[8.375,12,9.875,12.5],"texture":"#texture"},"south":{"uv":[6.125,12,7.625,12.5],"texture":"#texture"},"east":{"uv":[7,12,9,12.5],"texture":"#texture"}}},{"__comment":"Support","from":[5,4,1],"to":[5.5,15,15],"faces":{"down":{"uv":[14.9375,5.6875,0.9375,5.1875],"rotation":90,"texture":"#texture"},"up":{"uv":[1.0625,5.1875,15.0625,5.6875],"rotation":270,"texture":"#texture"},"north":{"uv":[10.3125,1,10.8125,12],"texture":"#texture"},"south":{"uv":[5.1875,1,5.6875,12],"texture":"#texture"},"west":{"uv":[0.9375,1,14.9375,12],"texture":"#texture"},"east":{"uv":[1.0625,1,15.0625,12],"texture":"#texture"}}},{"__comment":"Support","from":[5.5,3.5,7],"to":[6,6,9],"faces":{"up":{"uv":[7,5.6875,9,6.1875],"rotation":270,"texture":"#texture"},"north":{"uv":[9.8125,10,10.3125,12.5],"texture":"#texture"},"south":{"uv":[5.6875,10,6.1875,12.5],"texture":"#texture"},"east":{"uv":[7,10,9,12.5],"texture":"#texture"}}},{"__comment":"Screen","from":[4.9375,4.5,1.5],"to":[5.125,14.5,14.5],"faces":{"down":{"uv":[2.5,9,15.5,9.1875],"rotation":90,"texture":"#screen1"},"up":{"uv":[1.5,9.5,14.5,9.6875],"rotation":270,"texture":"#screen1"},"north":{"uv":[0,1,0.1875,11],"texture":"#screen1"},"south":{"uv":[0,5.5,0.1875,15.5],"texture":"#screen1"},"west":{"uv":[1,1,15,12],"texture":"#screen1"},"east":{"uv":[1,1,15,12],"texture":"#screen1"}}}]}