{"ambientocclusion":false,"elements":[{"from":[0,0,0],"to":[16,16,16],"faces":{"down":{"uv":[16,16,0,0],"texture":"#data","cullface":"down"},"up":{"uv":[0,0,16,16],"texture":"#data","cullface":"up"},"north":{"uv":[0,0,16,16],"texture":"#data","cullface":"north"},"south":{"uv":[0,0,16,16],"texture":"#data","cullface":"south"},"west":{"uv":[0,0,16,16],"texture":"#data","cullface":"west"},"east":{"uv":[0,0,16,16],"texture":"#data","cullface":"east"}}},{"from":[1,16,1],"to":[15,17,15],"faces":{"up":{"uv":[1,1,15,15],"texture":"#data_type","cullface":"up"},"north":{"uv":[1,0,15,0],"texture":"#data_type","cullface":"up"},"south":{"uv":[1,0,15,0],"texture":"#data_type","cullface":"up"},"west":{"uv":[1,0,15,0],"texture":"#data_type","cullface":"up"},"east":{"uv":[1,0,15,0],"texture":"#data_type","cullface":"up"}}},{"from":[2,17,2],"to":[3,17.5,3],"faces":{"up":{"uv":[2,2,3,3],"texture":"#data_pic","cullface":"up"},"north":{"uv":[13,0,14,0],"texture":"#data_pic","cullface":"up"},"south":{"uv":[2,0,3,0],"texture":"#data_pic","cullface":"up"},"west":{"uv":[2,0,3,0],"texture":"#data_pic","cullface":"up"},"east":{"uv":[13,0,14,0],"texture":"#data_pic","cullface":"up"}}},{"from":[13,17,2],"to":[14,17.5,3],"faces":{"up":{"uv":[13,2,14,3],"texture":"#data_pic","cullface":"up"},"north":{"uv":[2,0,3,0],"texture":"#data_pic","cullface":"up"},"south":{"uv":[13,0,14,0],"texture":"#data_pic","cullface":"up"},"west":{"uv":[2,0,3,0],"texture":"#data_pic","cullface":"up"},"east":{"uv":[13,0,14,0],"texture":"#data_pic","cullface":"up"}}},{"from":[2,17,13],"to":[3,17.5,14],"faces":{"up":{"uv":[2,13,3,14],"texture":"#data_pic","cullface":"up"},"north":{"uv":[13,0,14,0],"texture":"#data_pic","cullface":"up"},"south":{"uv":[2,0,3,0],"texture":"#data_pic","cullface":"up"},"west":{"uv":[13,0,14,0],"texture":"#data_pic","cullface":"up"},"east":{"uv":[2,0,3,0],"texture":"#data_pic","cullface":"up"}}},{"from":[13,17,13],"to":[14,17.5,14],"faces":{"up":{"uv":[13,13,14,14],"texture":"#data_pic","cullface":"up"},"north":{"uv":[2,0,3,0],"texture":"#data_pic","cullface":"up"},"south":{"uv":[13,0,14,0],"texture":"#data_pic","cullface":"up"},"west":{"uv":[13,0,14,0],"texture":"#data_pic","cullface":"up"},"east":{"uv":[2,0,3,0],"texture":"#data_pic","cullface":"up"}}}]}