{"textures":{"particle":"blocks/hardened_clay_stained_white","hardened_clay_stained_white":"blocks/hardened_clay_stained_white","hardened_clay_stained_light_blue":"blocks/hardened_clay_stained_light_blue","log_birch":"blocks/log_birch"},"elements":[{"from":[0,0,0],"to":[16,16,1],"faces":{"down":{"uv":[0.3125,0,0,0.0625],"texture":"#hardened_clay_stained_white"},"up":{"uv":[0,0,0.3125,0.0625],"texture":"#hardened_clay_stained_white"},"north":{"uv":[0,0,0.3125,0.3125],"texture":"#hardened_clay_stained_white"},"south":{"uv":[0,0,0.3125,0.3125],"texture":"#hardened_clay_stained_white"},"west":{"uv":[0,0,0.0625,0.3125],"texture":"#hardened_clay_stained_white"},"east":{"uv":[0,0,0.0625,0.3125],"texture":"#hardened_clay_stained_white"}}},{"from":[0,0,1],"to":[1,16,15],"faces":{"down":{"uv":[0.3125,0,0,0.0625],"texture":"#hardened_clay_stained_white"},"up":{"uv":[0,0,0.3125,0.0625],"texture":"#hardened_clay_stained_white"},"north":{"uv":[0,0,0.3125,0.3125],"texture":"#hardened_clay_stained_white"},"south":{"uv":[0,0,0.3125,0.3125],"texture":"#hardened_clay_stained_white"},"west":{"uv":[0.03125,0,0.09375,0.3125],"texture":"#hardened_clay_stained_white"},"east":{"uv":[0.03125,0,0.09375,0.3125],"texture":"#hardened_clay_stained_white"}}},{"from":[15,0,1],"to":[16,16,15],"faces":{"down":{"uv":[0.3125,0,0,0.0625],"texture":"#hardened_clay_stained_white"},"up":{"uv":[0,0,0.3125,0.0625],"texture":"#hardened_clay_stained_white"},"north":{"uv":[0,0,0.3125,0.3125],"texture":"#hardened_clay_stained_white"},"south":{"uv":[0,0,0.3125,0.3125],"texture":"#hardened_clay_stained_white"},"west":{"uv":[0,0,0.0625,0.3125],"texture":"#hardened_clay_stained_white"},"east":{"uv":[0,0,0.0625,0.3125],"texture":"#hardened_clay_stained_white"}}},{"from":[1,0,1],"to":[15,9.5,15],"faces":{"down":{"uv":[0.34375,0,0.65625,0.3125],"texture":"#hardened_clay_stained_light_blue"},"up":{"uv":[0.34375,0,0.65625,0.3125],"texture":"#hardened_clay_stained_light_blue"},"north":{"uv":[0.34375,0,0.65625,0.3125],"texture":"#hardened_clay_stained_light_blue"},"south":{"uv":[0.34375,0,0.65625,0.3125],"texture":"#hardened_clay_stained_light_blue"},"west":{"uv":[0.34375,0,0.65625,0.3125],"texture":"#hardened_clay_stained_light_blue"},"east":{"uv":[0.34375,0,0.65625,0.3125],"texture":"#hardened_clay_stained_light_blue"}}},{"from":[11.5,9.5,12],"to":[12.5,10.5,13],"faces":{"down":{"uv":[0.34375,0,0.65625,0.3125],"texture":"#hardened_clay_stained_light_blue"},"up":{"uv":[0.34375,0,0.65625,0.3125],"texture":"#hardened_clay_stained_light_blue"},"north":{"uv":[0.34375,0,0.65625,0.3125],"texture":"#hardened_clay_stained_light_blue"},"south":{"uv":[0.34375,0,0.65625,0.3125],"texture":"#hardened_clay_stained_light_blue"},"west":{"uv":[0.34375,0,0.65625,0.3125],"texture":"#hardened_clay_stained_light_blue"},"east":{"uv":[0.34375,0,0.65625,0.3125],"texture":"#hardened_clay_stained_light_blue"}}},{"from":[4,13,15],"to":[12,17,16],"rotation":{"origin":[4,17,15],"axis":"x","angle":-22.5},"faces":{"down":{"uv":[4,15,12,16],"texture":"#log_birch"},"up":{"uv":[4,15,12,16],"texture":"#log_birch"},"north":{"uv":[1,3.5,8,6.5],"texture":"#log_birch"},"south":{"uv":[1,3.5,8,6.5],"texture":"#log_birch"},"west":{"uv":[15,0,16,4],"texture":"#log_birch"},"east":{"uv":[15,0,16,4],"texture":"#log_birch"}}},{"from":[6.5,17.5,6],"to":[7.5,18.5,7],"faces":{"down":{"uv":[0.34375,0,0.65625,0.3125],"texture":"#hardened_clay_stained_light_blue"},"up":{"uv":[0.34375,0,0.65625,0.3125],"texture":"#hardened_clay_stained_light_blue"},"north":{"uv":[0.34375,0,0.65625,0.3125],"texture":"#hardened_clay_stained_light_blue"},"south":{"uv":[0.34375,0,0.65625,0.3125],"texture":"#hardened_clay_stained_light_blue"},"west":{"uv":[0.34375,0,0.65625,0.3125],"texture":"#hardened_clay_stained_light_blue"},"east":{"uv":[0.34375,0,0.65625,0.3125],"texture":"#hardened_clay_stained_light_blue"}}},{"from":[7.5,16,9],"to":[8.5,17,10],"faces":{"down":{"uv":[0.34375,0,0.65625,0.3125],"texture":"#hardened_clay_stained_light_blue"},"up":{"uv":[0.34375,0,0.65625,0.3125],"texture":"#hardened_clay_stained_light_blue"},"north":{"uv":[0.34375,0,0.65625,0.3125],"texture":"#hardened_clay_stained_light_blue"},"south":{"uv":[0.34375,0,0.65625,0.3125],"texture":"#hardened_clay_stained_light_blue"},"west":{"uv":[0.34375,0,0.65625,0.3125],"texture":"#hardened_clay_stained_light_blue"},"east":{"uv":[0.34375,0,0.65625,0.3125],"texture":"#hardened_clay_stained_light_blue"}}},{"from":[10.5,14.5,7.5],"to":[11.5,15.5,8.5],"faces":{"down":{"uv":[0.34375,0,0.65625,0.3125],"texture":"#hardened_clay_stained_light_blue"},"up":{"uv":[0.34375,0,0.65625,0.3125],"texture":"#hardened_clay_stained_light_blue"},"north":{"uv":[0.34375,0,0.65625,0.3125],"texture":"#hardened_clay_stained_light_blue"},"south":{"uv":[0.34375,0,0.65625,0.3125],"texture":"#hardened_clay_stained_light_blue"},"west":{"uv":[0.34375,0,0.65625,0.3125],"texture":"#hardened_clay_stained_light_blue"},"east":{"uv":[0.34375,0,0.65625,0.3125],"texture":"#hardened_clay_stained_light_blue"}}},{"from":[11,14,4.5],"to":[12,15,5.5],"faces":{"down":{"uv":[0.34375,0,0.65625,0.3125],"texture":"#hardened_clay_stained_light_blue"},"up":{"uv":[0.34375,0,0.65625,0.3125],"texture":"#hardened_clay_stained_light_blue"},"north":{"uv":[0.34375,0,0.65625,0.3125],"texture":"#hardened_clay_stained_light_blue"},"south":{"uv":[0.34375,0,0.65625,0.3125],"texture":"#hardened_clay_stained_light_blue"},"west":{"uv":[0.34375,0,0.65625,0.3125],"texture":"#hardened_clay_stained_light_blue"},"east":{"uv":[0.34375,0,0.65625,0.3125],"texture":"#hardened_clay_stained_light_blue"}}},{"from":[7,13,3],"to":[8,14,4],"faces":{"down":{"uv":[0.34375,0,0.65625,0.3125],"texture":"#hardened_clay_stained_light_blue"},"up":{"uv":[0.34375,0,0.65625,0.3125],"texture":"#hardened_clay_stained_light_blue"},"north":{"uv":[0.34375,0,0.65625,0.3125],"texture":"#hardened_clay_stained_light_blue"},"south":{"uv":[0.34375,0,0.65625,0.3125],"texture":"#hardened_clay_stained_light_blue"},"west":{"uv":[0.34375,0,0.65625,0.3125],"texture":"#hardened_clay_stained_light_blue"},"east":{"uv":[0.34375,0,0.65625,0.3125],"texture":"#hardened_clay_stained_light_blue"}}},{"from":[4,12,4.5],"to":[5,13,5.5],"faces":{"down":{"uv":[0.34375,0,0.65625,0.3125],"texture":"#hardened_clay_stained_light_blue"},"up":{"uv":[0.34375,0,0.65625,0.3125],"texture":"#hardened_clay_stained_light_blue"},"north":{"uv":[0.34375,0,0.65625,0.3125],"texture":"#hardened_clay_stained_light_blue"},"south":{"uv":[0.34375,0,0.65625,0.3125],"texture":"#hardened_clay_stained_light_blue"},"west":{"uv":[0.34375,0,0.65625,0.3125],"texture":"#hardened_clay_stained_light_blue"},"east":{"uv":[0.34375,0,0.65625,0.3125],"texture":"#hardened_clay_stained_light_blue"}}},{"from":[4,11,8],"to":[5,12,9],"faces":{"down":{"uv":[0.34375,0,0.65625,0.3125],"texture":"#hardened_clay_stained_light_blue"},"up":{"uv":[0.34375,0,0.65625,0.3125],"texture":"#hardened_clay_stained_light_blue"},"north":{"uv":[0.34375,0,0.65625,0.3125],"texture":"#hardened_clay_stained_light_blue"},"south":{"uv":[0.34375,0,0.65625,0.3125],"texture":"#hardened_clay_stained_light_blue"},"west":{"uv":[0.34375,0,0.65625,0.3125],"texture":"#hardened_clay_stained_light_blue"},"east":{"uv":[0.34375,0,0.65625,0.3125],"texture":"#hardened_clay_stained_light_blue"}}},{"from":[7,10.5,11],"to":[8,11.5,12],"faces":{"down":{"uv":[0.34375,0,0.65625,0.3125],"texture":"#hardened_clay_stained_light_blue"},"up":{"uv":[0.34375,0,0.65625,0.3125],"texture":"#hardened_clay_stained_light_blue"},"north":{"uv":[0.34375,0,0.65625,0.3125],"texture":"#hardened_clay_stained_light_blue"},"south":{"uv":[0.34375,0,0.65625,0.3125],"texture":"#hardened_clay_stained_light_blue"},"west":{"uv":[0.34375,0,0.65625,0.3125],"texture":"#hardened_clay_stained_light_blue"},"east":{"uv":[0.34375,0,0.65625,0.3125],"texture":"#hardened_clay_stained_light_blue"}}},{"from":[0,0,15],"to":[16,16,16],"faces":{"down":{"uv":[16,16,0,15],"texture":"#hardened_clay_stained_white"},"up":{"uv":[0,15,16,16],"texture":"#hardened_clay_stained_white"},"north":{"uv":[0,0,16,16],"texture":"#hardened_clay_stained_white"},"south":{"uv":[0,0,16,16],"texture":"#hardened_clay_stained_white"},"west":{"uv":[15,0,16,16],"texture":"#hardened_clay_stained_white"},"east":{"uv":[0,0,1,16],"texture":"#hardened_clay_stained_white"}}}]}