{"textures":{"texture":"makershack/paper"},"elements":[{"from":[10.5,10,1.5],"to":[11.5,13,2],"faces":{"down":{"uv":[5.5,2,4.5,1.5],"texture":"#texture"},"up":{"uv":[10.5,1.5,11.5,2],"texture":"#texture"},"north":{"uv":[4.5,3,5.5,6],"texture":"#texture"},"south":{"uv":[10.5,3,11.5,6],"texture":"#texture"},"west":{"uv":[1.5,3,2,6],"texture":"#texture"},"east":{"uv":[14,3,14.5,6],"texture":"#texture"}}},{"from":[9.5,11,1.5],"to":[10.5,12,2],"faces":{"down":{"uv":[6.5,2,5.5,1.5],"texture":"#texture"},"up":{"uv":[9.5,1.5,10.5,2],"texture":"#texture"},"north":{"uv":[5.5,4,6.5,5],"texture":"#texture"},"south":{"uv":[9.5,4,10.5,5],"texture":"#texture"},"west":{"uv":[1.5,4,2,5],"texture":"#texture"},"east":{"uv":[14,4,14.5,5],"texture":"#texture"}}},{"from":[11.5,11,1.5],"to":[12.5,12,2],"faces":{"down":{"uv":[4.5,2,3.5,1.5],"texture":"#texture"},"up":{"uv":[11.5,1.5,12.5,2],"texture":"#texture"},"north":{"uv":[3.5,4,4.5,5],"texture":"#texture"},"south":{"uv":[11.5,4,12.5,5],"texture":"#texture"},"west":{"uv":[1.5,4,2,5],"texture":"#texture"},"east":{"uv":[14,4,14.5,5],"texture":"#texture"}}}]}