{"textures":{"particle":"custom/metal"},"elements":[{"from":[4.5,15,0],"to":[11.5,16,9],"faces":{"down":{"uv":[7,0,9,9],"texture":"#texture"},"up":{"uv":[7,0,9,9],"texture":"#texture"},"north":{"uv":[7,1,9,4],"texture":"#texture","cullface":"north"},"west":{"uv":[0,1,9,4],"texture":"#texture"},"east":{"uv":[0,1,9,4],"texture":"#texture"}}},{"from":[4.5,0,0],"to":[11.5,1,9],"faces":{"down":{"uv":[7,0,9,9],"texture":"#texture"},"up":{"uv":[7,0,9,9],"texture":"#texture"},"north":{"uv":[7,7,9,10],"texture":"#texture","cullface":"north"},"west":{"uv":[0,7,9,10],"texture":"#texture"},"east":{"uv":[0,7,9,10],"texture":"#texture"}}},{"from":[6.5,13,0],"to":[9.5,15,1],"faces":{"down":{"uv":[9.5,1,6.5,0],"texture":"#texture"},"up":{"uv":[6.5,0,9.5,1],"texture":"#texture"},"north":{"uv":[6.5,1,9.5,3],"texture":"#texture"},"south":{"uv":[6.5,1,9.5,3],"texture":"#texture"},"west":{"uv":[0,1,1,3],"texture":"#texture"},"east":{"uv":[15,1,16,3],"texture":"#texture"}}},{"from":[7,13.5,1],"to":[9,15,2],"faces":{"down":{"uv":[9,2,7,1],"texture":"#texture"},"up":{"uv":[7,1,9,2],"texture":"#texture"},"north":{"uv":[7,1,9,2.5],"texture":"#texture"},"south":{"uv":[7,1,9,2.5],"texture":"#texture"},"west":{"uv":[1,1,2,2.5],"texture":"#texture"},"east":{"uv":[14,1,15,2.5],"texture":"#texture"}}},{"from":[6.5,1,0],"to":[9.5,3,1],"faces":{"down":{"uv":[9.5,1,6.5,0],"texture":"#texture"},"up":{"uv":[6.5,0,9.5,1],"texture":"#texture"},"north":{"uv":[6.5,13,9.5,15],"texture":"#texture"},"south":{"uv":[6.5,13,9.5,15],"texture":"#texture"},"west":{"uv":[0,13,1,15],"texture":"#texture"},"east":{"uv":[15,13,16,15],"texture":"#texture"}}},{"from":[7,1,1],"to":[9,2.5,2],"faces":{"down":{"uv":[9,2,7,1],"texture":"#texture"},"up":{"uv":[7,1,9,2],"texture":"#texture"},"north":{"uv":[7,13.5,9,15],"texture":"#texture"},"south":{"uv":[7,13.5,9,15],"texture":"#texture"},"west":{"uv":[1,13.5,2,15],"texture":"#texture"},"east":{"uv":[14,13.5,15,15],"texture":"#texture"}}}]}