{"ambientocclusion":false,"textures":{"particle":"custom/dirty_white","texture":"custom/dirty_white","blue wool":"custom/blue","light gray":"custom/gray"},"elements":[{"from":[2.9375,0,6.0625],"to":[13.0625,6.75,19.5625],"faces":{"down":{"uv":[13.0615,15.999,2.9385,6.0635],"texture":"#texture"},"up":{"uv":[2.9385,6.0635,13.0615,15.999],"texture":"#texture"},"north":{"uv":[2.9385,9.251,13.0615,15.999],"texture":"#texture"},"south":{"uv":[2.9385,9.251,13.0615,15.999],"texture":"#texture"},"west":{"uv":[6.0635,9.251,15.999,15.999],"texture":"#texture"},"east":{"uv":[0.001,9.251,9.9365,15.999],"texture":"#texture"}}},{"from":[2.9375,6.75,8.59375],"to":[4.625,9.28125,22.0938],"faces":{"down":{"uv":[13.0615,15.999,11.376,8.59475],"texture":"#texture"},"up":{"uv":[2.9385,8.59475,4.624,15.999],"texture":"#texture"},"north":{"uv":[11.376,6.71975,13.0615,9.249],"texture":"#texture"},"south":{"uv":[2.9385,6.71975,4.624,9.249],"texture":"#texture"},"west":{"uv":[8.59475,6.71975,15.999,9.249],"texture":"#texture"},"east":{"uv":[0.001,6.71975,7.40525,9.249],"texture":"#texture"}}},{"from":[4.625,6.75,20.4063],"to":[11.375,9.28125,22.0938],"faces":{"down":{"uv":[11.374,15.999,4.626,16.001],"texture":"#texture"},"up":{"uv":[4.626,15.999,11.374,16.001],"texture":"#texture"},"north":{"uv":[4.626,6.71975,11.374,9.249],"texture":"#texture"},"south":{"uv":[4.626,6.71975,11.374,9.249],"texture":"#texture"},"west":{"uv":[15.999,6.71975,16.001,9.249],"texture":"#texture"},"east":{"uv":[-0.001,6.71975,0.001,9.249],"texture":"#texture"}}},{"from":[10.5313,6.75,8.59375],"to":[13.0625,9.28125,22.0938],"faces":{"down":{"uv":[5.46775,15.999,2.9385,8.59475],"texture":"#texture"},"up":{"uv":[10.5323,8.59475,13.0615,15.999],"texture":"#texture"},"north":{"uv":[2.9385,6.71975,5.46775,9.249],"texture":"#texture"},"south":{"uv":[10.5323,6.71975,13.0615,9.249],"texture":"#texture"},"west":{"uv":[8.59475,6.71975,15.999,9.249],"texture":"#texture"},"east":{"uv":[0.001,6.71975,7.40525,9.249],"texture":"#texture"}}},{"from":[4.625,6.75,8.59375],"to":[10.5313,9.28125,12.8125],"faces":{"down":{"uv":[11.374,12.8115,5.46975,8.59475],"texture":"#texture"},"up":{"uv":[4.626,8.59475,10.5303,12.8115],"texture":"#texture"},"north":{"uv":[5.46975,6.71975,11.374,9.249],"texture":"#texture"},"south":{"uv":[4.626,6.71975,10.5303,9.249],"texture":"#texture"},"west":{"uv":[8.59475,6.71975,12.8115,9.249],"texture":"#texture"},"east":{"uv":[3.1885,6.71975,7.40525,9.249],"texture":"#texture"}}},{"from":[2.9375,3.375,19.0352],"to":[13.0625,7.59375,21.5664],"rotation":{"origin":[2.9375,7.59375,19.0352],"axis":"x","angle":22.5},"faces":{"down":{"uv":[10.499,11.999,5.501,11.001],"texture":"#texture"},"up":{"uv":[5.501,11.001,10.499,11.999],"texture":"#texture"},"north":{"uv":[5.501,12.001,10.499,13.499],"texture":"#texture"},"south":{"uv":[5.501,12.001,10.499,13.499],"texture":"#texture"},"west":{"uv":[11.001,12.001,11.999,13.499],"texture":"#texture"},"east":{"uv":[4.001,12.001,4.999,13.499],"texture":"#texture"}}},{"from":[2.09375,9.28125,11.9688],"to":[5.46875,10.125,21.25],"faces":{"down":{"uv":[13.9053,15.999,10.5323,11.9698],"texture":"#texture"},"up":{"uv":[2.09475,11.9698,5.46775,15.999],"texture":"#texture"},"north":{"uv":[10.5323,5.876,13.9053,6.71775],"texture":"#texture"},"south":{"uv":[2.09475,5.876,5.46775,6.71775],"texture":"#texture"},"west":{"uv":[11.9698,5.876,15.999,6.71775],"texture":"#texture"},"east":{"uv":[0.001,5.876,4.03025,6.71775],"texture":"#texture"}}},{"from":[10.5313,9.28125,11.9688],"to":[13.9063,10.125,21.25],"faces":{"down":{"uv":[5.46775,15.999,2.09475,11.9698],"texture":"#texture"},"up":{"uv":[10.5323,11.9698,13.9053,15.999],"texture":"#texture"},"north":{"uv":[2.09475,5.876,5.46775,6.71775],"texture":"#texture"},"south":{"uv":[10.5323,5.876,13.9053,6.71775],"texture":"#texture"},"west":{"uv":[11.9698,5.876,15.999,6.71775],"texture":"#texture"},"east":{"uv":[0.001,5.876,4.03025,6.71775],"texture":"#texture"}}},{"from":[5.46875,9.28125,19.5625],"to":[10.5313,10.125,22.9375],"faces":{"down":{"uv":[10.5303,15.999,5.46975,16.001],"texture":"#texture"},"up":{"uv":[5.46975,15.999,10.5303,16.001],"texture":"#texture"},"north":{"uv":[5.46975,5.876,10.5303,6.71775],"texture":"#texture"},"south":{"uv":[5.46975,5.876,10.5303,6.71775],"texture":"#texture"},"west":{"uv":[15.999,5.876,16.001,6.71775],"texture":"#texture"},"east":{"uv":[-0.001,5.876,0.001,6.71775],"texture":"#texture"}}},{"from":[5.46875,9.28125,12.8125],"to":[10.5313,10.125,13.6563],"faces":{"down":{"uv":[10.5303,13.6553,5.46975,12.8135],"texture":"#texture"},"up":{"uv":[5.46975,12.8135,10.5303,13.6553],"texture":"#texture"},"north":{"uv":[5.46975,5.876,10.5303,6.71775],"texture":"#texture"},"south":{"uv":[5.46975,5.876,10.5303,6.71775],"texture":"#texture"},"west":{"uv":[12.8135,5.876,13.6553,6.71775],"texture":"#texture"},"east":{"uv":[2.34475,5.876,3.1865,6.71775],"texture":"#texture"}}},{"from":[2.9375,9.28125,5.21875],"to":[13.0625,10.125,12.8125],"faces":{"down":{"uv":[13.0615,12.8115,2.9385,5.21975],"texture":"#texture"},"up":{"uv":[2.9385,5.21975,13.0615,12.8115],"texture":"#texture"},"north":{"uv":[2.9385,5.876,13.0615,6.71775],"texture":"#texture"},"south":{"uv":[2.9385,5.876,13.0615,6.71775],"texture":"#texture"},"west":{"uv":[5.21975,5.876,12.8115,6.71775],"texture":"#texture"},"east":{"uv":[3.1885,5.876,10.7803,6.71775],"texture":"#texture"}}},{"from":[2.9375,6.75,5.21875],"to":[13.0625,9.28125,8.59375],"faces":{"down":{"uv":[10.999,4.499,5.001,2.501],"texture":"#texture"},"up":{"uv":[5.001,2.501,10.999,4.499],"texture":"#texture"},"north":{"uv":[5.001,10.501,10.999,11.999],"texture":"#texture"},"south":{"uv":[5.001,10.501,10.999,11.999],"texture":"#texture"},"west":{"uv":[2.501,10.501,4.499,11.999],"texture":"#texture"},"east":{"uv":[11.501,10.501,13.499,11.999],"texture":"#texture"}}},{"from":[1.25,9.28125,0.15625],"to":[14.75,25.3125,5.21875],"faces":{"down":{"uv":[14.749,5.21775,1.251,0.15725],"texture":"#texture"},"up":{"uv":[1.251,0.15725,14.749,5.21775],"texture":"#texture"},"north":{"uv":[1.251,0.001,14.749,6.71775],"texture":"#texture"},"south":{"uv":[1.251,0.001,14.749,6.71775],"texture":"#texture"},"west":{"uv":[0.15725,0.001,5.21775,6.71775],"texture":"#texture"},"east":{"uv":[10.7823,0.001,15.8428,6.71775],"texture":"#texture"}}},{"from":[2.09375,9.17578,3.42578],"to":[13.9063,10.8633,7.64453],"rotation":{"origin":[2.09375,10.8633,3.42578],"axis":"x","angle":22.5},"faces":{"down":{"uv":[10.999,2.499,5.001,0.501],"texture":"#texture"},"up":{"uv":[5.001,0.501,10.999,2.499],"texture":"#texture"},"north":{"uv":[5.001,10.501,10.999,10.999],"texture":"#texture"},"south":{"uv":[5.001,10.501,10.999,10.999],"texture":"#texture"},"west":{"uv":[0.501,10.501,2.499,10.999],"texture":"#texture"},"east":{"uv":[13.501,10.501,15.499,10.999],"texture":"#texture"}}},{"from":[4.625,10.125,11.125],"to":[6.3125,10.9688,12.8125],"faces":{"down":{"uv":[11.374,12.8115,9.6885,11.126],"texture":"#texture"},"up":{"uv":[4.626,11.126,6.3115,12.8115],"texture":"#texture"},"north":{"uv":[9.6885,5.03225,11.374,5.874],"texture":"#texture"},"south":{"uv":[4.626,5.03225,6.3115,5.874],"texture":"#texture"},"west":{"uv":[11.126,5.03225,12.8115,5.874],"texture":"#texture"},"east":{"uv":[3.1885,5.03225,4.874,5.874],"texture":"#texture"}}},{"from":[9.6875,10.125,11.125],"to":[11.375,10.9688,12.8125],"faces":{"down":{"uv":[6.3115,12.8115,4.626,11.126],"texture":"#texture"},"up":{"uv":[9.6885,11.126,11.374,12.8115],"texture":"#texture"},"north":{"uv":[4.626,5.03225,6.3115,5.874],"texture":"#texture"},"south":{"uv":[9.6885,5.03225,11.374,5.874],"texture":"#texture"},"west":{"uv":[11.126,5.03225,12.8115,5.874],"texture":"#texture"},"east":{"uv":[3.1885,5.03225,4.874,5.874],"texture":"#texture"}}},{"from":[3.78125,9.28125,5.21875],"to":[12.2188,21.9375,6.90625],"rotation":{"origin":[3.78125,21.9375,5.21875],"axis":"x","angle":-22.5},"faces":{"down":{"uv":[15.999,5.499,16.001,4.501],"texture":"#texture"},"up":{"uv":[-0.001,4.501,0.001,5.499],"texture":"#texture"},"north":{"uv":[15.999,2.501,16.001,9.999],"texture":"#texture"},"south":{"uv":[-0.001,2.501,0.001,9.999],"texture":"#texture"},"west":{"uv":[4.501,2.501,5.499,9.999],"texture":"#texture"},"east":{"uv":[10.501,2.501,11.499,9.999],"texture":"#texture"}}},{"from":[2.9375,5.0625,5.21875],"to":[13.0625,6.75,6.90625],"faces":{"down":{"uv":[15.999,1.999,16.001,1.001],"texture":"#texture"},"up":{"uv":[-0.001,1.001,0.001,1.999],"texture":"#texture"},"north":{"uv":[15.999,12.001,16.001,12.999],"texture":"#texture"},"south":{"uv":[-0.001,12.001,0.001,12.999],"texture":"#texture"},"west":{"uv":[1.001,12.001,1.999,12.999],"texture":"#texture"},"east":{"uv":[14.001,12.001,14.999,12.999],"texture":"#texture"}}},{"from":[4.625,6.75,12.8125],"to":[11.375,7.59375,21.25],"faces":{"down":{"uv":[11.374,15.999,4.626,12.8135],"texture":"#blue wool"},"up":{"uv":[4.626,12.8135,11.374,15.999],"texture":"#blue wool"},"north":{"uv":[4.626,8.40725,11.374,9.249],"texture":"#blue wool"},"south":{"uv":[4.626,8.40725,11.374,9.249],"texture":"#blue wool"},"west":{"uv":[12.8135,8.40725,15.999,9.249],"texture":"#blue wool"},"east":{"uv":[0.001,8.40725,3.1865,9.249],"texture":"#blue wool"}}},{"from":[0.40625,25.3125,-0.6875],"to":[15.5938,26.1563,5.21875],"faces":{"down":{"uv":[15.5928,5.21775,0.40725,0.001],"texture":"#texture"},"up":{"uv":[0.40725,0.001,15.5928,5.21775],"texture":"#texture"},"north":{"uv":[0.40725,-0.001,15.5928,0.001],"texture":"#texture"},"south":{"uv":[0.40725,-0.001,15.5928,0.001],"texture":"#texture"},"west":{"uv":[0.001,-0.001,5.21775,0.001],"texture":"#texture"},"east":{"uv":[10.7823,-0.001,15.999,0.001],"texture":"#texture"}}},{"from":[2.09375,25.3125,5.21875],"to":[13.9063,26.1563,6.0625],"faces":{"down":{"uv":[13.9053,6.0615,2.09475,5.21975],"texture":"#texture"},"up":{"uv":[2.09475,5.21975,13.9053,6.0615],"texture":"#texture"},"north":{"uv":[2.09475,-0.001,13.9053,0.001],"texture":"#texture"},"south":{"uv":[2.09475,-0.001,13.9053,0.001],"texture":"#texture"},"west":{"uv":[5.21975,-0.001,6.0615,0.001],"texture":"#texture"},"east":{"uv":[9.9385,-0.001,10.7803,0.001],"texture":"#texture"}}},{"from":[0.40625,18.5625,3.53125],"to":[1.25,21.9375,5.21875],"rotation":{"origin":[0.40625,21.9375,3.53125],"axis":"x","angle":-22.5},"faces":{"down":{"uv":[13.499,1.999,12.501,1.001],"texture":"#light gray"},"up":{"uv":[2.501,1.001,3.499,1.999],"texture":"#light gray"},"north":{"uv":[12.501,2.501,13.499,3.999],"texture":"#light gray"},"south":{"uv":[2.501,2.501,3.499,3.999],"texture":"#light gray"},"west":{"uv":[1.001,2.501,1.999,3.999],"texture":"#light gray"},"east":{"uv":[14.001,2.501,14.999,3.999],"texture":"#light gray"}}},{"from":[2.9375,9.28125,21.25],"to":[5.46875,10.125,22.0938],"faces":{"down":{"uv":[13.0615,15.999,10.5323,16.001],"texture":"#texture"},"up":{"uv":[2.9385,15.999,5.46775,16.001],"texture":"#texture"},"north":{"uv":[10.5323,5.876,13.0615,6.71775],"texture":"#texture"},"south":{"uv":[2.9385,5.876,5.46775,6.71775],"texture":"#texture"},"west":{"uv":[15.999,5.876,16.001,6.71775],"texture":"#texture"},"east":{"uv":[-0.001,5.876,0.001,6.71775],"texture":"#texture"}}},{"from":[10.5313,9.28125,21.25],"to":[13.0625,10.125,22.0938],"faces":{"down":{"uv":[5.46775,15.999,2.9385,16.001],"texture":"#texture"},"up":{"uv":[10.5323,15.999,13.0615,16.001],"texture":"#texture"},"north":{"uv":[2.9385,5.876,5.46775,6.71775],"texture":"#texture"},"south":{"uv":[10.5323,5.876,13.0615,6.71775],"texture":"#texture"},"west":{"uv":[15.999,5.876,16.001,6.71775],"texture":"#texture"},"east":{"uv":[-0.001,5.876,0.001,6.71775],"texture":"#texture"}}},{"from":[4.625,9.28125,22.0938],"to":[5.46875,10.125,22.9375],"faces":{"down":{"uv":[11.374,15.999,10.5323,16.001],"texture":"#texture"},"up":{"uv":[4.626,15.999,5.46775,16.001],"texture":"#texture"},"north":{"uv":[10.5323,5.876,11.374,6.71775],"texture":"#texture"},"south":{"uv":[4.626,5.876,5.46775,6.71775],"texture":"#texture"},"west":{"uv":[15.999,5.876,16.001,6.71775],"texture":"#texture"},"east":{"uv":[-0.001,5.876,0.001,6.71775],"texture":"#texture"}}},{"from":[10.5313,9.28125,22.0938],"to":[11.375,10.125,22.9375],"faces":{"down":{"uv":[5.46775,15.999,4.626,16.001],"texture":"#texture"},"up":{"uv":[10.5323,15.999,11.374,16.001],"texture":"#texture"},"north":{"uv":[4.626,5.876,5.46775,6.71775],"texture":"#texture"},"south":{"uv":[10.5323,5.876,11.374,6.71775],"texture":"#texture"},"west":{"uv":[15.999,5.876,16.001,6.71775],"texture":"#texture"},"east":{"uv":[-0.001,5.876,0.001,6.71775],"texture":"#texture"}}}]}