{"textures":{"particle":"blocks/prismarine_dark","texture":"blocks/prismarine_dark","brick":"blocks/brick","iron_top":"custom/iron_top","metal":"custom/metal","log_acacia_top":"blocks/log_acacia_top","log_birch":"blocks/log_birch","data_energy":"custom/data_energy"},"elements":[{"from":[0,0,0],"to":[16,8,16],"faces":{"down":{"uv":[16,16,0,0],"texture":"#texture"},"up":{"uv":[0,0,16,16],"texture":"#texture"},"north":{"uv":[0,8,16,16],"texture":"#texture"},"south":{"uv":[0,8,16,16],"texture":"#texture"},"west":{"uv":[0,8,16,16],"texture":"#texture"},"east":{"uv":[0,8,16,16],"texture":"#texture"}}},{"from":[0,8,0],"to":[16,11,16],"faces":{"down":{"uv":[16,16,0,0],"texture":"#texture"},"up":{"uv":[0,0,16,16],"texture":"#texture"},"north":{"uv":[0,5,16,8],"texture":"#texture"},"south":{"uv":[0,5,16,8],"texture":"#texture"},"west":{"uv":[0,5,16,8],"texture":"#texture"},"east":{"uv":[0,5,16,8],"texture":"#texture"}}},{"from":[2,11,2],"to":[14,15,16],"faces":{"down":{"uv":[12,15,4,14],"texture":"#texture"},"up":{"uv":[4,14,12,15],"texture":"#texture"},"north":{"uv":[4,2,12,5],"texture":"#texture"},"south":{"uv":[4,2,12,5],"texture":"#texture"},"west":{"uv":[14,2,15,5],"texture":"#texture"},"east":{"uv":[1,2,2,5],"texture":"#texture"}}},{"from":[3,15,4],"to":[13,16,16],"faces":{"down":{"uv":[13,16,3,4],"texture":"#texture"},"up":{"uv":[3,4,13,16],"texture":"#texture"},"north":{"uv":[3,0,13,1],"texture":"#texture"},"south":{"uv":[3,0,13,1],"texture":"#texture"},"west":{"uv":[4,0,16,1],"texture":"#texture"},"east":{"uv":[0,0,12,1],"texture":"#texture"}}},{"from":[4,15.5625,13.875],"to":[12,18.5625,14.375],"rotation":{"origin":[4,18.5625,13.875],"axis":"x","angle":-22.5},"faces":{"down":{"uv":[12,15,4,14],"texture":"#iron_top"},"up":{"uv":[4,14,12,15],"texture":"#iron_top"},"north":{"uv":[4,13,12,16],"texture":"#iron_top"},"south":{"uv":[4,13,12,16],"texture":"#iron_top"},"west":{"uv":[14,13,15,16],"texture":"#iron_top"},"east":{"uv":[1,13,2,16],"texture":"#iron_top"}}},{"from":[5.5,15.9375,14.25],"to":[10.5,17.4375,14.75],"rotation":{"origin":[5.5,17.4375,14.25],"axis":"x","angle":22.5},"faces":{"down":{"uv":[10.5,14.5,5.5,14],"texture":"#brick"},"up":{"uv":[5.5,14,10.5,14.5],"texture":"#brick"},"north":{"uv":[5.5,14.5,10.5,16],"texture":"#brick"},"south":{"uv":[5.5,14.5,10.5,16],"texture":"#brick"},"west":{"uv":[14,14.5,14.5,16],"texture":"#brick"},"east":{"uv":[1.5,14.5,2,16],"texture":"#brick"}}},{"from":[6,15,8],"to":[10,21,9],"rotation":{"origin":[6,21,8],"axis":"x","angle":-22.5},"faces":{"down":{"uv":[10,8.5,6,7.5],"texture":"#texture"},"up":{"uv":[6,7.5,10,8.5],"texture":"#texture"},"north":{"uv":[6,11,10,16],"texture":"#texture"},"south":{"uv":[6,11,10,16],"texture":"#texture"},"west":{"uv":[7.5,11,8.5,16],"texture":"#texture"},"east":{"uv":[7.5,11,8.5,16],"texture":"#texture"}}},{"from":[5,21,4],"to":[11,25,13],"faces":{"down":{"uv":[11,13,5,4],"texture":"#log_acacia_top"},"up":{"uv":[5,4,11,13],"texture":"#log_acacia_top"},"north":{"uv":[5,7,11,11],"texture":"#log_acacia_top"},"south":{"uv":[5,7,11,11],"texture":"#log_acacia_top"},"west":{"uv":[4,7,13,11],"texture":"#log_acacia_top"},"east":{"uv":[3,7,12,11],"texture":"#log_acacia_top"}}},{"from":[6,16,11],"to":[7.5,21,12],"faces":{"down":{"uv":[10,12,8.5,11],"texture":"#texture"},"up":{"uv":[6,11,7.5,12],"texture":"#texture"},"north":{"uv":[8.5,11,10,16],"texture":"#texture"},"south":{"uv":[6,11,7.5,16],"texture":"#texture"},"west":{"uv":[11,11,12,16],"texture":"#texture"},"east":{"uv":[4,11,5,16],"texture":"#texture"}}},{"from":[8.5,16,11],"to":[10,21,12],"faces":{"down":{"uv":[7.5,12,6,11],"texture":"#texture"},"up":{"uv":[8.5,11,10,12],"texture":"#texture"},"north":{"uv":[6,0,7.5,0],"texture":"#texture"},"south":{"uv":[8.5,0,10,0],"texture":"#texture"},"west":{"uv":[11,0,12,0],"texture":"#texture"},"east":{"uv":[4,0,5,0],"texture":"#texture"}}},{"from":[4,22.625,12.25],"to":[12,25.625,15.25],"rotation":{"origin":[4,25.625,12.25],"axis":"x","angle":-22.5},"faces":{"down":{"uv":[13.5,13,5.5,10],"texture":"#log_acacia_top"},"up":{"uv":[4,11,12,14],"texture":"#log_acacia_top"},"north":{"uv":[4,4,12,12],"texture":"#log_acacia_top"},"south":{"uv":[4,4,12,12],"texture":"#log_acacia_top"},"west":{"uv":[10.5,3.5,13.5,11.5],"texture":"#log_acacia_top"},"east":{"uv":[1.5,3.5,4.5,11.5],"texture":"#log_acacia_top"}}},{"from":[3.5,20,13],"to":[6,24,16],"faces":{"down":{"uv":[12.5,14.5,10,11.5],"texture":"#log_acacia_top"},"up":{"uv":[3.5,11.5,6,14.5],"texture":"#log_acacia_top"},"north":{"uv":[10,8,12.5,12],"texture":"#log_acacia_top"},"south":{"uv":[3.5,8,6,12],"texture":"#log_acacia_top"},"west":{"uv":[10,8,13,12],"texture":"#log_acacia_top"},"east":{"uv":[2,8,5,12],"texture":"#log_acacia_top"}}},{"from":[10,20,13],"to":[12.5,24,16],"faces":{"down":{"uv":[6.5,11.5,4,8.5],"texture":"#log_acacia_top"},"up":{"uv":[10,10,12.5,13],"texture":"#log_acacia_top"},"north":{"uv":[3.5,8,6,12],"texture":"#log_acacia_top"},"south":{"uv":[10,8,12.5,12],"texture":"#log_acacia_top"},"west":{"uv":[10.5,7.5,13.5,11.5],"texture":"#log_acacia_top"},"east":{"uv":[3.5,8,6.5,12],"texture":"#log_acacia_top"}}},{"from":[6,20,13],"to":[10,22,16],"faces":{"down":{"uv":[9.5,12,5.5,9],"texture":"#log_acacia_top"},"up":{"uv":[6,12,10,15],"texture":"#log_acacia_top"},"north":{"uv":[6,10,10,12],"texture":"#log_acacia_top"},"south":{"uv":[6,10,10,12],"texture":"#log_acacia_top"},"west":{"uv":[11,10,14,12],"texture":"#log_acacia_top"},"east":{"uv":[3,10,6,12],"texture":"#log_acacia_top"}}},{"from":[6,22,13],"to":[10,24,15],"faces":{"down":{"uv":[13.5,12,9.5,10],"texture":"#log_birch"},"up":{"uv":[9.5,13,13.5,15],"texture":"#log_birch"},"north":{"uv":[9.5,7,13.5,9],"texture":"#log_birch"},"south":{"uv":[9.5,7,13.5,9],"texture":"#log_birch"},"west":{"uv":[7,8,9,10],"texture":"#log_birch"},"east":{"uv":[7,5.5,9,7.5],"texture":"#log_birch"}}},{"from":[5,22.5,6.5],"to":[6,23.5,11],"rotation":{"origin":[5,22.5,6.5],"axis":"y","angle":-22.5},"faces":{"down":{"uv":[11,11,10,6.5],"texture":"#texture"},"up":{"uv":[5,6.5,6,11],"texture":"#texture"},"north":{"uv":[10,0,11,0],"texture":"#texture"},"south":{"uv":[5,0,6,0],"texture":"#texture"},"west":{"uv":[6.5,0,11,0],"texture":"#texture"},"east":{"uv":[5,0,9.5,0],"texture":"#texture"}}},{"from":[10,22.5,6.5],"to":[11,23.5,11],"rotation":{"origin":[10,22.5,6.5],"axis":"y","angle":22.5},"faces":{"down":{"uv":[6,11,5,6.5],"texture":"#texture"},"up":{"uv":[10,6.5,11,11],"texture":"#texture"},"north":{"uv":[5,0,6,0],"texture":"#texture"},"south":{"uv":[10,0,11,0],"texture":"#texture"},"west":{"uv":[6.5,0,11,0],"texture":"#texture"},"east":{"uv":[5,0,9.5,0],"texture":"#texture"}}},{"from":[6,25,1.5],"to":[10,26,4.5],"rotation":{"origin":[6,26,1.5],"axis":"x","angle":22.5},"faces":{"down":{"uv":[16,4,16,1],"texture":"#texture"},"up":{"uv":[0,1,0,4],"texture":"#texture"},"north":{"uv":[16,6,16,7],"texture":"#texture"},"south":{"uv":[0,6,0,7],"texture":"#texture"},"west":{"uv":[1,6,4,7],"texture":"#texture"},"east":{"uv":[12,6,15,7],"texture":"#texture"}}},{"from":[6,20,1.125],"to":[10,21,4.125],"rotation":{"origin":[6,21,1.125],"axis":"x","angle":-22.5},"faces":{"down":{"uv":[16,5,16,2],"texture":"#texture"},"up":{"uv":[0,2,0,5],"texture":"#texture"},"north":{"uv":[16,5,16,6],"texture":"#texture"},"south":{"uv":[0,5,0,6],"texture":"#texture"},"west":{"uv":[2,5,5,6],"texture":"#texture"},"east":{"uv":[11,5,14,6],"texture":"#texture"}}},{"from":[4.0625,21.5,1.5],"to":[5.0625,24.5,6],"rotation":{"origin":[4.0625,21.5,1.5],"axis":"y","angle":22.5},"faces":{"down":{"uv":[11.9375,6,10.9375,1.5],"texture":"#texture"},"up":{"uv":[4.0625,1.5,5.0625,6],"texture":"#texture"},"north":{"uv":[10.9375,0,11.9375,0],"texture":"#texture"},"south":{"uv":[4.0625,0,5.0625,0],"texture":"#texture"},"west":{"uv":[1.5,0,6,0],"texture":"#texture"},"east":{"uv":[10,0,14.5,0],"texture":"#texture"}}},{"from":[11.125,21.5,1.125],"to":[12.125,24.5,5.625],"rotation":{"origin":[11.125,21.5,1.125],"axis":"y","angle":-22.5},"faces":{"down":{"uv":[4.875,5.625,3.875,1.125],"texture":"#texture"},"up":{"uv":[11.125,1.125,12.125,5.625],"texture":"#texture"},"north":{"uv":[3.875,0,4.875,0],"texture":"#texture"},"south":{"uv":[11.125,0,12.125,0],"texture":"#texture"},"west":{"uv":[1.125,0,5.625,0],"texture":"#texture"},"east":{"uv":[10.375,0,14.875,0],"texture":"#texture"}}},{"from":[6.5,24,8.97487],"to":[9.5,27.5,9.97487],"rotation":{"origin":[6.5,27.5,8.97487],"axis":"x","angle":45},"faces":{"down":{"uv":[16,9,16,8],"texture":"#texture"},"up":{"uv":[0,8,0,9],"texture":"#texture"},"north":{"uv":[16,3,16,6.5],"texture":"#texture"},"south":{"uv":[0,3,0,6.5],"texture":"#texture"},"west":{"uv":[8,3,9,6.5],"texture":"#texture"},"east":{"uv":[7,3,8,6.5],"texture":"#texture"}}},{"from":[4.5,25,5],"to":[11.5,25.5,5.5],"faces":{"down":{"uv":[11.5,5.5,4.5,5],"texture":"#metal"},"up":{"uv":[4.5,5,11.5,5.5],"texture":"#metal"},"north":{"uv":[4.5,0,11.5,0],"texture":"#metal"},"south":{"uv":[4.5,0,11.5,0],"texture":"#metal"},"west":{"uv":[5,0,5.5,0],"texture":"#metal"},"east":{"uv":[10.5,0,11,0],"texture":"#metal"}}},{"from":[4.5,20.5,5],"to":[11.5,21,5.5],"faces":{"down":{"uv":[11.5,5.5,4.5,5],"texture":"#metal"},"up":{"uv":[4.5,5,11.5,5.5],"texture":"#metal"},"north":{"uv":[4.5,11,11.5,11.5],"texture":"#metal"},"south":{"uv":[4.5,11,11.5,11.5],"texture":"#metal"},"west":{"uv":[5,11,5.5,11.5],"texture":"#metal"},"east":{"uv":[10.5,11,11,11.5],"texture":"#metal"}}},{"from":[4.5,21,5],"to":[5,25,5.5],"faces":{"down":{"uv":[11.5,5.5,11,5],"texture":"#metal"},"up":{"uv":[4.5,5,5,5.5],"texture":"#metal"},"north":{"uv":[11,0,11.5,0],"texture":"#metal"},"south":{"uv":[4.5,0,5,0],"texture":"#metal"},"west":{"uv":[5,0,5.5,0],"texture":"#metal"},"east":{"uv":[10.5,0,11,0],"texture":"#metal"}}},{"from":[11,21,5],"to":[11.5,25,5.5],"faces":{"down":{"uv":[5,5.5,4.5,5],"texture":"#metal"},"up":{"uv":[11,5,11.5,5.5],"texture":"#metal"},"north":{"uv":[4.5,0,5,0],"texture":"#metal"},"south":{"uv":[11,0,11.5,0],"texture":"#metal"},"west":{"uv":[5,0,5.5,0],"texture":"#metal"},"east":{"uv":[10.5,0,11,0],"texture":"#metal"}}},{"from":[6,22,2.5],"to":[10,24,4.5],"faces":{"down":{"uv":[10,4.5,6,2.5],"texture":"#data_energy"},"up":{"uv":[6,2.5,10,4.5],"texture":"#data_energy"},"north":{"uv":[6,8,10,10],"texture":"#data_energy"},"south":{"uv":[6,8,10,10],"texture":"#data_energy"},"west":{"uv":[2.5,8,4.5,10],"texture":"#data_energy"},"east":{"uv":[11.5,8,13.5,10],"texture":"#data_energy"}}},{"from":[6,25,10.5],"to":[7,26,11.5],"faces":{"down":{"uv":[10,11.5,9,10.5],"texture":"#texture"},"up":{"uv":[6,10.5,7,11.5],"texture":"#texture"},"north":{"uv":[9,0,10,0],"texture":"#texture"},"south":{"uv":[6,0,7,0],"texture":"#texture"},"west":{"uv":[10.5,0,11.5,0],"texture":"#texture"},"east":{"uv":[4.5,0,5.5,0],"texture":"#texture"}}},{"from":[2.5,11,1],"to":[5.5,13,2],"faces":{"down":{"uv":[13.5,2,10.5,1],"texture":"#brick"},"up":{"uv":[2.5,1,5.5,2],"texture":"#brick"},"north":{"uv":[10.5,2.5,13.5,4.5],"texture":"#brick"},"south":{"uv":[2.5,2.5,5.5,4.5],"texture":"#brick"},"west":{"uv":[1,3,2,5],"texture":"#brick"},"east":{"uv":[14,3,15,5],"texture":"#brick"}}}]}