{"textures":{"particle":"custom/chair","texture":"custom/chair","blue wool":"custom/chair_bottom","iron":"custom/iron_top","metal":"custom/metal"},"elements":[{"from":[0,10.75,-0.25],"to":[16.25,12.625,16],"faces":{"down":{"uv":[16,16,0,0],"rotation":90,"texture":"#texture"},"up":{"uv":[0,0,16,16],"rotation":270,"texture":"#texture"},"north":{"uv":[0,3.375,16,5.25],"texture":"#texture"},"south":{"uv":[0,3.375,16,5.25],"texture":"#texture"},"west":{"uv":[0,3.375,16,5.25],"texture":"#texture"},"east":{"uv":[0,3.375,16,5.25],"texture":"#texture"}}},{"from":[1,12.625,1.25],"to":[14.75,13.25,15],"faces":{"up":{"uv":[1.125,1.125,14.875,14.875],"rotation":270,"texture":"#blue wool"},"north":{"uv":[1.125,2.75,14.875,3.375],"texture":"#blue wool"},"south":{"uv":[1.125,2.75,14.875,3.375],"texture":"#blue wool"},"west":{"uv":[1.125,2.75,14.875,3.375],"texture":"#blue wool"},"east":{"uv":[1.125,2.75,14.875,3.375],"texture":"#blue wool"}}},{"from":[6,12.625,14.75],"to":[8.5,17,16],"faces":{"north":{"uv":[7.375,0,9.875,3.375],"texture":"#texture"},"south":{"uv":[6.125,0,8.625,3.375],"texture":"#texture"},"west":{"uv":[14.875,0,16,3.375],"texture":"#texture"},"east":{"uv":[0,0,1.125,3.375],"texture":"#texture"}}},{"from":[6,12.625,-0.25],"to":[8.5,17,1],"faces":{"north":{"uv":[7.375,0,9.875,3.375],"texture":"#texture"},"south":{"uv":[6.125,0,8.625,3.375],"texture":"#texture"},"west":{"uv":[0,0,1.125,3.375],"texture":"#texture"},"east":{"uv":[14.875,0,16,3.375],"texture":"#texture"}}},{"from":[2.5,17,14.5],"to":[13.75,19.5,17],"faces":{"down":{"uv":[16,13.625,14.25,2.375],"rotation":90,"texture":"#iron"},"up":{"uv":[0,2.375,1.75,13.625],"rotation":270,"texture":"#iron"},"north":{"uv":[2.375,0,13.625,0],"texture":"#iron"},"south":{"uv":[2.375,0,13.625,0],"texture":"#iron"},"west":{"uv":[14.25,0,16,0],"texture":"#iron"},"east":{"uv":[0,0,1.75,0],"texture":"#iron"}}},{"from":[2.5,17,-0.5],"to":[13.75,19.5,2],"faces":{"down":{"uv":[1.75,13.625,0,2.375],"rotation":90,"texture":"#iron"},"up":{"uv":[14.25,2.375,16,13.625],"rotation":270,"texture":"#iron"},"north":{"uv":[2.375,0,13.625,0],"texture":"#iron"},"south":{"uv":[2.375,0,13.625,0],"texture":"#iron"},"west":{"uv":[0,0,1.75,0],"texture":"#iron"},"east":{"uv":[14.25,0,16,0],"texture":"#iron"}}},{"from":[-2,12.625,6.25],"to":[0.5,17.625,10],"faces":{"down":{"uv":[9.875,0.5,6.125,0],"rotation":90,"texture":"#texture"},"up":{"uv":[6.125,0,9.875,0.5],"rotation":270,"texture":"#texture"},"north":{"uv":[15.5,0,16,3.375],"texture":"#texture"},"south":{"uv":[0,0,0.5,3.375],"texture":"#texture"},"west":{"uv":[6.125,0,9.875,3.375],"texture":"#texture"},"east":{"uv":[6.125,0,9.875,3.375],"texture":"#texture"}}},{"from":[-1.5,17.625,6.5],"to":[0.375,24.5,9],"faces":{"up":{"uv":[6.75,0,9.25,0.5],"rotation":270,"texture":"#texture"},"north":{"uv":[15.5,0,16,0],"texture":"#texture"},"south":{"uv":[0,0,0.5,0],"texture":"#texture"},"west":{"uv":[6.75,0,9.25,0],"texture":"#texture"},"east":{"uv":[6.75,0,9.25,0],"texture":"#texture"}}},{"from":[0.5,18.625,1.25],"to":[1.75,30.5,15],"faces":{"down":{"uv":[13.5,4,2.5,3.5],"rotation":90,"texture":"#texture"},"up":{"uv":[2.5,3.5,13.5,4],"rotation":270,"texture":"#texture"},"north":{"uv":[12,0,12.5,1],"texture":"#texture"},"south":{"uv":[3.5,0,4,1],"texture":"#texture"},"west":{"uv":[2.5,0,13.5,1],"texture":"#texture"},"east":{"uv":[2.5,0,13.5,1],"texture":"#texture"}}},{"from":[-2,17.625,7.25],"to":[-1.375,20.125,8.5],"faces":{"up":{"uv":[7.375,0,8.625,0],"rotation":270,"texture":"#texture"},"north":{"uv":[16,0,16,0],"texture":"#texture"},"south":{"uv":[0,0,0,0],"texture":"#texture"},"west":{"uv":[7.375,0,8.625,0],"texture":"#texture"},"east":{"uv":[7.375,0,8.625,0],"texture":"#texture"}}},{"from":[5.5,1.5625,6],"to":[9.25,11.5625,10],"faces":{"down":{"uv":[10,9.25,6,5.5],"rotation":90,"texture":"#texture"},"up":{"uv":[6,5.5,10,9.25],"rotation":270,"texture":"#texture"},"north":{"uv":[6.75,4.4375,10.5,14.4375],"texture":"#texture"},"south":{"uv":[5.5,4.4375,9.25,14.4375],"texture":"#texture"},"west":{"uv":[6,4.4375,10,14.4375],"texture":"#texture"},"east":{"uv":[6,4.4375,10,14.4375],"texture":"#texture"}}},{"from":[6,1.875,9.875],"to":[8.5,4.375,15.5],"faces":{"down":{"uv":[15.5,8.625,9.875,6.125],"rotation":90,"texture":"#texture"},"up":{"uv":[0.5,6.125,6.125,8.625],"rotation":270,"texture":"#texture"},"north":{"uv":[7.375,11.625,9.875,14.125],"texture":"#texture"},"south":{"uv":[6.125,11.625,8.625,14.125],"texture":"#texture"},"west":{"uv":[9.875,11.625,15.5,14.125],"texture":"#texture"},"east":{"uv":[0.5,11.625,6.125,14.125],"texture":"#texture"}}},{"from":[6,1.875,0.375],"to":[8.5,4.375,6],"faces":{"down":{"uv":[6.125,8.625,0.5,6.125],"rotation":90,"texture":"#texture"},"up":{"uv":[9.875,6.125,15.5,8.625],"rotation":270,"texture":"#texture"},"north":{"uv":[7.375,11.625,9.875,14.125],"texture":"#texture"},"south":{"uv":[6.125,11.625,8.625,14.125],"texture":"#texture"},"west":{"uv":[0.5,11.625,6.125,14.125],"texture":"#texture"},"east":{"uv":[9.875,11.625,15.5,14.125],"texture":"#texture"}}},{"from":[-0.5,1.875,6.5],"to":[5.75,4.375,9],"faces":{"down":{"uv":[9.25,5.5,6.75,0],"rotation":90,"texture":"#texture"},"up":{"uv":[6.75,0,9.25,5.5],"rotation":270,"texture":"#texture"},"north":{"uv":[10.5,11.625,16,14.125],"texture":"#texture"},"south":{"uv":[0,11.625,5.5,14.125],"texture":"#texture"},"west":{"uv":[6.75,11.625,9.25,14.125],"texture":"#texture"},"east":{"uv":[6.75,11.625,9.25,14.125],"texture":"#texture"}}},{"from":[9.5,1.875,7],"to":[15.75,4.375,9.5],"faces":{"down":{"uv":[9.25,15.5,6.75,9.25],"rotation":90,"texture":"#texture"},"up":{"uv":[6.75,9.25,9.25,15.5],"rotation":270,"texture":"#texture"},"north":{"uv":[0.5,11.625,6.75,14.125],"texture":"#texture"},"south":{"uv":[9.25,11.625,15.5,14.125],"texture":"#texture"},"west":{"uv":[6.75,11.625,9.25,14.125],"texture":"#texture"},"east":{"uv":[6.75,11.625,9.25,14.125],"texture":"#texture"}}},{"from":[6.5,0,13.125],"to":[8.375,1.875,15],"faces":{"down":{"uv":[13.5,8.25,12,6.75],"rotation":90,"texture":"#metal"},"north":{"uv":[7.75,14.5,9.25,16],"texture":"#metal"},"south":{"uv":[6.75,14.5,8.25,16],"texture":"#metal"},"west":{"uv":[12,14.5,13.5,16],"texture":"#metal"},"east":{"uv":[2.5,14.5,4,16],"texture":"#metal"}}},{"from":[6.5,0,1.125],"to":[8.375,1.875,3],"faces":{"down":{"uv":[3,8.39063,1.125,6.51563],"rotation":90,"texture":"#metal"},"north":{"uv":[7.60938,14.125,9.48438,16],"texture":"#metal"},"south":{"uv":[6.51563,14.125,8.39063,16],"texture":"#metal"},"west":{"uv":[1.125,14.125,3,16],"texture":"#metal"},"east":{"uv":[13,14.125,14.875,16],"texture":"#metal"}}},{"from":[13,0,7.625],"to":[14.875,1.875,9.5],"rotation":{"origin":[13,0,7.625],"axis":"y","angle":22.5},"faces":{"down":{"uv":[8.75,13.5,7.25,12],"rotation":90,"texture":"#metal"},"north":{"uv":[2.5,14.5,4,16],"texture":"#metal"},"south":{"uv":[12,14.5,13.5,16],"texture":"#metal"},"west":{"uv":[7.25,14.5,8.75,16],"texture":"#metal"},"east":{"uv":[7.25,14.5,8.75,16],"texture":"#metal"}}},{"from":[0,-0.078125,7.125],"to":[1.875,1.79688,9],"faces":{"down":{"uv":[8.9375,1.75,7.0625,0],"rotation":90,"texture":"#metal"},"up":{"uv":[7.0625,0,8.9375,1.75],"rotation":270,"texture":"#metal"},"north":{"uv":[14.25,14.2031,16,16],"texture":"#metal"},"south":{"uv":[0,14.2031,1.75,16],"texture":"#metal"},"west":{"uv":[7.0625,14.2031,8.9375,16],"texture":"#metal"},"east":{"uv":[7.0625,14.2031,8.9375,16],"texture":"#metal"}}}]}