{"textures":{"particle":"custom/iron_top","texture":"custom/iron_top"},"elements":[{"from":[1,13,-1],"to":[15,16,17],"faces":{"down":{"uv":[0,0,16,16],"rotation":90,"texture":"#texture"},"up":{"uv":[0,0,16,16],"rotation":270,"texture":"#texture","cullface":"up"},"north":{"uv":[0,0,16,3],"texture":"#texture"},"south":{"uv":[0,0,16,3],"texture":"#texture"}}},{"from":[0,8,0],"to":[16,13,2],"faces":{"down":{"uv":[14,0,16,16],"rotation":90,"texture":"#particle"},"north":{"uv":[0,3,16,8],"texture":"#particle"},"south":{"uv":[0,3,16,8],"texture":"#particle"}}},{"from":[0,8,1],"to":[16,9,12.5],"faces":{"down":{"uv":[3.5,0,15,16],"rotation":90,"texture":"#texture"},"up":{"uv":[3.5,0,15,16],"rotation":270,"texture":"#texture"},"north":{"uv":[0,7,16,8],"texture":"#texture"},"south":{"uv":[0,7,16,8],"texture":"#texture"}}}]}