{"textures":{"particle":"custom/chair","texture":"custom/chair","blue wool":"custom/chair_bottom","iron":"custom/iron_top","metal":"custom/metal"},"elements":[{"from":[-0.25,10.75,0],"to":[16,12.625,16.25],"faces":{"down":{"uv":[16,16,0,0],"rotation":270,"texture":"#texture"},"up":{"uv":[0,0,16,16],"rotation":90,"texture":"#texture"},"north":{"uv":[0,3.375,16,5.25],"texture":"#texture","cullface":"north"},"south":{"uv":[0,3.375,16,5.25],"texture":"#texture"},"west":{"uv":[0,3.375,16,5.25],"texture":"#texture"},"east":{"uv":[0,3.375,16,5.25],"texture":"#texture","cullface":"east"}}},{"from":[1.25,12.625,1],"to":[15,13.25,14.75],"faces":{"up":{"uv":[1.125,1.125,14.875,14.875],"rotation":90,"texture":"#blue wool"},"north":{"uv":[1.125,2.75,14.875,3.375],"texture":"#blue wool"},"south":{"uv":[1.125,2.75,14.875,3.375],"texture":"#blue wool"},"west":{"uv":[1.125,2.75,14.875,3.375],"texture":"#blue wool"},"east":{"uv":[1.125,2.75,14.875,3.375],"texture":"#blue wool"}}},{"from":[7.5,12.625,0],"to":[10,17,1.25],"faces":{"north":{"uv":[6.125,0,8.625,3.375],"texture":"#texture","cullface":"up"},"south":{"uv":[7.375,0,9.875,3.375],"texture":"#texture","cullface":"up"},"west":{"uv":[0,0,1.125,3.375],"texture":"#texture","cullface":"up"},"east":{"uv":[14.875,0,16,3.375],"texture":"#texture","cullface":"up"}}},{"from":[7.5,12.625,15],"to":[10,17,16.25],"faces":{"north":{"uv":[6.125,0,8.625,3.375],"texture":"#texture","cullface":"south"},"south":{"uv":[7.375,0,9.875,3.375],"texture":"#texture","cullface":"south"},"west":{"uv":[14.875,0,16,3.375],"texture":"#texture","cullface":"south"},"east":{"uv":[0,0,1.125,3.375],"texture":"#texture","cullface":"south"}}},{"from":[2.25,17,-0.5],"to":[13.5,19.5,2],"faces":{"down":{"uv":[16,13.625,14.25,2.375],"rotation":270,"texture":"#iron","cullface":"north"},"up":{"uv":[0,2.375,1.75,13.625],"rotation":90,"texture":"#iron","cullface":"north"},"north":{"uv":[2.375,0,13.625,0],"texture":"#iron","cullface":"north"},"south":{"uv":[2.375,0,13.625,0],"texture":"#iron","cullface":"north"},"west":{"uv":[0,0,1.75,0],"texture":"#iron","cullface":"north"},"east":{"uv":[14.25,0,16,0],"texture":"#iron","cullface":"north"}}},{"from":[2.25,17,14.5],"to":[13.5,19.5,17],"faces":{"down":{"uv":[1.75,13.625,0,2.375],"rotation":270,"texture":"#iron","cullface":"south"},"up":{"uv":[14.25,2.375,16,13.625],"rotation":90,"texture":"#iron","cullface":"south"},"north":{"uv":[2.375,0,13.625,0],"texture":"#iron","cullface":"south"},"south":{"uv":[2.375,0,13.625,0],"texture":"#iron","cullface":"south"},"west":{"uv":[14.25,0,16,0],"texture":"#iron","cullface":"south"},"east":{"uv":[0,0,1.75,0],"texture":"#iron","cullface":"south"}}},{"from":[15.5,12.625,6],"to":[18,17.625,9.75],"faces":{"down":{"uv":[9.875,0.5,6.125,0],"rotation":270,"texture":"#texture","cullface":"east"},"up":{"uv":[6.125,0,9.875,0.5],"rotation":90,"texture":"#texture","cullface":"east"},"north":{"uv":[0,0,0.5,3.375],"texture":"#texture","cullface":"east"},"south":{"uv":[15.5,0,16,3.375],"texture":"#texture","cullface":"east"},"west":{"uv":[6.125,0,9.875,3.375],"texture":"#texture","cullface":"east"},"east":{"uv":[6.125,0,9.875,3.375],"texture":"#texture","cullface":"east"}}},{"from":[15.625,17.625,7],"to":[17.5,24.5,9.5],"faces":{"up":{"uv":[6.75,0,9.25,0.5],"rotation":90,"texture":"#texture","cullface":"east"},"north":{"uv":[0,0,0.5,0],"texture":"#texture","cullface":"east"},"south":{"uv":[15.5,0,16,0],"texture":"#texture","cullface":"east"},"west":{"uv":[6.75,0,9.25,0],"texture":"#texture","cullface":"east"},"east":{"uv":[6.75,0,9.25,0],"texture":"#texture","cullface":"east"}}},{"from":[14.25,18.625,1],"to":[15.5,30.5,14.75],"faces":{"down":{"uv":[13.5,4,2.5,3.5],"rotation":270,"texture":"#texture","cullface":"up"},"up":{"uv":[2.5,3.5,13.5,4],"rotation":90,"texture":"#texture","cullface":"up"},"north":{"uv":[3.5,0,4,1],"texture":"#texture","cullface":"up"},"south":{"uv":[12,0,12.5,1],"texture":"#texture","cullface":"up"},"west":{"uv":[2.5,0,13.5,1],"texture":"#texture","cullface":"up"},"east":{"uv":[2.5,0,13.5,1],"texture":"#texture","cullface":"up"}}},{"from":[17.375,17.625,7.5],"to":[18,20.125,8.75],"faces":{"up":{"uv":[7.375,0,8.625,0],"rotation":90,"texture":"#texture","cullface":"east"},"north":{"uv":[0,0,0,0],"texture":"#texture","cullface":"east"},"south":{"uv":[16,0,16,0],"texture":"#texture","cullface":"east"},"west":{"uv":[7.375,0,8.625,0],"texture":"#texture","cullface":"east"},"east":{"uv":[7.375,0,8.625,0],"texture":"#texture","cullface":"east"}}},{"from":[6.75,1.5625,6],"to":[10.5,11.5625,10],"faces":{"down":{"uv":[10,9.25,6,5.5],"rotation":270,"texture":"#texture"},"up":{"uv":[6,5.5,10,9.25],"rotation":90,"texture":"#texture"},"north":{"uv":[5.5,4.4375,9.25,14.4375],"texture":"#texture"},"south":{"uv":[6.75,4.4375,10.5,14.4375],"texture":"#texture"},"west":{"uv":[6,4.4375,10,14.4375],"texture":"#texture"},"east":{"uv":[6,4.4375,10,14.4375],"texture":"#texture"}}},{"from":[7.5,1.875,0.5],"to":[10,4.375,6.125],"faces":{"down":{"uv":[15.5,8.625,9.875,6.125],"rotation":270,"texture":"#texture"},"up":{"uv":[0.5,6.125,6.125,8.625],"rotation":90,"texture":"#texture"},"north":{"uv":[6.125,11.625,8.625,14.125],"texture":"#texture"},"south":{"uv":[7.375,11.625,9.875,14.125],"texture":"#texture"},"west":{"uv":[0.5,11.625,6.125,14.125],"texture":"#texture"},"east":{"uv":[9.875,11.625,15.5,14.125],"texture":"#texture"}}},{"from":[7.5,1.875,10],"to":[10,4.375,15.625],"faces":{"down":{"uv":[6.125,8.625,0.5,6.125],"rotation":270,"texture":"#texture"},"up":{"uv":[9.875,6.125,15.5,8.625],"rotation":90,"texture":"#texture"},"south":{"uv":[7.375,11.625,9.875,14.125],"texture":"#texture"},"west":{"uv":[9.875,11.625,15.5,14.125],"texture":"#texture"},"east":{"uv":[0.5,11.625,6.125,14.125],"texture":"#texture"}}},{"from":[10.75,1.875,7],"to":[17,4.375,9.5],"faces":{"down":{"uv":[9.25,5.5,6.75,0],"rotation":270,"texture":"#texture","cullface":"east"},"up":{"uv":[6.75,0,9.25,5.5],"rotation":90,"texture":"#texture","cullface":"east"},"north":{"uv":[0,11.625,5.5,14.125],"texture":"#texture","cullface":"east"},"south":{"uv":[10.5,11.625,16,14.125],"texture":"#texture","cullface":"east"},"west":{"uv":[6.75,11.625,9.25,14.125],"texture":"#texture","cullface":"east"},"east":{"uv":[6.75,11.625,9.25,14.125],"texture":"#texture","cullface":"east"}}},{"from":[0.75,1.875,7],"to":[7,4.375,9.5],"faces":{"down":{"uv":[9.25,15.5,6.75,9.25],"rotation":270,"texture":"#texture"},"up":{"uv":[6.75,9.25,9.25,15.5],"rotation":90,"texture":"#texture"},"north":{"uv":[9.25,11.625,15.5,14.125],"texture":"#texture"},"south":{"uv":[0.5,11.625,6.75,14.125],"texture":"#texture"},"west":{"uv":[6.75,11.625,9.25,14.125],"texture":"#texture"},"east":{"uv":[6.75,11.625,9.25,14.125],"texture":"#texture"}}},{"from":[7.625,0,1],"to":[9.5,1.875,2.875],"faces":{"down":{"uv":[13.5,8.25,12,6.75],"rotation":270,"texture":"#metal","cullface":"down"},"north":{"uv":[6.75,14.5,8.25,16],"texture":"#metal"},"south":{"uv":[7.75,14.5,9.25,16],"texture":"#metal"},"west":{"uv":[2.5,14.5,4,16],"texture":"#metal"},"east":{"uv":[12,14.5,13.5,16],"texture":"#metal"}}},{"from":[7.625,0,13],"to":[9.5,1.875,14.875],"faces":{"down":{"uv":[3,8.39063,1.125,6.51563],"rotation":270,"texture":"#metal","cullface":"down"},"north":{"uv":[6.51563,14.125,8.39063,16],"texture":"#metal"},"south":{"uv":[7.60938,14.125,9.48438,16],"texture":"#metal"},"west":{"uv":[13,14.125,14.875,16],"texture":"#metal"},"east":{"uv":[1.125,14.125,3,16],"texture":"#metal"}}},{"from":[1.125,0,7],"to":[3,1.875,8.875],"rotation":{"origin":[1.125,0,7],"axis":"y","angle":22.5},"faces":{"down":{"uv":[8.75,13.5,7.25,12],"rotation":270,"texture":"#metal","cullface":"down"},"north":{"uv":[12,14.5,13.5,16],"texture":"#metal"},"south":{"uv":[2.5,14.5,4,16],"texture":"#metal"},"west":{"uv":[7.25,14.5,8.75,16],"texture":"#metal"},"east":{"uv":[7.25,14.5,8.75,16],"texture":"#metal"}}},{"from":[14.125,-0.078125,7],"to":[16,1.79688,8.875],"faces":{"down":{"uv":[8.9375,1.75,7.0625,0],"rotation":270,"texture":"#metal","cullface":"down"},"up":{"uv":[7.0625,0,8.9375,1.75],"rotation":90,"texture":"#metal","cullface":"down"},"north":{"uv":[0,14.2031,1.75,16],"texture":"#metal","cullface":"down"},"south":{"uv":[14.25,14.2031,16,16],"texture":"#metal","cullface":"down"},"west":{"uv":[7.0625,14.2031,8.9375,16],"texture":"#metal","cullface":"down"},"east":{"uv":[7.0625,14.2031,8.9375,16],"texture":"#metal","cullface":"down"}}}]}