{"textures":{"particle":"custom/iron_top","texture":"custom/iron_top"},"elements":[{"from":[-1,13,1],"to":[17,16,15],"faces":{"down":{"uv":[0,0,16,16],"texture":"#texture"},"up":{"uv":[0,0,16,16],"texture":"#texture","cullface":"up"},"west":{"uv":[0,0,16,3],"texture":"#texture","cullface":"west"},"east":{"uv":[0,0,16,3],"texture":"#texture"}}},{"from":[14,8,0],"to":[16,13,16],"faces":{"down":{"uv":[14,0,16,16],"texture":"#particle"},"west":{"uv":[0,3,16,8],"texture":"#particle"},"east":{"uv":[0,3,16,8],"texture":"#particle","cullface":"east"}}},{"from":[3.5,8,0],"to":[15,9,16],"faces":{"down":{"uv":[3.5,0,15,16],"texture":"#texture"},"up":{"uv":[3.5,0,15,16],"texture":"#texture"},"west":{"uv":[0,7,16,8],"texture":"#texture"},"east":{"uv":[0,7,16,8],"texture":"#texture"}}}]}