{"textures":{"particle":"blocks/glowstone","texture":"blocks/glowstone","border":"blocks/planks_oak"},"elements":[{"from":[1,0,1],"to":[15,16,15],"faces":{"down":{"uv":[15,15,1,1],"texture":"#texture","cullface":"down"},"up":{"uv":[1,1,15,15],"texture":"#texture","cullface":"up"},"north":{"uv":[1,0,15,16],"texture":"#texture"},"south":{"uv":[1,0,15,16],"texture":"#texture"},"west":{"uv":[1,0,15,16],"texture":"#texture"},"east":{"uv":[1,0,15,16],"texture":"#texture"}}},{"from":[0,0,0],"to":[1,16,1],"faces":{"down":{"uv":[16,1,15,0],"texture":"#border"},"up":{"uv":[0,0,1,1],"texture":"#border"},"north":{"uv":[15,0,16,16],"texture":"#border"},"south":{"uv":[0,0,1,16],"texture":"#border"},"west":{"uv":[0,0,1,16],"texture":"#border"},"east":{"uv":[15,0,16,16],"texture":"#border"}}},{"from":[15,0,0],"to":[16,16,1],"faces":{"down":{"uv":[1,1,0,0],"texture":"#border"},"up":{"uv":[15,0,16,1],"texture":"#border"},"north":{"uv":[0,0,1,16],"texture":"#border"},"south":{"uv":[15,0,16,16],"texture":"#border"},"west":{"uv":[0,0,1,16],"texture":"#border"},"east":{"uv":[15,0,16,16],"texture":"#border"}}},{"from":[0,0,15],"to":[1,16,16],"faces":{"down":{"uv":[16,16,15,15],"texture":"#border"},"up":{"uv":[0,15,1,16],"texture":"#border"},"north":{"uv":[15,0,16,16],"texture":"#border"},"south":{"uv":[0,0,1,16],"texture":"#border"},"west":{"uv":[15,0,16,16],"texture":"#border"},"east":{"uv":[0,0,1,16],"texture":"#border"}}},{"from":[15,0,15],"to":[16,16,16],"faces":{"down":{"uv":[1,16,0,15],"texture":"#border"},"up":{"uv":[15,15,16,16],"texture":"#border"},"north":{"uv":[0,0,1,16],"texture":"#border"},"south":{"uv":[15,0,16,16],"texture":"#border"},"west":{"uv":[15,0,16,16],"texture":"#border"},"east":{"uv":[0,0,1,16],"texture":"#border"}}}]}