{"textures":{"particle":"custom/dark_iron","texture":"custom/dark_iron","iron_top":"custom/iron_top","screen4":"custom/screen4"},"elements":[{"from":[6,-1,1],"to":[7,9,15],"rotation":{"origin":[6,9,1],"axis":"z","angle":-22.5},"faces":{"down":{"uv":[15,5,1,4],"rotation":270,"texture":"#texture"},"up":{"uv":[1,4,15,5],"rotation":90,"texture":"#texture"},"north":{"uv":[4,0,5,10],"texture":"#texture"},"south":{"uv":[11,0,12,10],"texture":"#texture"},"west":{"uv":[1,0,15,10],"texture":"#texture"},"east":{"uv":[1,0,15,10],"texture":"#texture"}}},{"from":[5.1875,-0.625,6],"to":[6.1875,6.375,10],"rotation":{"origin":[5.1875,6.375,6],"axis":"z","angle":22.5},"faces":{"down":{"uv":[10,10.5,6,9.5],"rotation":270,"texture":"#texture"},"up":{"uv":[6,9.5,10,10.5],"rotation":90,"texture":"#texture"},"north":{"uv":[9.5,9,10.5,16],"texture":"#texture"},"south":{"uv":[5.5,9,6.5,16],"texture":"#texture"},"west":{"uv":[6,9,10,16],"texture":"#texture"},"east":{"uv":[6,9,10,16],"texture":"#texture"}}},{"from":[4.5,0,2],"to":[12,0.5,14],"faces":{"down":{"uv":[16,11,16,4],"rotation":270,"texture":"#texture"},"up":{"uv":[0,4,0,11],"rotation":90,"texture":"#texture"},"north":{"uv":[4,15,11,16],"texture":"#texture"},"south":{"uv":[5,15,12,16],"texture":"#texture"},"west":{"uv":[0,15,0,16],"texture":"#texture"},"east":{"uv":[16,15,16,16],"texture":"#texture"}}},{"from":[5.625,0.9375,1.8125],"to":[6.625,8.4375,13.8125],"rotation":{"origin":[5.625,8.4375,1.8125],"axis":"z","angle":-22.5},"faces":{"down":{"uv":[14,9,2,8],"rotation":270,"texture":"#screen4"},"up":{"uv":[2,8,14,9],"rotation":90,"texture":"#screen4"},"north":{"uv":[8,7.5,9,15],"texture":"#screen4"},"south":{"uv":[7,7.5,8,15],"texture":"#screen4"},"west":{"uv":[0,0,16,11.5],"texture":"#screen4"},"east":{"uv":[0,0,16,11.5],"texture":"#screen4"}}},{"from":[2.5,0,7.5],"to":[3.5,1,8.5],"rotation":{"origin":[2.5,1,7.5],"axis":"z","angle":-22.5},"faces":{"down":{"uv":[16,5,16,4],"rotation":270,"texture":"#iron_top"},"up":{"uv":[0,4,0,5],"rotation":90,"texture":"#iron_top"},"north":{"uv":[4,1,5,2],"texture":"#iron_top"},"south":{"uv":[11,1,12,2],"texture":"#iron_top"},"west":{"uv":[0,1,0,2],"texture":"#iron_top"},"east":{"uv":[16,1,16,2],"texture":"#iron_top"}}},{"from":[6.3125,8.625,2],"to":[6.8125,9.125,2.5],"rotation":{"origin":[6.3125,9.125,2],"axis":"z","angle":-22.5},"faces":{"down":{"uv":[10,2.5,9.5,2],"texture":"#iron_top"},"up":{"uv":[6,2,6.5,2.5],"texture":"#iron_top"},"north":{"uv":[9.5,6.75,10,7.25],"texture":"#iron_top"},"south":{"uv":[6,6.75,6.5,7.25],"texture":"#iron_top"},"west":{"uv":[2,6.75,2.5,7.25],"texture":"#iron_top"},"east":{"uv":[13.5,6.75,14,7.25],"texture":"#iron_top"}}}]}