{"textures":{"cable":"custom/cable","particle":"custom/cable"},"elements":[{"from":[7.5,0,8],"to":[8.5,1,16],"faces":{"down":{"uv":[16,8.5,0,7.5],"rotation":270,"texture":"#cable"},"up":{"uv":[0,7.5,16,8.5],"rotation":90,"texture":"#cable"},"north":{"uv":[7.5,15,8.5,16],"texture":"#cable"},"south":{"uv":[7.5,15,8.5,16],"texture":"#cable"},"west":{"uv":[0,15,16,16],"texture":"#cable"},"east":{"uv":[0,15,16,16],"texture":"#cable"}}},{"from":[7.5,0,7.5],"to":[16,1,8.5],"faces":{"down":{"uv":[8.5,8.5,0,7.5],"texture":"#cable"},"up":{"uv":[7.5,7.5,16,8.5],"texture":"#cable"},"north":{"uv":[0,15,8.5,16],"texture":"#cable"},"south":{"uv":[7.5,15,16,16],"texture":"#cable"},"west":{"uv":[7.5,15,8.5,16],"texture":"#cable"},"east":{"uv":[7.5,15,8.5,16],"texture":"#cable"}}}]}