{"textures":{"particle":"custom/metal","texture":"custom/iron_top","iron":"custom/iron","iron_top":"custom/iron_top","dark_iron":"custom/dark_iron"},"elements":[{"from":[0,0,0],"to":[16,13,16],"faces":{"down":{"uv":[0,0,16,16],"texture":"#iron","cullface":"down"},"north":{"uv":[0,0,16,16],"texture":"#iron","cullface":"north"},"south":{"uv":[0,0,16,16],"texture":"#iron","cullface":"south"},"west":{"uv":[0,0,16,16],"texture":"#iron","cullface":"west"},"east":{"uv":[0,0,16,16],"texture":"#iron","cullface":"east"}}},{"from":[-1.5,7.5,4],"to":[-0.5,11.5,12],"faces":{"down":{"uv":[-1,4,0,12],"texture":"#iron_top","cullface":"west"},"up":{"uv":[0,4,1,12],"texture":"#iron_top","cullface":"west"},"north":{"uv":[0,3.5,1,7.5],"texture":"#iron_top","cullface":"west"},"south":{"uv":[0,3.5,1,7.5],"texture":"#iron_top","cullface":"west"},"west":{"uv":[4,3.5,12,7.5],"texture":"#iron_top","cullface":"west"},"east":{"uv":[4,3.5,12,7.5],"texture":"#iron_top","cullface":"west"}}},{"from":[-0.5,8,4.5],"to":[0,11,11.5],"faces":{"down":{"uv":[-0.5,-11.5,0,-4.5],"texture":"#dark_iron","cullface":"west"},"up":{"uv":[0,0,0.5,7],"texture":"#dark_iron","cullface":"west"},"north":{"uv":[0,4,0.5,7],"texture":"#dark_iron","cullface":"west"},"south":{"uv":[0,4,0.5,7],"texture":"#dark_iron","cullface":"west"}}},{"from":[-3,9,5],"to":[-1.5,10,6],"faces":{"down":{"uv":[-3,-11,-1.5,-10],"texture":"#dark_iron","cullface":"west"},"up":{"uv":[0,0,1.5,1],"texture":"#dark_iron","cullface":"west"},"north":{"uv":[0,5,1.5,6],"texture":"#dark_iron","cullface":"west"},"south":{"uv":[0,5,1.5,6],"texture":"#dark_iron","cullface":"west"},"west":{"uv":[0,5,1,6],"texture":"#dark_iron","cullface":"west"}}},{"from":[-3,9,10],"to":[-1.5,10,11],"faces":{"down":{"uv":[-3,-6,-1.5,-5],"texture":"#dark_iron","cullface":"west"},"up":{"uv":[0,0,1.5,1],"texture":"#dark_iron","cullface":"west"},"north":{"uv":[0,5,1.5,6],"texture":"#dark_iron","cullface":"west"},"south":{"uv":[0,5,1.5,6],"texture":"#dark_iron","cullface":"west"},"west":{"uv":[0,5,1,6],"texture":"#dark_iron","cullface":"west"}}},{"from":[-3,9,6],"to":[-2,10,10],"faces":{"down":{"uv":[-3,-10,-2,-6],"texture":"#dark_iron","cullface":"west"},"up":{"uv":[0,0,1,4],"texture":"#dark_iron","cullface":"west"},"west":{"uv":[0,5,4,6],"texture":"#dark_iron","cullface":"west"},"east":{"uv":[0,5,4,6],"texture":"#dark_iron","cullface":"west"}}},{"from":[-1,13,-1],"to":[17,16,17],"faces":{"up":{"uv":[0,0,16,16],"texture":"#texture","cullface":"up"},"north":{"uv":[0,0,16,3],"texture":"#texture","cullface":"north"},"south":{"uv":[0,0,16,3],"texture":"#texture","cullface":"south"},"west":{"uv":[0,0,16,3],"texture":"#texture","cullface":"west"},"east":{"uv":[0,0,16,3],"texture":"#texture","cullface":"east"}}}]}