{"textures":{"particle":"custom/chair","texture":"custom/chair","glass_silver":"blocks/glass_silver","red":"custom/red","brown":"custom/brown"},"elements":[{"from":[3,6,0.5],"to":[7,10,1.5],"faces":{"down":{"uv":[13,1.5,9,0.5],"texture":"#glass_silver"},"up":{"uv":[3,0.5,7,1.5],"texture":"#glass_silver"},"north":{"uv":[9,6,13,10],"texture":"#glass_silver"},"south":{"uv":[3,6,7,10],"texture":"#glass_silver"},"west":{"uv":[0.5,6,1.5,10],"texture":"#glass_silver"},"east":{"uv":[14.5,6,15.5,10],"texture":"#glass_silver"}}},{"from":[1,8.5,1],"to":[3,9.5,2],"faces":{"down":{"uv":[15,2,13,1],"texture":"#texture"},"up":{"uv":[1,1,3,2],"texture":"#texture"},"north":{"uv":[13,6.5,15,7.5],"texture":"#texture"},"south":{"uv":[1,6.5,3,7.5],"texture":"#texture"},"west":{"uv":[1,6.5,2,7.5],"texture":"#texture"},"east":{"uv":[14,6.5,15,7.5],"texture":"#texture"}}},{"from":[6,12.5,1],"to":[15,13.5,2],"faces":{"down":{"uv":[10,2,1,1],"texture":"#texture"},"up":{"uv":[6,1,15,2],"texture":"#texture"},"north":{"uv":[1,2.5,10,3.5],"texture":"#texture"},"south":{"uv":[6,2.5,15,3.5],"texture":"#texture"},"west":{"uv":[1,2.5,2,3.5],"texture":"#texture"},"east":{"uv":[14,2.5,15,3.5],"texture":"#texture"}}},{"from":[14,12.5,2],"to":[15,13.5,14],"faces":{"down":{"uv":[2,14,1,2],"texture":"#texture"},"up":{"uv":[14,2,15,14],"texture":"#texture"},"north":{"uv":[1,2.5,2,3.5],"texture":"#texture"},"south":{"uv":[14,2.5,15,3.5],"texture":"#texture"},"west":{"uv":[2,2.5,14,3.5],"texture":"#texture"},"east":{"uv":[2,2.5,14,3.5],"texture":"#texture"}}},{"from":[1,12.5,1],"to":[6,13.5,2],"faces":{"down":{"uv":[15,2,10,1],"texture":"#texture"},"up":{"uv":[1,1,6,2],"texture":"#texture"},"north":{"uv":[10,2.5,15,3.5],"texture":"#texture"},"south":{"uv":[1,2.5,6,3.5],"texture":"#texture"},"west":{"uv":[1,2.5,2,3.5],"texture":"#texture"},"east":{"uv":[14,2.5,15,3.5],"texture":"#texture"}}},{"from":[1,12.5,2],"to":[2,13.5,14],"faces":{"down":{"uv":[15,14,14,2],"texture":"#texture"},"up":{"uv":[1,2,2,14],"texture":"#texture"},"north":{"uv":[14,2.5,15,3.5],"texture":"#texture"},"south":{"uv":[1,2.5,2,3.5],"texture":"#texture"},"west":{"uv":[2,2.5,14,3.5],"texture":"#texture"},"east":{"uv":[2,2.5,14,3.5],"texture":"#texture"}}},{"from":[1,12.5,14],"to":[15,13.5,15],"faces":{"down":{"uv":[15,15,1,14],"texture":"#texture"},"up":{"uv":[1,14,15,15],"texture":"#texture"},"north":{"uv":[1,2.5,15,3.5],"texture":"#texture"},"south":{"uv":[1,2.5,15,3.5],"texture":"#texture"},"west":{"uv":[14,2.5,15,3.5],"texture":"#texture"},"east":{"uv":[1,2.5,2,3.5],"texture":"#texture"}}},{"from":[1,13.1875,-0.4375],"to":[2,14.1875,1.5625],"rotation":{"origin":[1,14.1875,-0.4375],"axis":"x","angle":22.5},"faces":{"down":{"uv":[15,1,14,0],"texture":"#texture"},"up":{"uv":[1,0,2,1],"texture":"#texture"},"north":{"uv":[14,2.5,15,3.5],"texture":"#texture"},"south":{"uv":[1,2.5,2,3.5],"texture":"#texture"},"west":{"uv":[0,2.5,1,3.5],"texture":"#texture"},"east":{"uv":[15,2.5,16,3.5],"texture":"#texture"}}},{"from":[1,13.375,-0.875],"to":[2,14.375,-0.375],"rotation":{"origin":[1,14.375,-0.875],"axis":"x","angle":22.5},"faces":{"down":{"uv":[15,0,14,0],"texture":"#red"},"up":{"uv":[1,0,2,0],"texture":"#red"},"north":{"uv":[14,2.5,15,3.5],"texture":"#red"},"south":{"uv":[1,2.5,2,3.5],"texture":"#red"},"west":{"uv":[0,2.5,0,3.5],"texture":"#red"},"east":{"uv":[16,2.5,16,3.5],"texture":"#red"}}},{"from":[7.5,14,1],"to":[8.5,15,15],"faces":{"down":{"uv":[8.5,15,7.5,1],"texture":"#texture"},"up":{"uv":[7.5,1,8.5,15],"texture":"#texture"},"north":{"uv":[7.5,1,8.5,2],"texture":"#texture"},"south":{"uv":[7.5,1,8.5,2],"texture":"#texture"},"west":{"uv":[1,1,15,2],"texture":"#texture"},"east":{"uv":[1,1,15,2],"texture":"#texture"}}},{"from":[1,14,7.5],"to":[15,15,8.5],"faces":{"down":{"uv":[15,8.5,1,7.5],"texture":"#texture"},"up":{"uv":[1,7.5,15,8.5],"texture":"#texture"},"north":{"uv":[1,1,15,2],"texture":"#texture"},"south":{"uv":[1,1,15,2],"texture":"#texture"},"west":{"uv":[7.5,1,8.5,2],"texture":"#texture"},"east":{"uv":[7.5,1,8.5,2],"texture":"#texture"}}},{"from":[1,13.5,7.5],"to":[2,14.5,8.5],"faces":{"down":{"uv":[15,8.5,14,7.5],"texture":"#texture"},"up":{"uv":[1,7.5,2,8.5],"texture":"#texture"},"north":{"uv":[14,1.5,15,2.5],"texture":"#texture"},"south":{"uv":[1,1.5,2,2.5],"texture":"#texture"},"west":{"uv":[7.5,1.5,8.5,2.5],"texture":"#texture"},"east":{"uv":[7.5,1.5,8.5,2.5],"texture":"#texture"}}},{"from":[14,13.5,7.5],"to":[15,14.5,8.5],"faces":{"down":{"uv":[2,8.5,1,7.5],"texture":"#texture"},"up":{"uv":[14,7.5,15,8.5],"texture":"#texture"},"north":{"uv":[1,1.5,2,2.5],"texture":"#texture"},"south":{"uv":[14,1.5,15,2.5],"texture":"#texture"},"west":{"uv":[7.5,1.5,8.5,2.5],"texture":"#texture"},"east":{"uv":[7.5,1.5,8.5,2.5],"texture":"#texture"}}},{"from":[7.5,13.5,1],"to":[8.5,14.5,2],"faces":{"down":{"uv":[8.5,2,7.5,1],"texture":"#texture"},"up":{"uv":[7.5,1,8.5,2],"texture":"#texture"},"north":{"uv":[7.5,1.5,8.5,2.5],"texture":"#texture"},"south":{"uv":[7.5,1.5,8.5,2.5],"texture":"#texture"},"west":{"uv":[1,1.5,2,2.5],"texture":"#texture"},"east":{"uv":[14,1.5,15,2.5],"texture":"#texture"}}},{"from":[7.5,13.5,14],"to":[8.5,14.5,15],"faces":{"down":{"uv":[8.5,15,7.5,14],"texture":"#texture"},"up":{"uv":[7.5,14,8.5,15],"texture":"#texture"},"north":{"uv":[7.5,1.5,8.5,2.5],"texture":"#texture"},"south":{"uv":[7.5,1.5,8.5,2.5],"texture":"#texture"},"west":{"uv":[14,1.5,15,2.5],"texture":"#texture"},"east":{"uv":[1,1.5,2,2.5],"texture":"#texture"}}},{"from":[1,8.5,2],"to":[2,9.5,8.5],"faces":{"down":{"uv":[15,8.5,14,2],"texture":"#texture"},"up":{"uv":[1,2,2,8.5],"texture":"#texture"},"north":{"uv":[14,6.5,15,7.5],"texture":"#texture"},"south":{"uv":[1,6.5,2,7.5],"texture":"#texture"},"west":{"uv":[2,6.5,8.5,7.5],"texture":"#texture"},"east":{"uv":[7.5,6.5,14,7.5],"texture":"#texture"}}},{"from":[1,9.5,7.5],"to":[2,12.5,8.5],"faces":{"down":{"uv":[15,8.5,14,7.5],"texture":"#texture"},"up":{"uv":[1,7.5,2,8.5],"texture":"#texture"},"north":{"uv":[14,3.5,15,6.5],"texture":"#texture"},"south":{"uv":[1,3.5,2,6.5],"texture":"#texture"},"west":{"uv":[7.5,3.5,8.5,6.5],"texture":"#texture"},"east":{"uv":[7.5,3.5,8.5,6.5],"texture":"#texture"}}},{"from":[14.5,13.5,14.5],"to":[15,17.5,15],"faces":{"down":{"uv":[1.5,15,1,14.5],"texture":"#brown"},"up":{"uv":[14.5,14.5,15,15],"texture":"#brown"},"north":{"uv":[1,0,1.5,2.5],"texture":"#brown"},"south":{"uv":[14.5,0,15,2.5],"texture":"#brown"},"west":{"uv":[14.5,0,15,2.5],"texture":"#brown"},"east":{"uv":[1,0,1.5,2.5],"texture":"#brown"}}}]}