{"textures":{"particle":"custom/paper","texture":"custom/paper","black iron":"custom/iron_top"},"elements":[{"from":[0,9,3],"to":[0.5,15,13],"faces":{"down":{"uv":[16,13,15.5,3],"texture":"#black iron"},"up":{"uv":[0,3,0.5,13],"texture":"#black iron"},"north":{"uv":[15.5,1,16,7],"texture":"#black iron"},"south":{"uv":[0,1,0.5,7],"texture":"#black iron"},"west":{"uv":[3,1,13,7],"texture":"#black iron"},"east":{"uv":[3,1,13,7],"texture":"#black iron"}}},{"from":[0.5,13,7],"to":[3,14.5,9],"faces":{"down":{"uv":[15.5,9,13,7],"texture":"#black iron"},"up":{"uv":[0.5,7,3,9],"texture":"#black iron"},"north":{"uv":[13,1.5,15.5,3],"texture":"#black iron"},"south":{"uv":[0.5,1.5,3,3],"texture":"#black iron"},"west":{"uv":[7,1.5,9,3],"texture":"#black iron"},"east":{"uv":[7,1.5,9,3],"texture":"#black iron"}}},{"from":[3,13.5,5],"to":[3.5,14,11],"faces":{"down":{"uv":[13,11,12.5,5],"texture":"#black iron"},"up":{"uv":[3,5,3.5,11],"texture":"#black iron"},"north":{"uv":[12.5,2,13,2.5],"texture":"#black iron"},"south":{"uv":[3,2,3.5,2.5],"texture":"#black iron"},"west":{"uv":[5,2,11,2.5],"texture":"#black iron"},"east":{"uv":[5,2,11,2.5],"texture":"#black iron"}}},{"from":[3,10.5,5],"to":[3.5,13.5,5.5],"faces":{"down":{"uv":[13,5.5,12.5,5],"texture":"#black iron"},"up":{"uv":[3,5,3.5,5.5],"texture":"#black iron"},"north":{"uv":[12.5,2.5,13,5.5],"texture":"#black iron"},"south":{"uv":[3,2.5,3.5,5.5],"texture":"#black iron"},"west":{"uv":[5,2.5,5.5,5.5],"texture":"#black iron"},"east":{"uv":[10.5,2.5,11,5.5],"texture":"#black iron"}}},{"from":[3,10.5,10.5],"to":[3.5,13.5,11],"faces":{"down":{"uv":[13,11,12.5,10.5],"texture":"#black iron"},"up":{"uv":[3,10.5,3.5,11],"texture":"#black iron"},"north":{"uv":[12.5,2.5,13,5.5],"texture":"#black iron"},"south":{"uv":[3,2.5,3.5,5.5],"texture":"#black iron"},"west":{"uv":[10.5,2.5,11,5.5],"texture":"#black iron"},"east":{"uv":[5,2.5,5.5,5.5],"texture":"#black iron"}}},{"from":[3,10.5,5.5],"to":[3.5,11,10.5],"faces":{"down":{"uv":[13,10.5,12.5,5.5],"texture":"#black iron"},"up":{"uv":[3,5.5,3.5,10.5],"texture":"#black iron"},"north":{"uv":[12.5,5,13,5.5],"texture":"#black iron"},"south":{"uv":[3,5,3.5,5.5],"texture":"#black iron"},"west":{"uv":[5.5,5,10.5,5.5],"texture":"#black iron"},"east":{"uv":[5.5,5,10.5,5.5],"texture":"#black iron"}}},{"from":[1.5,11,5.5],"to":[5,12,10.5],"faces":{"down":{"uv":[14.5,10.5,11,5.5],"texture":"#texture"},"up":{"uv":[1.5,5.5,5,10.5],"texture":"#texture"},"north":{"uv":[11,4,14.5,5],"texture":"#texture"},"south":{"uv":[1.5,4,5,5],"texture":"#texture"},"west":{"uv":[5.5,4,10.5,5],"texture":"#texture"},"east":{"uv":[5.5,4,10.5,5],"texture":"#texture"}}},{"from":[3.5,10,5.5],"to":[5,11,10.5],"faces":{"down":{"uv":[12.5,10.5,11,5.5],"texture":"#texture"},"up":{"uv":[3.5,5.5,5,10.5],"texture":"#texture"},"north":{"uv":[11,5,12.5,6],"texture":"#texture"},"south":{"uv":[3.5,5,5,6],"texture":"#texture"},"west":{"uv":[5.5,5,10.5,6],"texture":"#texture"},"east":{"uv":[5.5,5,10.5,6],"texture":"#texture"}}},{"from":[1.5,10,5.5],"to":[3,11,10.5],"faces":{"down":{"uv":[14.5,10.5,13,5.5],"texture":"#texture"},"up":{"uv":[1.5,5.5,3,10.5],"texture":"#texture"},"north":{"uv":[13,5,14.5,6],"texture":"#texture"},"south":{"uv":[1.5,5,3,6],"texture":"#texture"},"west":{"uv":[5.5,5,10.5,6],"texture":"#texture"},"east":{"uv":[5.5,5,10.5,6],"texture":"#texture"}}},{"from":[1.5,9,5.5],"to":[5,10,10.5],"faces":{"down":{"uv":[14.5,10.5,11,5.5],"texture":"#texture"},"up":{"uv":[1.5,5.5,5,10.5],"texture":"#texture"},"north":{"uv":[11,6,14.5,7],"texture":"#texture"},"south":{"uv":[1.5,6,5,7],"texture":"#texture"},"west":{"uv":[5.5,6,10.5,7],"texture":"#texture"},"east":{"uv":[5.5,6,10.5,7],"texture":"#texture"}}},{"from":[4.9375,7.5,5.5],"to":[5,9,10.5],"faces":{"down":{"uv":[11.0625,10.5,11,5.5],"texture":"#texture"},"up":{"uv":[4.9375,5.5,5,10.5],"texture":"#texture"},"north":{"uv":[11,7,11.0625,8.5],"texture":"#texture"},"south":{"uv":[4.9375,7,5,8.5],"texture":"#texture"},"west":{"uv":[5.5,7,10.5,8.5],"texture":"#texture"},"east":{"uv":[5.5,7,10.5,8.5],"texture":"#texture"}}}]}