{
    "variants": {
        "extended=false,facing=down": { "model": "coal_block" },
        "extended=false,facing=up": { "model": "slope_middle", "y": 180  },
        "extended=false,facing=north": { "model": "slope_small", "y": 180 },
        "extended=false,facing=south": { "model": "slope_small", "x": 180 },
        "extended=false,facing=west": { "model": "slope_big", "x": 180 },
        "extended=false,facing=east": { "model": "slope_big", "y": 180 },
        "extended=true,facing=down": { "model": "piston_extended_normal", "x": 90 },
        "extended=true,facing=up": { "model": "piston_extended_normal", "x": 270 },
        "extended=true,facing=north": { "model": "piston_extended_normal" },
        "extended=true,facing=south": { "model": "piston_extended_normal", "y": 180 },
        "extended=true,facing=west": { "model": "piston_extended_normal", "y": 270 },
        "extended=true,facing=east": { "model": "piston_extended_normal", "y": 90 }
    }
}
