{
    "variants": {
        "facing=east,half=bottom,shape=straight":  { "model": "spruce_stairs_hexagon_1"},
        "facing=west,half=bottom,shape=straight":  { "model": "spruce_stairs_hexagon_2"},
        "facing=south,half=bottom,shape=straight": { "model": "spruce_stairs_hexagon_3"},
        "facing=north,half=bottom,shape=straight": { "model": "spruce_stairs_hexagon_4"},
        "facing=east,half=bottom,shape=outer_right":  { "model": "spruce_outer_stairs" },
        "facing=west,half=bottom,shape=outer_right":  { "model": "spruce_outer_stairs", "y": 180, "uvlock": true },
        "facing=south,half=bottom,shape=outer_right": { "model": "spruce_outer_stairs", "y": 90, "uvlock": true },
        "facing=north,half=bottom,shape=outer_right": { "model": "spruce_outer_stairs", "y": 270, "uvlock": true },
        "facing=east,half=bottom,shape=outer_left":  { "model": "spruce_outer_stairs", "y": 270, "uvlock": true },
        "facing=west,half=bottom,shape=outer_left":  { "model": "spruce_outer_stairs", "y": 90, "uvlock": true },
        "facing=south,half=bottom,shape=outer_left": { "model": "spruce_outer_stairs" },
        "facing=north,half=bottom,shape=outer_left": { "model": "spruce_outer_stairs", "y": 180, "uvlock": true },
        "facing=east,half=bottom,shape=inner_right":  { "model": "spruce_inner_stairs" },
        "facing=west,half=bottom,shape=inner_right":  { "model": "spruce_inner_stairs", "y": 180, "uvlock": true },
        "facing=south,half=bottom,shape=inner_right": { "model": "spruce_inner_stairs", "y": 90, "uvlock": true },
        "facing=north,half=bottom,shape=inner_right": { "model": "spruce_inner_stairs", "y": 270, "uvlock": true },
        "facing=east,half=bottom,shape=inner_left":  { "model": "spruce_inner_stairs", "y": 270, "uvlock": true },
        "facing=west,half=bottom,shape=inner_left":  { "model": "spruce_inner_stairs", "y": 90, "uvlock": true },
        "facing=south,half=bottom,shape=inner_left": { "model": "spruce_inner_stairs" },
        "facing=north,half=bottom,shape=inner_left": { "model": "spruce_inner_stairs", "y": 180, "uvlock": true },
        "facing=east,half=top,shape=straight":  { "model": "spruce_stairs_hexagon_5"},
        "facing=west,half=top,shape=straight":  { "model": "spruce_stairs_hexagon_6"},
        "facing=south,half=top,shape=straight": { "model": "spruce_stairs_hexagon_7"},
        "facing=north,half=top,shape=straight": { "model": "spruce_stairs_hexagon_8"},
        "facing=east,half=top,shape=outer_right":  { "model": "spruce_outer_stairs", "x": 180, "y": 90, "uvlock": true },
        "facing=west,half=top,shape=outer_right":  { "model": "spruce_outer_stairs", "x": 180, "y": 270, "uvlock": true },
        "facing=south,half=top,shape=outer_right": { "model": "spruce_outer_stairs", "x": 180, "y": 180, "uvlock": true },
        "facing=north,half=top,shape=outer_right": { "model": "spruce_outer_stairs", "x": 180, "uvlock": true },
        "facing=east,half=top,shape=outer_left":  { "model": "spruce_outer_stairs", "x": 180, "uvlock": true },
        "facing=west,half=top,shape=outer_left":  { "model": "spruce_outer_stairs", "x": 180, "y": 180, "uvlock": true },
        "facing=south,half=top,shape=outer_left": { "model": "spruce_outer_stairs", "x": 180, "y": 90, "uvlock": true },
        "facing=north,half=top,shape=outer_left": { "model": "spruce_outer_stairs", "x": 180, "y": 270, "uvlock": true },
        "facing=east,half=top,shape=inner_right":  { "model": "spruce_inner_stairs", "x": 180, "y": 90, "uvlock": true },
        "facing=west,half=top,shape=inner_right":  { "model": "spruce_inner_stairs", "x": 180, "y": 270, "uvlock": true },
        "facing=south,half=top,shape=inner_right": { "model": "spruce_inner_stairs", "x": 180, "y": 180, "uvlock": true },
        "facing=north,half=top,shape=inner_right": { "model": "spruce_inner_stairs", "x": 180, "uvlock": true },
        "facing=east,half=top,shape=inner_left":  { "model": "spruce_inner_stairs", "x": 180, "uvlock": true },
        "facing=west,half=top,shape=inner_left":  { "model": "spruce_inner_stairs", "x": 180, "y": 180, "uvlock": true },
        "facing=south,half=top,shape=inner_left": { "model": "spruce_inner_stairs", "x": 180, "y": 90, "uvlock": true },
        "facing=north,half=top,shape=inner_left": { "model": "spruce_inner_stairs", "x": 180, "y": 270, "uvlock": true }
    }
}
