{
	"credit": "Made with Blockbench, a free, modern block model editor by JannisX11",
	"textures": {
		"1": "blocks/sign",
		"2": "blocks/gold_block",
		"particle": "blocks/gold_block"
	},
	"elements": [
		{
			"name": "cube",
			"from": [0, 0, 0],
			"to": [16, 16, 16],
			"faces": {
				"north": {"uv": [0, 0, 16, 16], "texture": "#2"},
				"east": {"uv": [0, 0, 16, 16], "texture": "#2"},
				"south": {"uv": [0, 0, 16, 16], "texture": "#2"},
				"west": {"uv": [0, 0, 16, 16], "texture": "#2"},
				"up": {"uv": [0, 0, 16, 16], "texture": "#2"},
				"down": {"uv": [0, 0, 16, 16], "texture": "#2"}
			}
		},
		{
			"name": "cube",
			"from": [16, 4.5, 0],
			"to": [17.6, 12.5, 16],
			"faces": {
				"north": {
					"uv": [0, 0.5, 0.5, 3.5],
					"texture": "#1"
				},
				"east": {
					"uv": [0.5, 0.5, 6.5, 3.5],
					"texture": "#1"
				},
				"south": {
					"uv": [0, 0.5, 0.5, 3.5],
					"texture": "#1"
				},
				"west": {
					"uv": [6.5, 0.5, 12.5, 3.5],
					"texture": "#1"
				},
				"up": {
					"uv": [0.5, 0, 6.5, 0.5],
					"texture": "#1",
					"rotation": 270
				},
				"down": {
					"uv": [6.5, 0, 12.5, 0.5],
					"texture": "#1",
					"rotation": 270
				}
			}
		}
	],
	"display": {
		"thirdperson_righthand": {
			"scale": [1, 1, 1],
			"rotation": [0, 0, 0]
		}
	}
}