{
	"credit": "Made with Blockbench, a free, modern block model editor made by JannisX11",
	"parent": "block/cube_all",
	"textures": {
		"all": "blocks/water_still",
		"side": "blocks/notexture"
	},
	"elements": [
		{
			"name": "cube",
			"from": [0, 0, 0],
			"to": [16, 14, 16],
			"shade": true,
			"faces": {
				"north": {"uv": [0, 0, 16, 14], "texture": "#side"},
				"east": {"uv": [0, 0, 16, 14], "texture": "#side"},
				"south": {"uv": [0, 0, 16, 14], "texture": "#side"},
				"west": {"uv": [0, 0, 16, 14], "texture": "#side"},
				"up": {"uv": [0, 0, 16, 16], "texture": "#all"},
				"down": {"uv": [0, 0, 16, 16], "texture": "#all"}
			}
		}
	]
}