{
	"credit": "Made with Blockbench, a free, modern block model editor made by JannisX11",
	"parent": "block/grass",
	"textures": {"top": "blocks/grass_top"},
	"elements": [
		{
			"name": "cube",
			"from": [0, 0, 0],
			"to": [16, 15.9, 16],
			"shade": true,
			"faces": {
				"north": {
					"uv": [0, 0, 16, 15.9],
					"texture": "#top",
					"cullface": "north"
				},
				"east": {
					"uv": [0, 0, 16, 15.9],
					"texture": "#top",
					"cullface": "east"
				},
				"south": {
					"uv": [0, 0, 16, 15.9],
					"texture": "#top",
					"cullface": "south"
				},
				"west": {
					"uv": [0, 0, 16, 15.9],
					"texture": "#top",
					"cullface": "west"
				},
				"up": {"uv": [0, 0, 16, 16], "texture": "#top"},
				"down": {"uv": [0, 0, 16, 16], "texture": "#top"}
			}
		}
	]
}