{
	"credit": "Made with Blockbench, a free, modern block model editor made by JannisX11",
	"parent": "block/cube_all",
	"textures": {
		"0": "blocks/dirt",
		"1": "blocks/stone",
		"particle": "blocks/dirt"
	},
	"elements": [
		{
			"name": "cube",
			"from": [0, 0, 0],
			"to": [16, 15, 16],
			"shade": true,
			"faces": {
				"north": {
					"uv": [0, 1, 16, 16],
					"texture": "#0",
					"cullface": "north"
				},
				"east": {
					"uv": [0, 1, 16, 16],
					"texture": "#0",
					"cullface": "east"
				},
				"south": {
					"uv": [0, 1, 16, 16],
					"texture": "#0",
					"cullface": "south"
				},
				"west": {
					"uv": [0, 1, 16, 16],
					"texture": "#0",
					"cullface": "west"
				},
				"up": {
					"uv": [0, 0, 16, 16],
					"texture": "#0",
					"cullface": "up"
				},
				"down": {
					"uv": [0, 0, 16, 16],
					"texture": "#0",
					"cullface": "down"
				}
			}
		},
		{
			"name": "cube",
			"from": [0, 15, 0],
			"to": [16, 19, 16],
			"shade": true,
			"faces": {
				"north": {
					"uv": [0, 0, 16, 4],
					"texture": "#1",
					"cullface": "north"
				},
				"east": {
					"uv": [0, 0, 16, 4],
					"texture": "#1",
					"cullface": "east"
				},
				"south": {
					"uv": [0, 0, 16, 4],
					"texture": "#1",
					"cullface": "south"
				},
				"west": {
					"uv": [0, 0, 16, 4],
					"texture": "#1",
					"cullface": "west"
				},
				"up": {
					"uv": [0, 0, 16, 16],
					"texture": "#1",
					"cullface": "up"
				},
				"down": {
					"uv": [0, 0, 16, 16],
					"texture": "#1",
					"cullface": "down"
				}
			}
		}
	]
}