{
	"credit": "Made with Blockbench, a free, modern block model editor made by JannisX11",
	"parent": "block/cube_all",
	"textures": {"0": "blocks/ytile", "1": "blocks/dirt"},
	"elements": [
		{
			"name": "Cube",
			"from": [0, 32, 0],
			"to": [16, 32, 16],
			"shade": true,
			"faces": {
				"north": {
					"uv": [0, 0, 16, 1.1000000014901161],
					"texture": "#0"
				},
				"east": {
					"uv": [0, 0, 16, 1.1000000014901161],
					"texture": "#0"
				},
				"south": {
					"uv": [0, 0, 16, 1.1000000014901161],
					"texture": "#0"
				},
				"west": {
					"uv": [0, 0, 16, 1.1000000014901161],
					"texture": "#0"
				},
				"up": {"uv": [0, 0, 16, 16], "texture": "#0"},
				"down": {"uv": [0, 0, 16, 16], "texture": "#0"}
			}
		},
		{
			"name": "cube",
			"from": [0, 0, 0],
			"to": [16, 16, 16],
			"shade": true,
			"faces": {
				"north": {
					"uv": [0, 0, 16, 16],
					"texture": "#1",
					"cullface": "north"
				},
				"east": {
					"uv": [0, 0, 16, 16],
					"texture": "#1",
					"cullface": "east"
				},
				"south": {
					"uv": [0, 0, 16, 16],
					"texture": "#1",
					"cullface": "south"
				},
				"west": {
					"uv": [0, 0, 16, 16],
					"texture": "#1",
					"cullface": "west"
				},
				"up": {
					"uv": [0, 0, 16, 16],
					"texture": "#1",
					"cullface": "up"
				},
				"down": {
					"uv": [0, 0, 16, 16],
					"texture": "#1",
					"cullface": "down"
				}
			}
		}
	]
}