{
	"credit": "Made with Blockbench, a free, modern block model editor by JannisX11",
	"textures": {
		"0": "blocks/diamond_block",
		"1": "blocks/sign",
		"particle": "blocks/diamond_block"
	},
	"elements": [
		{
			"name": "cube",
			"from": [0, 0, 0],
			"to": [16, 16, 16],
			"faces": {
				"north": {"uv": [0, 0, 16, 16], "texture": "#0"},
				"east": {"uv": [0, 0, 16, 16], "texture": "#0"},
				"south": {"uv": [0, 0, 16, 16], "texture": "#0"},
				"west": {"uv": [0, 0, 16, 16], "texture": "#0"},
				"up": {"uv": [0, 0, 16, 16], "texture": "#0"},
				"down": {"uv": [0, 0, 16, 16], "texture": "#0"}
			}
		},
		{
			"name": "cube",
			"from": [-1.6000000000000014, 4.5, 0],
			"to": [0, 12.5, 16],
			"faces": {
				"north": {
					"uv": [0, 0.5, 0.5, 3.5],
					"texture": "#1"
				},
				"east": {
					"uv": [6.5, 0.5, 12.5, 3.5],
					"texture": "#1"
				},
				"south": {
					"uv": [0, 0.5, 0.5, 3.5],
					"texture": "#1"
				},
				"west": {
					"uv": [0.5, 0.5, 6.5, 3.5],
					"texture": "#1"
				},
				"up": {
					"uv": [0.5, 0, 6.5, 0.5],
					"texture": "#1",
					"rotation": 90
				},
				"down": {
					"uv": [6.5, 0, 12.5, 0.5],
					"texture": "#1",
					"rotation": 90
				}
			}
		}
	],
	"display": {
		"thirdperson_righthand": {
			"scale": [1, 1, 1],
			"rotation": [0, 0, 0]
		}
	}
}