{
	"credit": "Made with Blockbench, a free, modern block model editor made by JannisX11",
	"textures": {
		"0": "blocks/iron_block",
		"particle": "blocks/iron_block"
	},
	"elements": [
		{
			"name": "cube",
			"from": [4, 0, 4],
			"to": [12, 12, 12],
			"shade": true,
			"faces": {
				"north": {"uv": [0, 0, 8, 12], "texture": "#0"},
				"east": {"uv": [0, 0, 8, 12], "texture": "#0"},
				"south": {"uv": [0, 0, 8, 12], "texture": "#0"},
				"west": {"uv": [0, 0, 8, 12], "texture": "#0"},
				"up": {"uv": [0, 0, 16, 16], "texture": "#0"},
				"down": {"uv": [0, 0, 16, 16], "texture": "#0"}
			}
		},
		{
			"name": "cube",
			"from": [12, 0, 5],
			"to": [16, 11, 11],
			"shade": true,
			"faces": {
				"north": {"uv": [0, 0, 4, 11], "texture": "#0"},
				"east": {"uv": [0, 0, 16, 11], "texture": "#0"},
				"south": {"uv": [12, 0, 16, 11], "texture": "#0"},
				"west": {"uv": [0, 0, 16, 11], "texture": "#0"},
				"up": {"uv": [12, 0, 16, 16], "texture": "#0"},
				"down": {"uv": [12, 0, 16, 16], "texture": "#0"}
			}
		},
		{
			"name": "cube",
			"from": [5, 0, 12],
			"to": [11, 11, 16],
			"shade": true,
			"faces": {
				"north": {"uv": [0, 0, 16, 11], "texture": "#0"},
				"east": {"uv": [0, 0, 4, 11], "texture": "#0"},
				"south": {"uv": [0, 0, 16, 11], "texture": "#0"},
				"west": {"uv": [12, 0, 16, 11], "texture": "#0"},
				"up": {"uv": [0, 12, 16, 16], "texture": "#0"},
				"down": {"uv": [0, 0, 16, 4], "texture": "#0"}
			}
		},
		{
			"name": "cube",
			"from": [5, 0, 0],
			"to": [11, 11, 4],
			"shade": true,
			"faces": {
				"north": {"uv": [0, 0, 16, 11], "texture": "#0"},
				"east": {"uv": [12, 0, 16, 11], "texture": "#0"},
				"south": {"uv": [0, 0, 16, 11], "texture": "#0"},
				"west": {"uv": [0, 0, 4, 11], "texture": "#0"},
				"up": {"uv": [0, 0, 16, 4], "texture": "#0"},
				"down": {"uv": [0, 12, 16, 16], "texture": "#0"}
			}
		}
	],
	"ambientocclusion": false
}