{
    "custom.steamengine": {
        "sounds": [
            {
                "name": "custom/steamengine",
                "stream":"true"
            }
        ]
    },
    "custom.miner": {
        "sounds": [
            {
                "name": "custom/miner",
                "stream":"true"
            }
        ]
    },
    "custom.rocketlaunch": {
        "sounds": [
            {
                "name": "custom/rocketlaunch",
                "stream":"true"
            }
        ]
    },
    "custom.deadlylaser": {
        "sounds": [
            {
                "name": "custom/deadlylaser",
                "stream":"true"
            }
        ]
    },
    "custom.alert": {
        "sounds": [
            {
                "name": "custom/alert",
                "stream":"true"
            }
        ]
    }
}